ID_SUJETO,EDAD,SEXO,CARRERA,ANO_ACADEMICO,USO_IA_FREQ,EYA_01,EYA_02,EYA_03,EYA_04,EYA_05,EYA_06,EYA_07,EYA_08,EYA_09,EYA_10,EYA_11,EYA_12,EYA_13,EYA_14,EYA_15,EYA_16,EYA_17,EYA_18,EYA_19,EYA_20,EYA_21,EYA_22,EYA_23,EYA_24,EYA_25,EYA_26,EYA_27,EYA_28,RT_TOTAL_MS,FLAG_RAPIDEZ,IMC_CONTROL
DEMO5K-0001,34,2,2,1,4,4,4,1,5,1,1,4,2,3,1,1,3,2,3,1,3,3,1,2,1,1,3,2,3,3,1,2,3,580567,0,1
DEMO5K-0002,30,2,3,2,1,3,5,2,4,2,4,4,3,2,3,3,3,2,4,1,4,3,1,4,3,3,2,3,3,3,1,3,2,486772,0,1
DEMO5K-0003,21,1,2,5,4,2,4,5,3,5,4,4,5,2,2,3,2,2,3,1,2,2,4,4,2,3,3,3,3,1,3,1,2,669344,0,1
DEMO5K-0004,32,2,3,1,4,5,3,2,4,4,3,3,5,4,2,4,3,5,4,4,3,2,2,3,3,3,3,4,3,3,2,3,4,314266,0,0
DEMO5K-0005,19,1,2,1,3,5,4,4,3,2,2,4,4,4,4,4,3,5,2,1,3,5,3,3,3,3,2,1,2,4,3,2,3,458593,0,1
DEMO5K-0006,32,2,3,2,1,1,4,5,1,3,4,5,4,3,3,3,5,4,4,1,3,3,5,4,4,4,5,5,5,5,5,5,5,578951,0,1
DEMO5K-0007,24,1,2,5,4,4,3,2,4,2,3,2,2,2,2,2,1,2,2,1,1,1,1,1,1,1,2,2,1,1,2,3,1,596464,0,1
DEMO5K-0008,24,1,3,3,1,4,3,3,2,3,2,2,2,3,2,2,1,2,1,1,3,3,2,3,2,3,3,3,2,3,4,3,3,594971,0,1
DEMO5K-0009,18,1,1,4,2,4,3,3,3,3,3,2,5,4,2,2,4,3,3,1,2,2,3,3,2,3,1,3,2,2,2,2,3,617539,0,1
DEMO5K-0010,24,2,3,2,3,1,3,2,2,2,2,3,3,4,4,3,3,3,3,1,3,2,2,3,2,2,2,3,2,3,4,4,2,661323,0,1
DEMO5K-0011,30,2,3,1,3,3,2,4,1,3,4,5,3,5,2,3,2,1,1,1,4,4,3,4,2,4,5,1,2,5,5,1,5,358339,0,1
DEMO5K-0012,23,1,3,5,1,4,4,3,3,3,4,3,3,5,5,4,3,3,4,1,3,5,1,4,2,5,3,3,3,2,4,4,5,340855,0,1
DEMO5K-0013,33,2,3,4,3,3,3,4,3,4,4,4,3,4,4,3,3,3,3,2,4,5,5,4,5,4,3,5,3,4,3,4,4,411377,0,0
DEMO5K-0014,25,1,3,5,1,4,2,4,2,2,3,4,4,5,4,3,5,4,4,1,3,2,4,4,2,3,2,3,3,2,1,1,1,316703,0,1
DEMO5K-0015,22,2,2,4,4,5,3,3,4,3,1,3,4,3,3,5,3,2,3,1,3,4,2,4,4,4,5,3,3,4,5,1,4,571858,0,1
DEMO5K-0016,31,1,1,2,3,3,3,2,2,4,2,3,3,3,2,3,3,3,3,1,4,3,3,3,3,3,4,4,4,1,5,3,4,471264,0,1
DEMO5K-0017,34,2,1,4,2,1,2,3,4,2,4,3,5,5,5,4,5,5,4,1,3,4,4,3,3,4,3,2,2,3,4,2,2,406070,0,1
DEMO5K-0018,34,1,3,5,4,2,3,2,4,3,2,2,4,4,4,4,4,4,4,1,5,5,5,5,5,2,4,3,2,2,2,4,3,683139,0,1
DEMO5K-0019,21,2,3,4,4,1,5,5,2,5,3,5,5,5,5,3,5,3,4,1,4,4,3,5,3,3,5,4,4,4,5,3,4,580809,0,1
DEMO5K-0020,34,1,3,3,3,3,3,3,4,5,4,4,3,4,4,1,4,5,1,1,3,3,3,3,4,1,3,3,4,1,5,4,4,66452,1,1
DEMO5K-0021,31,2,2,2,2,3,5,3,4,3,5,4,2,3,1,3,3,4,1,1,3,1,2,3,4,1,3,4,4,2,3,2,2,375477,0,1
DEMO5K-0022,32,2,3,5,3,4,3,3,3,1,3,2,2,4,4,3,3,3,3,1,2,2,3,2,2,3,1,2,1,1,1,1,2,491737,0,1
DEMO5K-0023,32,1,3,2,1,2,3,2,1,2,4,3,3,2,2,1,2,3,3,1,3,2,3,3,2,3,5,2,3,5,3,5,4,662919,0,1
DEMO5K-0024,35,2,1,2,3,5,1,1,5,1,2,1,4,3,1,2,2,3,2,1,3,3,1,2,3,2,2,1,2,3,2,3,1,418687,0,1
DEMO5K-0025,19,2,2,2,3,3,5,4,2,2,4,4,3,1,2,1,1,1,1,1,3,4,3,4,2,3,3,2,2,3,3,2,3,634272,0,1
DEMO5K-0026,31,2,3,1,4,2,5,5,2,5,4,3,4,3,4,3,4,4,3,1,2,3,2,2,4,3,3,3,2,2,2,2,2,61991,1,1
DEMO5K-0027,18,2,3,5,4,3,2,1,3,3,1,3,2,4,1,2,2,3,2,1,3,3,4,4,3,3,1,3,2,1,1,3,1,587417,0,1
DEMO5K-0028,22,2,2,3,4,4,2,2,5,2,4,3,2,2,1,2,1,3,1,1,4,3,2,3,2,3,2,5,3,4,2,4,1,663863,0,1
DEMO5K-0029,20,2,3,3,2,3,5,3,1,3,5,5,3,5,5,2,5,4,4,1,2,3,3,2,2,2,2,3,2,2,1,3,3,440795,0,1
DEMO5K-0030,25,1,3,2,3,3,3,2,4,4,3,3,4,4,5,4,4,3,3,1,4,1,5,4,3,2,4,2,4,4,2,4,3,45559,1,1
DEMO5K-0031,20,1,3,1,3,2,2,4,3,4,3,3,3,1,4,3,4,4,3,1,3,3,4,1,4,3,3,5,3,3,5,4,2,335999,0,1
DEMO5K-0032,33,2,1,4,3,1,4,5,3,4,2,5,3,2,2,3,2,5,3,1,5,4,2,3,4,5,3,4,3,3,4,3,4,301116,0,1
DEMO5K-0033,18,2,2,4,2,3,4,4,3,3,4,3,5,5,3,2,4,5,5,1,3,5,5,5,5,4,5,5,5,5,4,4,3,467775,0,1
DEMO5K-0034,27,2,1,5,3,3,4,5,2,4,4,5,4,3,4,3,5,2,5,1,1,3,2,5,3,2,4,3,3,5,4,5,4,694829,0,1
DEMO5K-0035,28,1,3,3,3,1,4,3,4,2,2,4,4,4,5,4,3,2,3,1,5,4,2,2,3,4,2,2,3,2,2,4,3,348662,0,1
DEMO5K-0036,24,2,2,5,4,5,2,3,3,1,2,2,3,2,4,2,2,4,2,1,1,3,1,3,1,4,2,1,3,1,3,1,3,694760,0,1
DEMO5K-0037,23,2,3,5,4,3,3,4,5,1,3,4,1,1,3,1,3,3,2,1,2,2,2,4,4,3,3,3,4,1,1,2,1,374972,0,1
DEMO5K-0038,28,2,3,5,3,1,2,3,2,4,4,3,4,3,5,3,5,3,3,1,4,3,3,5,2,5,3,4,3,4,3,4,4,613312,0,1
DEMO5K-0039,21,1,1,3,3,4,2,1,5,1,2,1,3,3,3,3,3,2,2,1,2,3,3,3,1,1,4,3,1,4,1,2,2,690854,0,1
DEMO5K-0040,27,2,3,3,3,4,4,2,4,4,4,3,4,5,3,3,3,4,3,1,2,2,1,3,1,1,5,5,4,5,5,4,5,603088,0,1
DEMO5K-0041,31,1,2,4,2,4,1,3,4,2,3,3,4,5,2,4,5,5,4,1,2,3,4,2,1,3,2,1,2,3,2,1,1,388664,0,1
DEMO5K-0042,17,2,3,3,2,4,3,1,3,3,5,2,1,1,2,1,2,2,3,1,2,3,2,3,1,3,3,2,3,1,2,4,1,393803,0,1
DEMO5K-0043,20,2,3,3,3,3,3,3,4,3,2,2,3,3,4,2,4,4,3,1,3,2,1,4,4,3,2,4,3,2,3,2,5,567429,0,1
DEMO5K-0044,21,1,2,3,4,2,3,4,2,3,3,3,2,2,1,2,3,3,5,1,1,4,1,3,3,3,2,3,3,2,1,1,2,572399,0,1
DEMO5K-0045,33,1,2,4,2,3,3,3,1,4,3,4,1,1,1,1,1,1,1,1,3,2,4,3,3,4,2,1,4,2,1,2,1,578411,0,1
DEMO5K-0046,25,1,1,1,2,3,4,3,2,5,4,3,3,3,3,3,4,3,3,1,3,4,4,5,5,3,3,4,3,1,3,2,2,592307,0,1
DEMO5K-0047,21,2,2,5,2,2,3,3,3,2,4,5,2,2,2,1,2,2,3,4,4,4,4,3,2,5,3,4,4,5,3,2,3,425003,0,0
DEMO5K-0048,30,2,2,1,2,5,1,4,4,2,2,1,4,3,3,4,5,5,2,1,3,2,3,3,3,2,1,1,2,4,3,3,3,380846,0,1
DEMO5K-0049,35,1,2,2,4,4,3,3,3,2,1,4,3,4,3,2,2,2,3,1,3,3,3,3,4,2,3,2,2,4,5,2,4,487958,0,1
DEMO5K-0050,29,2,1,3,2,2,4,3,1,5,4,5,4,4,4,5,5,4,4,1,2,2,1,1,1,4,5,4,3,4,4,4,3,604558,0,1
DEMO5K-0051,26,2,1,3,2,3,3,1,3,3,3,4,3,4,2,3,4,3,3,1,4,3,3,2,2,2,1,3,2,2,3,4,3,437083,0,1
DEMO5K-0052,28,2,3,4,3,4,2,4,4,3,4,4,3,3,4,4,2,4,4,1,2,4,3,4,3,2,2,3,2,2,3,1,2,675115,0,1
DEMO5K-0053,26,1,3,1,2,4,2,4,4,3,3,2,3,5,4,2,3,3,5,1,5,3,3,2,4,4,4,4,4,3,3,3,4,533563,0,1
DEMO5K-0054,28,2,3,2,1,1,5,5,1,5,5,4,4,4,4,3,4,4,4,1,4,5,5,5,4,2,5,4,3,4,4,3,5,366793,0,1
DEMO5K-0055,33,2,3,5,3,4,2,2,4,1,2,1,2,1,2,2,1,1,1,1,3,3,2,3,3,2,1,2,2,2,2,1,1,556784,0,1
DEMO5K-0056,22,2,2,1,4,5,4,4,4,3,1,4,1,2,1,3,2,3,1,1,2,2,3,2,3,2,2,1,1,1,4,1,1,509479,0,1
DEMO5K-0057,25,2,1,3,3,2,4,3,1,2,2,4,4,2,3,4,2,2,3,1,4,3,3,3,2,3,2,3,3,5,4,3,2,51422,1,1
DEMO5K-0058,20,1,1,5,1,3,3,2,3,2,4,3,3,2,2,2,2,3,2,1,4,4,4,4,5,5,3,3,4,2,3,4,4,680635,0,1
DEMO5K-0059,31,1,1,4,2,3,3,1,3,3,3,4,5,5,5,4,3,5,5,1,3,3,4,1,4,4,5,5,5,4,2,5,3,685384,0,1
DEMO5K-0060,29,2,3,4,3,4,2,2,4,1,1,2,3,4,4,4,1,4,3,1,3,5,5,4,3,3,4,1,3,4,4,3,2,484004,0,1
DEMO5K-0061,27,2,1,1,3,2,4,5,4,5,1,5,4,2,2,3,4,4,4,1,2,1,3,2,4,3,2,4,3,4,1,2,3,368436,0,1
DEMO5K-0062,26,2,2,5,4,5,3,4,5,3,4,3,2,3,2,4,2,5,3,1,4,3,3,3,1,2,2,2,3,3,3,2,4,689339,0,1
DEMO5K-0063,31,2,3,4,4,4,4,4,1,3,5,5,3,2,3,2,5,4,2,1,4,5,4,4,5,5,4,4,5,3,3,4,4,81403,1,1
DEMO5K-0064,20,1,1,2,2,2,2,4,4,5,2,3,2,3,2,2,3,2,3,1,1,1,2,2,1,2,4,3,3,3,3,2,3,630687,0,1
DEMO5K-0065,26,1,1,4,3,2,2,3,3,2,4,4,4,4,3,2,3,4,4,1,5,5,5,3,5,5,2,4,3,4,4,4,4,419778,0,1
DEMO5K-0066,17,1,3,4,4,3,1,3,2,4,4,3,4,2,3,3,3,2,2,1,3,3,1,2,1,2,1,4,2,2,3,2,3,647759,0,1
DEMO5K-0067,19,2,1,3,3,2,5,4,2,4,4,4,3,3,5,5,4,3,4,1,5,5,4,3,3,2,3,4,3,3,3,2,4,472932,0,1
DEMO5K-0068,29,1,1,2,3,4,2,2,3,2,2,1,4,3,2,5,3,3,4,1,5,3,1,3,3,1,4,3,3,3,5,5,4,567809,0,1
DEMO5K-0069,33,2,3,5,1,4,2,3,4,2,1,2,3,3,3,1,3,2,4,1,3,3,3,2,2,2,4,3,4,2,3,3,2,498467,0,1
DEMO5K-0070,26,2,3,3,4,3,5,3,3,3,4,4,3,5,5,3,4,3,4,1,3,4,4,3,5,5,3,3,3,2,4,3,3,426685,0,1
DEMO5K-0071,32,2,3,1,3,3,4,4,3,2,3,4,1,1,2,1,2,2,2,3,5,3,5,5,3,5,4,1,3,4,4,1,4,646999,0,0
DEMO5K-0072,31,1,2,3,3,3,2,3,4,3,3,4,5,5,5,4,4,4,2,1,5,4,1,2,3,4,3,1,3,3,3,3,2,414613,0,1
DEMO5K-0073,31,2,3,5,4,3,5,2,1,2,2,4,3,4,4,3,4,4,4,1,3,4,4,1,5,5,5,5,5,4,5,5,5,544464,0,1
DEMO5K-0074,25,1,2,5,2,1,5,3,1,5,3,4,2,1,1,2,4,3,2,1,1,3,4,3,2,2,3,3,4,4,4,3,5,571679,0,1
DEMO5K-0075,33,1,2,5,3,5,1,1,5,1,1,1,3,2,1,3,3,2,4,1,4,4,2,2,4,3,2,2,3,2,2,2,2,676975,0,1
DEMO5K-0076,25,1,2,2,4,1,4,5,1,5,4,3,5,5,2,4,5,3,3,2,2,4,1,4,4,2,2,3,2,4,1,2,3,313943,0,0
DEMO5K-0077,20,1,2,4,2,3,1,3,3,2,4,3,3,3,2,4,4,3,3,1,2,3,1,1,1,3,3,3,2,2,1,2,3,544827,0,1
DEMO5K-0078,23,2,3,3,3,4,3,2,2,1,3,2,2,3,2,3,1,3,2,1,3,1,1,1,3,3,2,3,3,2,2,3,2,56814,1,1
DEMO5K-0079,35,2,3,4,2,4,2,1,3,2,1,2,2,4,2,2,2,2,4,1,3,5,4,3,2,3,1,1,1,2,1,2,2,341109,0,1
DEMO5K-0080,17,1,3,5,1,3,2,2,4,3,4,3,1,1,3,2,2,2,2,1,3,2,2,2,3,3,5,3,3,4,1,4,4,382697,0,1
DEMO5K-0081,32,2,3,4,4,2,2,3,3,4,3,4,4,3,3,4,5,4,4,1,2,2,3,3,4,3,4,3,1,2,3,3,2,315781,0,1
DEMO5K-0082,33,1,1,1,4,3,4,3,3,3,2,2,3,3,4,4,2,4,4,1,1,2,3,2,1,2,2,1,3,2,1,2,3,75335,1,1
DEMO5K-0083,34,1,1,3,4,4,3,3,2,1,3,1,1,2,2,2,2,3,1,1,1,3,1,2,2,3,4,3,4,4,3,3,1,646645,0,1
DEMO5K-0084,29,1,2,4,1,4,1,4,5,2,3,1,3,1,2,3,3,3,2,1,2,3,3,3,2,3,3,3,3,3,2,1,1,45929,1,1
DEMO5K-0085,26,2,3,2,4,2,3,4,2,3,3,2,2,4,4,1,2,2,4,1,2,4,2,1,3,1,4,4,3,2,3,2,5,324261,0,1
DEMO5K-0086,32,2,3,4,1,2,4,3,4,3,3,2,1,3,2,2,2,2,2,1,3,2,3,3,3,3,4,5,2,5,4,5,4,597948,0,1
DEMO5K-0087,24,2,3,5,3,2,4,3,2,1,2,2,4,5,3,4,2,4,2,1,4,5,4,3,4,5,2,2,3,2,4,4,3,545256,0,1
DEMO5K-0088,31,1,2,2,2,3,2,4,2,4,5,5,4,5,3,4,4,2,3,1,5,5,3,3,4,5,4,4,4,4,4,4,2,382236,0,1
DEMO5K-0089,30,2,2,1,3,4,1,3,4,1,3,3,1,2,4,4,3,2,2,1,1,3,4,2,2,3,3,3,2,1,3,3,4,420576,0,1
DEMO5K-0090,17,2,1,1,3,2,4,2,4,3,2,1,1,1,1,1,1,1,2,1,1,3,1,2,1,2,2,2,2,3,2,1,3,512506,0,1
DEMO5K-0091,31,1,2,1,1,3,4,4,4,4,3,2,3,3,4,3,3,4,3,1,1,4,4,2,4,3,2,4,3,3,1,3,2,616952,0,1
DEMO5K-0092,28,1,3,2,4,2,2,2,1,4,3,3,4,3,3,2,2,4,2,1,2,3,3,3,5,3,3,4,4,2,3,3,2,480995,0,1
DEMO5K-0093,26,2,3,1,2,2,3,4,3,3,3,4,3,4,4,3,2,3,2,1,3,4,5,4,4,4,3,4,5,4,3,4,2,689812,0,1
DEMO5K-0094,26,2,3,4,2,2,3,2,2,3,5,3,2,5,4,4,3,5,3,1,1,5,3,3,2,2,5,4,4,3,4,3,3,679507,0,1
DEMO5K-0095,18,2,3,5,4,4,1,2,3,2,2,4,2,5,1,2,1,1,1,1,3,2,3,2,2,3,2,4,1,2,3,4,4,75495,1,1
DEMO5K-0096,33,2,2,4,3,5,3,4,4,4,4,1,1,2,2,4,3,2,3,1,3,3,4,1,3,3,4,1,3,3,3,2,3,668454,0,1
DEMO5K-0097,25,2,3,3,3,1,4,4,1,3,3,2,2,4,3,3,2,4,4,1,2,3,2,1,2,2,5,4,5,3,1,4,4,476295,0,1
DEMO5K-0098,35,2,3,4,2,4,2,3,4,2,2,3,3,2,3,2,2,3,3,1,3,1,3,2,3,2,2,4,1,3,4,1,3,390210,0,1
DEMO5K-0099,31,1,3,4,3,2,3,4,1,4,3,4,3,3,5,1,3,3,3,1,3,1,2,4,4,2,4,3,5,5,4,4,5,434413,0,1
DEMO5K-0100,17,2,1,5,3,2,3,2,3,3,4,3,3,3,2,1,2,5,2,1,4,3,3,2,4,4,3,5,5,4,3,4,4,659546,0,1
DEMO5K-0101,32,2,3,4,4,3,3,3,3,3,3,3,3,3,2,1,2,2,3,1,3,4,5,3,4,2,2,2,3,1,4,4,3,495963,0,1
DEMO5K-0102,22,1,3,1,1,3,3,2,4,4,3,4,2,3,5,3,2,4,3,1,2,4,4,3,3,4,4,4,2,1,2,2,2,605785,0,1
DEMO5K-0103,34,1,3,3,1,3,2,3,4,2,2,1,2,2,1,3,2,3,2,1,2,1,1,3,3,2,2,1,3,4,3,3,4,389364,0,1
DEMO5K-0104,25,1,3,3,4,3,2,1,1,3,2,1,4,3,4,3,4,5,5,1,4,2,3,4,3,2,4,3,4,3,3,4,5,695435,0,1
DEMO5K-0105,27,2,3,2,3,3,3,2,4,2,4,1,5,3,2,3,3,4,3,1,2,4,4,4,4,4,2,3,5,3,2,3,3,440835,0,1
DEMO5K-0106,31,1,2,3,2,2,5,3,1,4,2,3,5,2,2,4,3,3,2,1,1,3,1,2,2,2,2,3,3,4,3,5,3,322439,0,1
DEMO5K-0107,28,2,2,3,2,2,4,5,2,3,3,5,3,4,3,4,1,3,4,1,1,2,4,2,2,3,3,1,3,2,3,3,2,392909,0,1
DEMO5K-0108,33,2,1,4,3,1,4,3,2,4,3,3,4,5,4,4,5,5,5,1,2,3,4,4,3,2,5,3,4,1,4,4,4,676011,0,1
DEMO5K-0109,34,2,3,5,2,4,3,2,4,1,2,2,4,5,5,4,1,4,3,1,3,2,3,1,3,3,2,3,3,2,1,2,1,334379,0,1
DEMO5K-0110,22,1,2,3,1,4,5,3,3,2,1,4,3,3,3,3,2,1,2,1,3,5,4,3,3,3,4,3,3,3,1,3,4,327764,0,1
DEMO5K-0111,29,2,2,3,3,4,4,4,4,2,3,2,2,3,4,3,2,4,2,1,5,3,3,3,3,3,3,3,3,1,1,2,4,439977,0,1
DEMO5K-0112,17,2,2,1,3,2,3,4,1,4,5,4,4,4,5,5,4,4,4,1,4,5,3,3,5,5,2,2,3,3,3,2,2,370932,0,1
DEMO5K-0113,18,2,2,5,1,3,3,2,1,3,3,2,3,4,5,5,4,4,5,1,4,3,4,3,5,2,4,4,1,4,4,4,4,532280,0,1
DEMO5K-0114,31,1,3,3,4,3,4,4,3,3,3,4,3,4,4,4,5,5,4,1,2,4,5,3,4,5,4,3,5,2,4,2,2,679943,0,1
DEMO5K-0115,23,1,2,1,1,4,4,4,4,3,2,3,3,3,4,4,4,2,3,1,2,3,3,3,5,4,4,5,4,4,2,4,3,396662,0,1
DEMO5K-0116,21,2,2,5,3,3,2,2,3,3,4,4,1,2,2,2,3,2,2,1,1,1,3,1,2,1,2,1,1,2,2,2,4,311470,0,1
DEMO5K-0117,30,2,3,1,4,2,4,4,2,4,3,5,1,1,3,2,3,1,3,1,2,3,3,4,3,5,1,2,2,1,3,4,5,647685,0,1
DEMO5K-0118,26,2,2,3,4,1,4,3,2,4,3,3,1,2,4,2,4,5,3,1,2,2,5,3,2,2,4,1,3,2,4,2,1,50703,1,1
DEMO5K-0119,30,1,3,4,2,3,1,2,3,3,2,3,4,4,2,5,5,5,3,1,3,3,4,3,2,2,1,2,1,2,1,2,2,656993,0,1
DEMO5K-0120,21,2,2,2,3,3,4,3,2,4,3,5,3,3,4,3,3,4,3,1,4,4,5,5,3,5,5,4,4,3,3,5,4,659343,0,1
DEMO5K-0121,22,2,2,1,3,3,3,2,3,2,2,2,5,4,2,3,2,3,3,1,3,4,4,4,3,2,3,3,5,2,3,3,2,421008,0,1
DEMO5K-0122,22,1,2,4,3,4,4,4,3,2,3,3,4,3,5,4,4,3,4,1,5,3,3,3,2,4,2,3,3,2,2,3,4,495323,0,1
DEMO5K-0123,27,1,3,1,2,3,3,3,1,2,4,4,2,2,4,1,1,2,4,1,2,4,2,3,2,3,2,2,3,2,3,2,2,394084,0,1
DEMO5K-0124,24,2,1,1,4,1,3,3,3,4,3,2,3,5,2,4,4,2,5,1,2,4,2,4,3,4,4,2,4,2,3,3,3,508046,0,1
DEMO5K-0125,20,2,2,2,1,4,3,3,4,3,2,1,3,2,2,3,3,3,3,1,2,2,1,2,3,2,2,2,1,3,3,3,2,696195,0,1
DEMO5K-0126,35,1,1,5,2,3,1,2,2,2,2,2,3,3,3,1,2,2,3,1,1,2,2,1,1,2,2,2,1,3,2,2,2,498738,0,1
DEMO5K-0127,30,1,3,1,2,4,2,4,4,3,2,2,1,1,1,1,2,1,2,1,4,4,5,3,3,3,1,1,1,2,4,3,3,66574,1,1
DEMO5K-0128,18,1,2,5,2,5,1,3,5,3,2,2,4,3,2,3,4,2,3,1,3,3,1,1,2,1,3,3,2,2,3,2,3,678404,0,1
DEMO5K-0129,35,2,2,2,1,4,2,1,5,1,2,1,4,3,4,3,3,3,4,1,1,2,2,2,3,2,3,3,3,3,5,3,2,699625,0,1
DEMO5K-0130,28,2,3,1,3,4,3,3,2,5,5,4,5,3,3,3,4,3,4,1,5,1,5,3,2,3,2,3,3,3,2,2,1,316468,0,1
DEMO5K-0131,20,1,3,4,3,4,5,5,2,5,5,5,3,3,5,5,3,3,3,1,3,3,4,4,5,5,4,5,4,4,5,4,3,45169,1,1
DEMO5K-0132,17,1,3,3,2,1,4,5,3,4,4,5,4,5,5,5,3,5,5,1,5,4,3,3,4,5,5,5,5,5,5,5,5,634557,0,1
DEMO5K-0133,32,1,1,1,2,2,4,5,3,4,5,5,4,4,3,4,5,4,3,1,4,4,4,3,4,4,4,4,3,4,4,4,5,361902,0,1
DEMO5K-0134,32,2,2,3,2,2,4,3,2,3,4,5,3,4,4,3,3,4,4,1,4,4,3,5,5,3,3,1,4,2,3,2,2,547655,0,1
DEMO5K-0135,28,2,3,4,3,2,3,2,4,1,3,2,2,2,4,3,3,3,3,1,3,3,3,4,5,4,3,4,4,3,2,4,2,608560,0,1
DEMO5K-0136,33,2,3,3,4,1,4,3,2,4,5,4,5,5,4,3,4,4,4,1,4,4,3,3,3,4,3,3,4,3,4,2,5,641612,0,1
DEMO5K-0137,29,2,1,1,2,3,4,3,3,3,4,2,5,2,3,5,4,2,2,1,4,5,4,5,4,2,3,5,3,3,4,3,2,357409,0,1
DEMO5K-0138,22,2,3,1,2,5,3,2,3,2,3,2,5,2,4,5,3,3,4,1,2,4,4,3,3,3,3,4,3,3,3,2,5,641838,0,1
DEMO5K-0139,31,2,3,2,2,4,1,1,5,1,2,3,1,1,1,1,3,1,1,1,2,2,1,3,1,2,2,2,3,1,1,2,1,389771,0,1
DEMO5K-0140,19,2,1,1,4,3,3,4,2,4,4,4,3,3,4,5,3,1,4,1,5,4,4,3,5,4,4,2,3,4,3,4,4,414157,0,1
DEMO5K-0141,24,1,3,4,3,1,4,4,2,5,4,4,2,4,4,4,4,4,5,1,3,3,1,3,1,2,3,3,3,3,3,4,4,660855,0,1
DEMO5K-0142,22,1,3,2,2,3,4,4,3,3,3,2,1,1,3,2,3,2,3,1,4,4,3,3,3,3,2,2,3,1,1,3,2,448884,0,1
DEMO5K-0143,23,1,2,4,2,4,3,2,4,3,3,2,2,2,3,1,1,2,3,4,2,3,3,2,2,4,3,3,5,2,2,3,2,392351,0,0
DEMO5K-0144,35,2,2,2,1,2,3,2,3,3,4,4,5,4,5,4,5,5,4,1,4,4,4,3,4,2,4,3,3,4,4,3,3,600362,0,1
DEMO5K-0145,20,2,3,3,3,3,4,2,4,4,4,3,2,3,2,2,4,1,2,1,3,3,2,2,1,5,3,3,1,3,2,3,2,72614,1,1
DEMO5K-0146,25,1,2,3,3,3,4,5,3,4,2,4,3,3,3,4,3,3,2,1,3,2,3,2,2,3,2,4,4,3,3,4,3,388371,0,1
DEMO5K-0147,27,2,3,1,2,3,3,3,4,2,4,3,2,4,2,3,3,4,3,4,3,2,3,4,4,2,3,4,3,3,1,3,4,569610,0,0
DEMO5K-0148,23,1,1,2,2,4,1,4,3,4,4,3,1,3,3,2,2,2,2,1,1,2,2,2,3,3,4,3,2,3,3,3,3,443818,0,1
DEMO5K-0149,34,2,3,2,2,3,5,4,3,2,4,4,5,3,4,4,2,4,2,1,3,4,5,4,2,4,2,4,3,5,4,4,3,624068,0,1
DEMO5K-0150,34,1,2,2,4,1,3,4,3,5,3,5,4,5,5,4,5,5,4,1,3,3,1,3,4,3,4,3,2,5,5,3,3,426334,0,1
DEMO5K-0151,18,2,2,4,3,4,3,3,2,4,3,4,3,4,2,3,3,4,3,1,2,2,3,1,2,2,4,2,1,3,2,2,2,352000,0,1
DEMO5K-0152,20,2,2,3,2,4,4,2,5,1,3,4,2,3,2,2,3,4,4,1,3,4,5,2,4,2,3,3,5,3,3,2,3,537215,0,1
DEMO5K-0153,30,1,3,2,1,1,5,5,1,4,5,5,5,3,2,4,4,3,4,1,5,5,4,5,4,4,3,3,5,5,3,3,3,667529,0,1
DEMO5K-0154,25,2,2,1,2,4,2,3,5,4,3,1,3,1,2,3,2,3,3,1,1,1,2,2,1,3,1,2,1,1,3,3,1,405403,0,1
DEMO5K-0155,21,1,2,4,4,3,4,2,3,4,2,4,2,2,2,3,3,3,2,1,2,3,3,4,4,2,2,1,4,1,3,5,3,665598,0,1
DEMO5K-0156,26,2,1,2,4,4,3,1,3,1,4,3,2,4,3,4,3,5,5,3,1,2,2,2,1,3,4,2,3,2,2,2,2,321345,0,0
DEMO5K-0157,22,2,2,4,2,2,2,5,3,4,4,3,1,1,2,2,2,2,1,1,3,3,2,1,2,2,2,4,2,3,3,5,1,458762,0,1
DEMO5K-0158,18,1,2,1,2,3,5,3,1,5,4,4,5,3,4,5,4,5,5,1,3,3,4,2,3,5,5,4,4,5,5,3,5,372183,0,1
DEMO5K-0159,18,2,2,5,3,5,2,3,5,2,3,1,2,1,4,2,3,3,2,1,4,4,3,4,4,4,5,4,3,3,4,5,4,634052,0,1
DEMO5K-0160,24,2,3,5,3,2,5,4,4,5,4,3,2,2,2,5,4,1,4,1,2,3,1,2,1,1,4,3,4,5,4,4,2,550307,0,1
DEMO5K-0161,35,1,3,5,1,4,3,4,2,3,4,3,4,2,4,3,1,3,4,1,1,3,1,2,3,1,3,2,5,3,3,4,3,576341,0,1
DEMO5K-0162,28,2,3,2,2,3,2,3,3,4,3,3,5,4,4,5,5,5,5,1,3,2,3,2,4,4,5,3,2,2,3,4,3,306807,0,1
DEMO5K-0163,35,1,2,3,3,4,3,1,4,1,2,3,2,2,3,5,3,2,4,1,2,3,5,3,3,4,2,2,2,4,2,3,4,352756,0,1
DEMO5K-0164,27,1,3,2,4,4,1,1,5,1,2,4,3,3,4,2,2,4,3,1,3,3,1,2,3,3,2,1,1,1,3,4,2,384087,0,1
DEMO5K-0165,23,2,3,1,3,4,3,4,2,2,3,3,3,4,4,3,3,3,5,2,5,4,4,2,4,2,4,3,2,3,2,3,1,360723,0,0
DEMO5K-0166,34,2,3,3,3,4,3,4,2,3,3,4,3,4,4,4,5,3,4,1,3,4,3,3,4,2,4,4,3,4,4,5,3,548956,0,1
DEMO5K-0167,32,2,2,3,4,3,2,2,4,1,3,3,3,3,3,3,2,3,2,1,4,2,2,3,1,1,3,3,4,3,3,4,3,463384,0,1
DEMO5K-0168,28,2,3,5,4,1,3,3,3,3,4,5,3,3,2,4,4,5,5,1,3,3,2,4,3,3,2,4,1,4,1,4,3,70985,1,1
DEMO5K-0169,24,2,3,1,3,3,5,4,3,4,3,3,3,5,5,3,3,1,3,1,5,3,3,4,5,5,5,4,4,5,4,4,2,679756,0,1
DEMO5K-0170,31,1,3,2,1,2,3,4,3,2,4,3,4,4,4,3,3,3,3,1,4,4,3,3,3,5,4,5,4,3,5,5,5,304511,0,1
DEMO5K-0171,17,1,2,2,3,1,2,3,4,1,3,2,3,3,1,3,5,3,3,1,4,4,4,4,3,4,4,2,3,2,5,2,4,441703,0,1
DEMO5K-0172,35,2,2,5,3,3,2,2,4,2,2,1,3,2,3,2,1,3,2,1,2,1,1,2,2,2,1,2,2,2,2,2,2,648612,0,1
DEMO5K-0173,25,1,1,5,2,2,3,1,4,1,2,2,2,2,1,2,3,1,1,1,2,2,1,2,2,2,3,3,3,1,2,2,4,579023,0,1
DEMO5K-0174,27,2,1,1,1,4,2,4,4,3,3,4,1,2,4,3,4,1,3,1,1,2,2,3,3,2,4,5,3,2,1,2,1,698675,0,1
DEMO5K-0175,25,2,2,3,3,2,3,3,3,3,5,3,4,5,5,4,5,5,5,1,3,3,5,5,5,3,3,3,2,4,3,5,3,410697,0,1
DEMO5K-0176,17,1,1,1,2,4,2,1,5,3,3,1,2,4,2,3,1,1,3,1,4,3,1,3,4,3,1,2,2,1,1,1,2,300404,0,1
DEMO5K-0177,25,2,1,2,2,5,1,2,4,1,2,1,4,4,4,2,2,5,3,1,3,4,3,4,1,3,3,5,2,5,3,5,4,343215,0,1
DEMO5K-0178,29,2,1,3,3,3,3,5,1,4,3,4,4,3,4,5,4,4,4,1,2,4,4,3,3,2,3,5,5,3,3,3,3,45967,1,1
DEMO5K-0179,28,1,2,1,2,2,3,2,2,3,3,3,1,3,3,3,1,4,2,1,5,4,5,4,4,4,4,3,4,4,3,4,4,419456,0,1
DEMO5K-0180,17,1,1,4,3,4,4,1,3,3,2,2,4,4,4,3,5,5,4,1,2,2,1,4,1,3,3,3,4,4,4,2,3,577025,0,1
DEMO5K-0181,31,2,1,4,3,3,4,2,2,2,1,4,2,2,4,2,1,2,1,1,5,2,3,3,2,3,5,2,4,3,2,2,4,591945,0,1
DEMO5K-0182,35,2,1,4,3,3,3,4,2,3,2,4,4,3,5,2,4,3,4,1,4,3,2,3,3,4,2,2,2,2,2,3,3,308915,0,1
DEMO5K-0183,20,1,2,1,4,4,2,4,3,3,2,2,5,3,4,3,5,4,5,1,3,4,4,5,2,5,5,3,5,5,4,4,5,579143,0,1
DEMO5K-0184,26,2,1,4,3,4,2,2,5,3,4,1,2,1,3,1,1,1,3,1,5,4,4,4,4,3,3,3,2,2,5,2,2,407884,0,1
DEMO5K-0185,25,1,2,5,1,1,3,4,2,4,3,4,4,2,4,2,3,4,3,1,5,4,4,3,4,5,3,4,4,4,5,5,4,680447,0,1
DEMO5K-0186,17,1,3,4,3,4,2,2,3,2,2,2,2,3,1,2,4,2,4,1,3,3,4,1,4,5,3,1,1,1,1,2,1,65223,1,1
DEMO5K-0187,23,2,2,3,1,2,5,4,2,4,4,4,4,1,3,3,1,4,3,1,1,1,2,1,3,1,5,5,4,4,5,3,4,531858,0,1
DEMO5K-0188,30,2,3,2,3,4,1,3,4,1,2,3,1,2,1,4,3,3,4,1,4,2,3,3,3,3,3,2,2,1,3,2,3,472540,0,1
DEMO5K-0189,25,2,3,3,4,3,2,3,3,4,2,3,4,4,2,4,3,3,3,1,5,5,4,3,4,4,2,5,1,3,4,1,3,435670,0,1
DEMO5K-0190,25,1,2,2,3,5,2,1,5,2,1,2,4,3,2,3,2,2,1,1,3,4,3,1,2,4,3,4,3,3,3,3,3,429403,0,1
DEMO5K-0191,24,2,2,2,4,4,4,3,2,3,3,2,1,1,1,3,2,1,3,1,3,5,4,4,3,3,3,4,2,3,2,3,4,330025,0,1
DEMO5K-0192,35,1,3,2,1,3,2,2,5,3,2,4,1,2,2,3,1,2,1,1,1,2,2,1,2,3,1,3,5,3,4,4,3,338038,0,1
DEMO5K-0193,34,1,3,4,4,2,4,4,3,5,4,4,2,4,4,1,5,4,4,1,1,1,1,2,3,3,2,2,2,2,1,4,3,593635,0,1
DEMO5K-0194,28,2,3,3,3,3,1,2,2,2,2,3,3,3,3,3,2,3,4,1,1,1,1,3,1,1,5,3,2,2,3,3,3,674078,0,1
DEMO5K-0195,32,2,2,5,3,4,5,3,2,1,4,1,2,1,2,1,1,1,2,1,2,2,3,1,3,2,2,3,4,3,4,4,5,376732,0,1
DEMO5K-0196,25,2,3,2,3,3,4,3,4,2,4,3,4,4,3,3,4,2,2,1,3,2,4,4,3,3,3,3,2,4,4,2,2,464324,0,1
DEMO5K-0197,21,2,2,2,3,3,2,4,4,2,2,2,1,1,3,2,3,1,2,1,3,1,5,3,4,4,3,2,3,2,3,3,3,579943,0,1
DEMO5K-0198,17,2,2,3,4,4,1,3,4,3,2,2,4,3,3,4,3,3,3,1,4,2,3,3,3,3,5,4,4,4,3,4,5,642288,0,1
DEMO5K-0199,23,1,2,1,2,3,4,3,2,2,3,3,2,2,2,2,3,2,2,1,2,4,4,3,3,2,5,4,4,4,5,4,3,557123,0,1
DEMO5K-0200,27,1,1,5,2,2,4,5,3,5,5,5,4,4,4,3,4,4,3,1,4,4,4,5,4,3,4,5,4,3,5,5,4,476163,0,1
DEMO5K-0201,18,2,2,4,4,2,4,4,2,5,4,3,4,5,2,5,3,4,2,1,2,4,3,4,2,3,4,2,5,3,4,2,4,610590,0,1
DEMO5K-0202,33,2,2,4,4,4,2,4,5,2,1,1,1,5,1,1,3,2,4,1,1,4,2,1,1,3,2,2,1,2,2,3,2,80979,1,1
DEMO5K-0203,32,1,3,2,2,2,3,4,2,3,4,4,4,4,4,4,3,4,3,1,5,4,3,4,3,4,3,5,4,3,3,3,4,438499,0,1
DEMO5K-0204,34,1,3,2,3,3,3,4,2,4,5,2,4,4,3,4,3,5,3,1,5,5,4,3,3,3,5,3,5,5,5,4,5,414636,0,1
DEMO5K-0205,34,2,2,2,1,3,4,4,1,5,3,4,5,4,1,3,4,3,3,4,5,5,5,4,5,3,3,1,1,2,2,3,2,638812,0,0
DEMO5K-0206,32,2,3,2,4,3,3,4,2,4,3,4,4,4,5,4,4,4,3,1,5,5,4,2,5,4,5,4,3,5,4,3,3,583835,0,1
DEMO5K-0207,22,2,2,3,4,2,4,5,4,5,3,3,3,4,4,5,4,5,3,1,2,4,3,3,3,3,4,4,5,5,5,4,5,349908,0,1
DEMO5K-0208,33,2,3,5,4,5,1,1,5,1,1,3,4,4,5,4,3,5,3,1,3,4,4,3,5,4,3,5,3,3,3,4,2,359605,0,1
DEMO5K-0209,31,2,3,2,3,3,3,2,3,2,1,3,4,4,3,4,3,4,4,1,4,1,4,3,2,1,2,3,2,3,5,3,3,665638,0,1
DEMO5K-0210,31,2,3,5,4,3,4,4,2,5,2,4,4,4,5,3,5,3,2,1,2,2,4,2,3,3,3,4,4,5,3,3,2,485672,0,1
DEMO5K-0211,27,2,2,5,3,3,4,3,4,4,3,3,5,5,4,5,5,4,2,1,2,2,2,1,3,2,3,3,5,3,3,4,3,644058,0,1
DEMO5K-0212,24,2,3,1,4,4,3,1,4,1,2,2,2,2,3,5,1,1,2,1,1,2,2,2,2,1,3,2,2,2,1,2,3,332108,0,1
DEMO5K-0213,20,1,3,1,2,4,2,1,5,3,4,2,3,1,2,2,1,2,2,1,2,1,2,1,2,3,2,1,2,1,3,2,3,424446,0,1
DEMO5K-0214,26,2,3,1,1,2,3,2,4,3,3,4,2,4,3,2,4,3,3,1,3,3,2,1,2,2,4,2,2,3,4,5,3,491386,0,1
DEMO5K-0215,27,2,1,5,1,4,4,4,1,3,2,5,4,5,3,3,2,3,2,1,3,4,5,3,2,2,4,5,3,3,3,4,2,561914,0,1
DEMO5K-0216,35,2,2,2,4,4,4,2,1,2,3,2,4,3,3,5,5,3,4,1,3,4,3,4,3,4,4,4,4,3,2,4,3,351722,0,1
DEMO5K-0217,17,1,3,4,2,5,2,2,4,2,3,1,2,2,2,4,3,3,4,1,2,3,4,3,4,2,2,4,3,3,4,3,3,482534,0,1
DEMO5K-0218,27,1,1,5,3,4,3,2,2,3,3,4,3,4,3,3,3,3,2,1,5,5,4,5,4,5,2,3,2,3,2,2,2,506069,0,1
DEMO5K-0219,34,2,3,4,1,1,4,4,3,4,4,3,2,3,4,3,5,4,5,1,1,2,3,2,1,1,2,3,2,4,3,2,3,637299,0,1
DEMO5K-0220,32,2,2,2,2,2,3,2,2,4,4,5,5,3,3,5,5,3,3,1,3,3,5,4,4,5,3,2,2,3,4,3,2,558923,0,1
DEMO5K-0221,22,2,2,4,4,4,2,2,5,4,2,1,2,5,3,1,4,3,4,4,3,4,2,3,3,4,3,4,2,3,2,3,3,562444,0,0
DEMO5K-0222,27,2,1,4,4,2,5,3,4,4,4,3,4,2,2,2,3,2,2,1,3,3,4,4,4,4,2,4,2,2,2,1,1,534051,0,1
DEMO5K-0223,27,1,3,4,4,3,2,4,4,3,2,3,2,3,3,3,3,4,3,1,3,3,4,4,3,4,5,3,4,3,4,4,4,529989,0,1
DEMO5K-0224,34,2,3,4,3,2,5,3,1,5,5,4,4,3,3,3,4,3,3,1,4,4,4,5,5,4,4,4,5,4,4,4,3,660359,0,1
DEMO5K-0225,33,2,2,5,4,4,3,1,4,3,1,3,4,2,4,4,3,1,5,1,5,4,3,4,4,5,3,3,2,2,3,1,4,371165,0,1
DEMO5K-0226,29,1,2,2,2,4,1,2,5,2,1,4,2,3,5,2,3,3,3,1,2,3,2,3,3,2,4,5,5,5,3,3,4,300748,0,1
DEMO5K-0227,21,1,3,3,4,1,5,3,1,3,1,3,4,2,2,3,2,3,4,1,3,5,3,3,4,3,3,3,4,4,5,4,4,431593,0,1
DEMO5K-0228,31,2,2,1,2,3,2,4,4,2,3,3,3,3,3,3,3,2,3,1,5,4,3,3,2,5,3,2,3,3,1,1,1,411400,0,1
DEMO5K-0229,23,2,2,5,3,3,2,3,3,2,3,2,4,5,3,1,3,4,3,1,1,3,3,3,3,2,5,3,4,3,3,3,4,491014,0,1
DEMO5K-0230,23,1,3,3,3,5,3,3,5,2,2,2,4,2,1,2,2,2,3,1,3,2,2,3,2,1,4,5,3,3,4,2,3,543614,0,1
DEMO5K-0231,24,2,2,1,1,2,2,1,4,3,3,2,3,2,2,3,2,1,1,1,1,1,2,1,1,2,3,1,2,2,2,2,3,440350,0,1
DEMO5K-0232,27,2,2,4,1,2,5,4,2,4,3,3,3,5,4,3,4,4,2,1,3,3,4,3,1,2,3,3,3,4,1,4,2,645038,0,1
DEMO5K-0233,28,2,2,2,1,3,4,4,2,3,5,4,2,2,1,2,3,2,3,1,5,3,3,4,3,3,3,2,4,3,3,4,2,617541,0,1
DEMO5K-0234,18,1,2,3,4,2,3,5,3,2,4,5,3,5,4,5,3,5,3,1,4,3,5,3,4,3,1,4,5,2,3,4,5,77483,1,1
DEMO5K-0235,22,2,1,1,4,1,5,5,1,5,4,5,2,3,3,3,4,3,2,1,3,3,4,5,4,4,3,4,4,2,2,4,3,600914,0,1
DEMO5K-0236,18,1,3,5,3,2,4,5,1,3,4,4,4,4,5,4,3,5,5,1,3,4,5,4,5,4,5,4,3,5,3,4,5,60017,1,1
DEMO5K-0237,23,1,3,1,2,4,3,1,1,2,3,2,3,3,3,3,3,3,2,1,3,3,3,4,1,3,3,4,2,4,4,3,3,505328,0,1
DEMO5K-0238,33,1,3,5,4,2,4,3,3,4,2,3,4,3,4,4,4,4,4,1,3,4,3,3,4,5,4,5,5,5,5,3,5,353511,0,1
DEMO5K-0239,34,2,3,2,3,2,4,3,2,4,4,4,4,2,3,3,3,2,3,1,3,3,1,2,1,2,3,3,3,1,4,2,2,358236,0,1
DEMO5K-0240,27,2,3,1,4,4,4,2,3,2,2,2,4,3,3,2,3,3,4,1,2,2,3,3,3,2,2,1,4,3,3,2,2,313723,0,1
DEMO5K-0241,32,2,3,5,3,3,1,2,3,3,1,1,3,4,4,3,5,3,3,4,5,4,5,4,5,3,2,2,2,3,3,3,5,374069,0,0
DEMO5K-0242,28,2,2,5,4,3,5,4,3,4,2,3,4,3,4,5,4,4,4,1,5,3,2,4,4,4,5,3,5,4,4,4,3,689506,0,1
DEMO5K-0243,33,1,3,2,2,1,4,4,2,3,4,2,3,4,3,3,3,1,2,1,2,2,2,1,2,2,3,3,5,3,1,1,2,630562,0,1
DEMO5K-0244,31,1,3,3,3,4,4,2,5,3,3,2,1,5,3,5,4,3,3,1,4,5,3,3,3,3,4,4,3,5,5,5,3,579244,0,1
DEMO5K-0245,22,2,3,2,1,2,4,3,1,4,3,3,3,4,1,4,3,3,2,1,5,3,4,4,3,4,3,2,2,1,4,3,3,346081,0,1
DEMO5K-0246,18,2,1,5,4,4,2,2,4,1,1,1,3,4,4,1,3,2,3,1,2,4,1,4,3,3,4,3,5,2,3,4,3,490756,0,1
DEMO5K-0247,30,1,2,2,4,2,4,4,2,5,4,2,3,2,1,2,2,3,2,1,5,4,5,5,5,4,4,3,5,4,3,2,4,535129,0,1
DEMO5K-0248,27,2,1,1,2,3,3,1,5,1,1,1,1,3,2,1,1,3,1,1,2,3,4,2,3,1,4,2,2,2,2,4,2,81245,1,1
DEMO5K-0249,28,2,3,4,4,5,3,4,3,3,3,3,2,3,3,1,2,1,2,1,3,2,2,3,3,2,1,3,2,4,3,1,4,680102,0,1
DEMO5K-0250,28,1,2,5,3,4,4,3,3,3,1,3,3,1,2,3,3,1,3,1,1,3,4,4,2,1,1,1,2,2,1,1,1,60818,1,1
DEMO5K-0251,18,1,2,4,2,1,3,4,1,5,4,4,2,1,2,3,3,2,2,1,3,3,4,4,4,3,3,2,3,3,2,2,2,656622,0,1
DEMO5K-0252,32,1,1,1,1,4,5,3,3,2,3,2,1,1,2,1,2,2,1,1,1,1,1,1,1,1,2,3,3,2,1,3,2,511797,0,1
DEMO5K-0253,34,2,2,5,2,2,4,4,1,4,2,4,4,3,3,5,3,3,4,1,1,2,1,4,5,5,3,3,3,4,3,4,2,305061,0,1
DEMO5K-0254,23,2,2,4,4,4,5,3,3,5,3,2,5,3,3,3,2,2,2,1,4,2,5,4,5,3,4,3,5,3,5,2,3,50231,1,1
DEMO5K-0255,30,2,1,1,1,5,1,3,4,3,1,1,4,3,3,4,3,3,2,1,5,3,5,4,3,2,5,2,5,4,3,2,3,595338,0,1
DEMO5K-0256,33,2,3,3,4,2,1,2,3,4,2,4,2,1,3,2,2,2,3,1,2,3,2,4,4,3,4,2,4,2,1,4,4,487478,0,1
DEMO5K-0257,25,1,2,2,2,5,2,3,3,2,2,5,2,5,3,4,2,5,3,1,2,1,1,3,2,4,4,4,3,3,4,4,3,485665,0,1
DEMO5K-0258,25,2,2,5,3,3,3,1,3,2,2,2,2,2,3,4,4,2,4,1,2,2,1,1,2,2,2,3,3,2,3,2,1,568908,0,1
DEMO5K-0259,28,2,3,4,3,3,4,2,4,2,4,3,5,4,5,4,5,5,5,1,3,4,3,4,3,4,3,4,3,2,3,3,5,663920,0,1
DEMO5K-0260,28,2,3,4,4,3,2,5,2,2,4,1,4,3,4,5,5,3,4,1,5,4,4,4,4,3,2,2,4,1,2,4,3,673650,0,1
DEMO5K-0261,28,1,3,2,3,3,4,4,2,3,5,4,5,3,4,2,2,2,3,1,3,4,3,4,4,4,4,1,3,2,5,3,2,301931,0,1
DEMO5K-0262,29,1,3,4,3,1,4,2,2,5,5,3,5,4,2,2,3,3,5,1,4,5,3,4,4,4,4,4,5,4,5,4,4,352523,0,1
DEMO5K-0263,28,1,2,1,3,4,2,2,3,2,1,1,4,3,2,3,3,4,3,3,3,3,2,2,3,2,1,3,2,3,2,1,4,626453,0,0
DEMO5K-0264,30,2,1,5,1,2,4,4,4,3,3,5,5,3,3,4,3,1,4,1,3,2,3,3,3,5,1,1,2,3,3,4,2,610586,0,1
DEMO5K-0265,26,2,2,3,1,1,5,3,2,3,3,4,2,3,4,4,4,5,5,1,3,5,3,4,3,5,4,5,4,3,4,4,3,638508,0,1
DEMO5K-0266,27,2,2,3,4,5,3,4,1,3,2,2,2,4,3,4,4,4,2,2,3,3,3,5,3,4,4,3,3,3,4,4,4,419753,0,0
DEMO5K-0267,34,2,3,3,3,3,3,4,3,3,4,3,4,4,4,4,4,3,3,1,3,4,5,2,4,3,5,3,4,4,4,3,4,689471,0,1
DEMO5K-0268,33,2,2,3,1,4,5,4,3,4,4,4,2,2,3,4,4,3,3,1,4,4,3,3,3,3,2,3,3,4,1,5,2,352996,0,1
DEMO5K-0269,31,2,1,2,2,5,3,3,2,2,1,1,4,3,1,1,2,3,2,1,3,4,2,2,3,3,2,3,2,2,3,3,1,676498,0,1
DEMO5K-0270,26,2,1,3,3,5,1,3,3,1,1,1,3,2,2,2,1,2,2,4,1,3,3,3,3,3,5,2,2,2,3,4,4,550305,0,0
DEMO5K-0271,24,2,1,1,2,5,5,3,3,2,4,1,4,3,4,4,3,4,2,1,2,1,3,2,3,4,4,4,1,3,2,3,3,372920,0,1
DEMO5K-0272,23,1,2,2,2,4,2,3,3,3,2,2,3,2,1,1,3,3,2,1,2,2,2,1,2,3,4,3,3,2,4,2,3,362426,0,1
DEMO5K-0273,31,2,2,5,3,3,1,5,5,3,2,1,5,2,3,3,4,2,5,1,3,2,2,3,3,2,2,3,3,3,2,3,2,358883,0,1
DEMO5K-0274,25,2,2,2,3,1,4,4,3,4,4,4,2,4,2,5,3,4,3,1,2,4,3,4,3,4,3,3,3,3,4,4,3,661151,0,1
DEMO5K-0275,20,1,2,5,1,3,2,3,5,2,3,4,2,2,3,1,1,3,2,1,3,2,4,2,3,2,2,3,4,4,1,3,2,652925,0,1
DEMO5K-0276,19,2,1,3,4,1,4,4,2,5,3,4,3,2,3,2,4,5,2,1,3,2,3,4,3,2,5,4,4,4,4,5,4,633583,0,1
DEMO5K-0277,25,1,2,3,3,2,2,3,3,2,4,3,2,3,4,3,4,4,4,1,1,2,3,1,1,3,3,3,2,1,4,3,1,576347,0,1
DEMO5K-0278,18,2,1,1,3,4,2,4,5,1,2,3,4,4,3,5,2,3,4,1,2,3,3,2,1,1,2,3,4,3,2,3,3,687520,0,1
DEMO5K-0279,28,1,2,3,3,3,2,3,4,2,3,2,2,2,3,2,3,4,3,1,1,3,4,5,3,3,4,2,3,1,2,3,2,439268,0,1
DEMO5K-0280,35,2,1,4,3,3,5,2,3,4,3,2,3,4,4,3,2,4,4,1,3,5,5,4,5,4,4,4,3,4,4,4,3,548654,0,1
DEMO5K-0281,31,1,1,5,3,2,5,3,1,5,3,5,5,5,5,5,5,4,5,1,2,3,4,3,4,5,5,5,3,5,5,4,3,615716,0,1
DEMO5K-0282,28,1,1,3,2,3,4,3,3,3,4,2,3,2,3,3,2,2,2,1,2,1,3,2,3,3,5,1,3,2,2,3,1,375609,0,1
DEMO5K-0283,26,1,2,1,2,5,2,2,5,2,2,3,2,1,3,4,3,2,2,1,3,5,4,4,4,3,1,3,2,3,1,3,3,694545,0,1
DEMO5K-0284,18,1,2,2,3,2,1,1,5,2,2,3,3,3,3,3,2,3,4,1,1,1,2,2,1,2,1,2,3,2,1,2,1,489392,0,1
DEMO5K-0285,27,1,2,3,4,4,5,4,1,2,4,3,3,1,3,4,2,4,2,1,2,2,3,2,2,1,3,5,4,3,4,4,3,358489,0,1
DEMO5K-0286,17,2,1,2,4,5,2,3,4,2,2,3,4,3,2,3,3,3,4,1,5,2,3,4,4,4,5,2,2,2,2,2,2,692423,0,1
DEMO5K-0287,33,2,2,3,3,3,2,4,3,4,3,2,3,3,3,3,1,3,4,1,4,2,4,4,4,2,2,3,2,4,4,1,2,393687,0,1
DEMO5K-0288,29,2,1,3,2,4,3,5,3,4,3,3,2,3,3,2,4,1,3,1,2,5,4,5,4,4,5,3,2,1,4,3,3,652670,0,1
DEMO5K-0289,21,2,3,4,2,3,4,4,3,4,4,4,5,3,5,5,4,3,4,1,5,4,4,4,5,3,5,4,4,3,5,5,5,304873,0,1
DEMO5K-0290,28,1,2,5,4,3,3,3,4,3,4,3,4,4,2,4,3,3,5,1,3,3,2,2,3,5,1,1,1,1,1,1,1,376675,0,1
DEMO5K-0291,26,2,2,1,3,3,2,5,4,4,3,2,3,2,4,3,2,3,1,1,4,2,2,4,1,2,3,1,1,1,2,4,1,433805,0,1
DEMO5K-0292,19,1,3,1,1,3,3,4,1,4,5,4,4,5,4,4,3,5,4,1,2,3,2,2,3,1,4,4,3,5,5,5,4,318602,0,1
DEMO5K-0293,35,2,1,4,3,4,2,1,3,2,1,1,3,4,3,3,3,4,5,1,4,3,4,4,4,3,4,4,2,5,5,3,4,628057,0,1
DEMO5K-0294,34,1,1,5,3,4,3,2,5,3,3,1,2,1,1,1,2,1,1,1,1,2,1,2,4,1,3,3,2,2,4,3,4,540014,0,1
DEMO5K-0295,29,1,2,1,4,1,3,4,5,3,4,4,3,4,4,1,3,4,3,1,3,5,3,4,4,3,2,4,3,2,2,2,3,489874,0,1
DEMO5K-0296,35,2,1,2,4,3,4,2,3,3,5,2,2,4,3,2,3,3,3,1,4,2,3,2,3,2,1,4,3,3,4,2,2,386001,0,1
DEMO5K-0297,22,1,3,3,2,2,5,4,1,4,4,4,4,4,3,4,2,3,4,1,4,2,1,3,2,3,4,3,3,4,4,4,4,79240,1,1
DEMO5K-0298,34,2,3,4,4,1,4,3,3,2,4,4,3,4,4,4,3,4,4,1,3,2,4,3,2,3,2,1,1,1,1,1,3,422487,0,1
DEMO5K-0299,29,2,3,5,3,2,5,4,3,5,3,5,4,4,2,3,3,3,4,4,1,4,3,2,3,3,2,3,1,3,3,3,3,671485,0,0
DEMO5K-0300,31,2,3,5,4,2,4,3,2,2,2,4,2,4,3,3,4,2,4,1,2,2,2,3,3,2,3,2,2,2,2,4,4,644404,0,1
DEMO5K-0301,27,2,3,4,4,2,3,4,3,4,3,4,2,2,2,4,2,2,2,1,4,4,3,2,4,4,4,1,2,4,2,2,2,327656,0,1
DEMO5K-0302,28,2,3,5,3,2,4,5,2,4,3,5,4,4,3,3,4,2,5,1,3,2,4,3,1,3,4,3,5,3,4,4,5,583701,0,1
DEMO5K-0303,24,2,2,5,3,3,3,4,2,3,3,5,5,3,5,4,4,4,5,1,2,2,2,2,3,2,1,3,3,2,3,4,2,363953,0,1
DEMO5K-0304,20,2,3,1,4,3,3,3,2,4,3,4,4,2,3,3,5,2,3,1,4,2,5,3,4,4,5,3,4,5,4,4,5,400369,0,1
DEMO5K-0305,25,1,2,3,2,4,4,1,5,1,2,2,2,3,3,2,2,1,2,1,5,5,1,3,5,4,2,2,3,3,4,3,4,337664,0,1
DEMO5K-0306,33,2,1,5,4,5,4,3,3,2,3,5,4,1,3,3,2,3,3,4,4,3,3,4,3,4,5,4,2,2,5,3,4,56999,1,0
DEMO5K-0307,34,2,2,4,3,3,3,3,4,4,4,3,4,3,5,5,5,4,5,1,1,3,4,4,3,3,4,1,1,4,2,2,4,489432,0,1
DEMO5K-0308,31,1,2,4,1,2,4,4,4,4,5,4,4,5,4,4,5,3,4,1,3,4,2,5,4,4,2,2,3,3,2,4,3,686596,0,1
DEMO5K-0309,25,1,3,5,4,4,2,2,3,3,2,3,1,2,2,2,1,3,1,1,2,2,3,3,3,3,4,3,3,5,3,3,3,498665,0,1
DEMO5K-0310,21,1,3,3,2,2,4,3,4,2,2,2,4,2,5,4,3,5,5,1,1,2,4,3,2,3,3,2,5,3,3,4,4,547979,0,1
DEMO5K-0311,25,2,3,1,2,5,1,1,5,1,1,1,3,2,2,1,2,1,2,1,5,3,2,2,4,3,3,3,3,1,2,3,2,592332,0,1
DEMO5K-0312,19,2,3,4,1,4,4,5,4,3,3,2,5,4,5,5,4,4,5,1,4,4,5,3,4,5,1,4,2,2,4,3,4,527024,0,1
DEMO5K-0313,21,2,3,2,3,2,2,3,5,3,4,3,3,1,2,3,1,1,1,1,2,2,2,3,4,2,2,3,4,1,3,2,2,590325,0,1
DEMO5K-0314,26,2,2,5,2,4,2,5,3,5,3,3,3,4,3,5,3,4,2,1,3,2,5,2,3,4,2,4,3,3,2,3,2,359138,0,1
DEMO5K-0315,30,2,3,1,3,3,3,4,3,4,4,3,4,4,3,4,3,4,4,1,4,2,3,2,3,4,5,3,5,4,3,4,5,351966,0,1
DEMO5K-0316,35,1,3,1,3,2,4,4,3,4,5,5,2,3,4,4,3,3,2,1,3,2,5,1,5,3,2,4,3,3,5,3,5,67376,1,1
DEMO5K-0317,32,1,1,5,4,2,4,2,2,3,5,3,3,2,3,3,2,3,3,1,2,3,5,3,2,2,2,3,1,1,2,1,1,694360,0,1
DEMO5K-0318,20,2,3,1,3,2,4,3,3,2,5,4,4,2,3,1,1,3,2,1,3,2,1,2,2,3,2,2,2,3,1,3,2,345444,0,1
DEMO5K-0319,22,2,1,2,1,4,2,1,4,3,3,3,2,3,4,3,3,2,4,1,3,3,3,3,2,2,4,5,4,5,3,5,3,584837,0,1
DEMO5K-0320,35,1,2,2,1,4,5,3,4,3,4,3,5,4,2,3,3,3,4,1,3,4,5,1,3,2,4,3,3,1,3,3,2,584733,0,1
DEMO5K-0321,21,2,1,1,3,3,2,3,3,3,2,2,1,2,1,1,2,1,1,1,5,3,3,2,1,2,1,2,4,2,2,1,3,404061,0,1
DEMO5K-0322,27,1,1,4,2,3,4,5,2,5,5,3,4,3,4,3,4,4,3,1,4,5,3,1,4,4,5,5,5,4,5,4,4,521346,0,1
DEMO5K-0323,28,1,2,4,4,2,4,3,2,5,4,5,4,3,4,5,3,5,4,1,4,5,4,5,4,5,3,3,3,4,4,4,4,441247,0,1
DEMO5K-0324,19,2,2,2,3,3,4,5,1,5,4,5,3,4,4,2,4,4,1,1,4,5,4,4,5,3,3,3,4,4,3,3,2,309756,0,1
DEMO5K-0325,17,1,1,1,2,4,3,3,3,1,1,2,1,1,2,1,3,2,1,1,3,1,2,3,1,1,1,1,1,2,2,3,1,326921,0,1
DEMO5K-0326,20,1,3,5,3,4,4,4,4,3,3,4,3,2,1,2,3,3,1,1,5,3,5,4,4,5,4,2,2,2,2,4,4,520102,0,1
DEMO5K-0327,21,2,3,1,3,4,1,2,4,1,4,3,3,2,4,3,3,5,4,1,3,4,3,4,4,4,2,4,5,2,4,4,3,667906,0,1
DEMO5K-0328,32,1,3,5,3,4,4,2,3,4,3,3,4,3,4,4,4,2,2,1,4,1,3,5,4,4,4,3,5,3,3,5,2,371008,0,1
DEMO5K-0329,21,1,3,4,1,3,2,3,4,4,1,3,2,4,3,3,4,3,5,1,3,3,1,3,3,2,2,4,2,3,3,3,4,399410,0,1
DEMO5K-0330,29,2,3,1,4,3,2,3,2,3,2,4,3,4,4,3,4,4,4,3,3,2,3,4,3,3,2,2,5,1,1,1,2,634592,0,0
DEMO5K-0331,17,1,2,4,2,2,4,3,3,3,3,4,3,4,3,1,2,4,3,1,3,4,3,1,5,5,3,3,4,2,4,3,5,560951,0,1
DEMO5K-0332,27,2,2,3,4,2,3,4,4,3,2,2,3,4,2,3,5,4,3,1,5,3,3,2,5,2,3,4,2,3,1,3,3,484895,0,1
DEMO5K-0333,23,2,1,2,3,3,1,2,4,3,3,3,3,4,5,4,4,4,5,1,3,2,3,4,5,4,3,3,4,5,3,5,3,437785,0,1
DEMO5K-0334,18,2,1,3,3,4,1,2,5,3,4,1,2,3,4,3,2,4,3,1,4,4,4,4,3,3,1,2,3,3,3,2,4,56461,1,1
DEMO5K-0335,35,1,3,4,1,2,3,4,2,3,3,3,1,2,4,2,1,1,2,1,3,2,2,3,1,2,3,3,2,1,2,3,1,465824,0,1
DEMO5K-0336,22,2,3,4,4,4,2,2,5,2,3,5,3,2,2,3,2,3,2,1,1,3,2,3,1,3,3,2,1,2,2,2,3,329963,0,1
DEMO5K-0337,19,2,3,4,3,3,1,1,3,2,1,2,3,3,2,4,4,3,5,1,5,5,4,5,5,4,4,2,3,3,3,4,4,614670,0,1
DEMO5K-0338,26,1,3,3,3,3,3,2,2,1,1,1,4,5,4,3,3,2,2,1,5,4,3,2,5,2,4,3,2,4,3,1,2,694583,0,1
DEMO5K-0339,31,2,2,3,3,3,4,3,1,4,3,2,5,2,5,3,3,3,4,1,3,4,3,3,4,3,2,4,2,3,3,3,4,519090,0,1
DEMO5K-0340,27,2,1,4,3,4,1,2,3,3,3,2,5,1,3,3,3,3,4,1,3,5,3,2,5,4,4,4,3,4,2,5,4,312216,0,1
DEMO5K-0341,35,2,3,4,3,1,2,4,2,4,4,4,3,5,5,5,4,5,5,1,2,5,4,5,3,5,4,4,4,2,5,3,4,535254,0,1
DEMO5K-0342,21,2,1,2,3,2,3,4,2,5,5,5,2,3,2,4,4,2,2,1,4,5,4,5,5,2,3,2,4,4,2,3,3,432670,0,1
DEMO5K-0343,27,1,2,4,3,2,5,3,2,4,3,5,4,4,5,4,5,5,5,1,5,3,4,3,4,5,4,5,3,4,4,4,3,536618,0,1
DEMO5K-0344,21,2,2,4,2,4,2,3,4,2,2,2,2,4,1,3,3,1,2,1,3,4,4,4,3,3,4,4,4,2,4,3,4,361654,0,1
DEMO5K-0345,19,2,3,3,2,5,2,2,3,3,3,2,5,5,2,4,4,5,4,1,3,4,4,5,5,3,2,3,2,3,3,4,1,573180,0,1
DEMO5K-0346,28,2,2,2,2,2,5,3,3,3,2,2,2,3,2,1,3,1,2,1,1,4,1,2,2,1,4,3,3,2,4,5,3,513433,0,1
DEMO5K-0347,19,1,1,4,1,5,1,1,5,1,1,3,2,3,4,2,3,3,2,1,3,1,1,2,1,2,1,1,1,1,1,2,3,600715,0,1
DEMO5K-0348,27,2,3,4,3,3,4,3,2,5,4,3,4,5,3,4,3,2,4,1,3,2,3,3,4,4,4,4,4,4,3,4,1,343371,0,1
DEMO5K-0349,19,1,2,2,1,2,3,4,2,3,2,4,2,3,4,3,1,3,2,1,4,3,3,4,5,2,3,4,2,5,4,4,4,667583,0,1
DEMO5K-0350,24,2,3,5,1,4,2,3,4,3,2,2,3,3,5,4,5,5,4,1,3,4,4,3,1,3,4,4,3,2,2,2,3,484066,0,1
DEMO5K-0351,25,2,3,5,4,2,5,4,3,3,5,3,2,5,2,4,1,4,3,1,3,4,3,1,3,3,3,3,3,4,3,2,4,519098,0,1
DEMO5K-0352,26,2,2,3,1,5,3,3,2,3,3,4,3,4,2,2,3,2,2,1,2,2,2,2,2,2,4,3,2,1,2,3,3,580811,0,1
DEMO5K-0353,27,2,3,1,3,3,4,4,2,5,5,4,2,4,4,3,3,2,4,1,5,2,2,3,5,3,3,2,5,3,3,4,3,518590,0,1
DEMO5K-0354,30,2,3,3,3,4,2,1,5,1,1,1,1,1,1,1,1,1,2,1,2,1,3,1,3,4,2,4,3,1,3,3,3,318881,0,1
DEMO5K-0355,31,1,3,3,1,3,4,2,2,3,4,3,4,3,4,5,3,4,2,1,3,4,5,2,3,4,3,4,2,3,2,3,4,560886,0,1
DEMO5K-0356,30,2,1,4,4,1,3,1,2,3,3,3,4,4,4,3,3,2,3,1,4,3,5,2,5,4,4,3,2,3,2,4,3,651905,0,1
DEMO5K-0357,17,2,2,2,3,1,5,3,4,4,4,5,2,3,1,4,2,2,3,1,1,2,2,2,3,1,3,2,3,2,3,1,1,385680,0,1
DEMO5K-0358,30,1,3,5,2,5,2,1,4,2,2,3,3,2,2,3,5,2,4,1,3,2,4,3,3,4,4,3,5,3,3,5,5,465637,0,1
DEMO5K-0359,21,2,2,2,1,1,3,4,2,3,4,1,3,4,5,2,3,4,3,1,2,3,3,1,4,4,3,4,4,4,2,3,3,411454,0,1
DEMO5K-0360,18,2,2,3,1,1,5,5,3,4,4,4,4,4,4,2,4,4,3,1,3,3,4,2,4,2,3,3,3,4,4,5,3,539702,0,1
DEMO5K-0361,20,1,2,3,4,4,2,2,5,2,1,1,2,3,2,3,1,3,1,1,1,3,1,1,2,1,1,1,1,1,1,1,1,490338,0,1
DEMO5K-0362,32,2,3,2,3,2,3,4,4,3,5,4,4,5,4,3,4,4,3,1,5,3,5,5,4,4,3,3,4,2,4,3,3,75812,1,1
DEMO5K-0363,20,1,1,3,1,3,3,2,1,2,3,2,5,1,4,4,3,4,3,1,1,1,3,1,1,2,2,1,1,1,1,3,2,676431,0,1
DEMO5K-0364,23,2,3,3,2,5,2,3,2,3,2,3,5,3,3,4,3,4,2,1,3,3,2,4,4,3,3,5,4,5,3,5,3,567562,0,1
DEMO5K-0365,33,2,2,4,1,4,1,1,1,2,2,1,3,2,2,4,1,3,2,1,3,1,1,3,2,2,3,1,1,3,3,3,2,603454,0,1
DEMO5K-0366,17,2,2,2,4,4,3,5,2,1,1,2,2,2,3,3,1,2,4,1,3,3,3,2,2,3,2,1,1,2,2,1,2,332410,0,1
DEMO5K-0367,25,1,3,1,2,3,4,4,3,1,2,4,2,5,3,2,4,3,3,4,1,2,1,2,3,3,3,2,4,3,3,1,2,440098,0,0
DEMO5K-0368,23,1,3,4,3,5,3,3,5,3,1,2,3,5,4,3,3,5,4,1,5,3,4,3,2,4,3,4,5,3,2,5,4,367979,0,1
DEMO5K-0369,30,2,3,4,4,4,1,2,2,2,2,2,4,4,4,4,5,4,5,1,4,3,4,3,3,2,2,4,2,2,3,4,4,631281,0,1
DEMO5K-0370,22,1,3,2,3,3,3,3,3,3,3,4,3,2,4,4,4,3,4,1,3,5,3,2,5,1,3,2,3,4,5,3,2,360121,0,1
DEMO5K-0371,19,2,2,1,4,4,2,1,4,2,1,2,1,1,1,1,1,2,1,1,1,1,1,1,1,1,3,3,1,2,2,2,3,601513,0,1
DEMO5K-0372,23,2,3,1,4,3,3,2,2,4,2,3,2,2,2,3,3,1,2,1,1,2,3,1,3,1,2,3,1,3,1,2,3,380720,0,1
DEMO5K-0373,25,2,3,4,2,3,2,3,1,3,4,4,5,4,3,2,3,5,3,1,4,4,5,4,4,3,5,4,3,5,3,5,3,493064,0,1
DEMO5K-0374,24,2,3,5,3,2,4,3,5,3,2,4,3,2,3,2,3,3,5,1,2,4,2,3,3,4,4,3,5,2,3,3,4,561532,0,1
DEMO5K-0375,30,1,1,4,3,3,2,3,4,2,3,4,2,3,1,2,1,3,1,1,2,3,1,1,2,2,3,2,2,3,3,3,3,533243,0,1
DEMO5K-0376,18,1,2,5,4,2,4,4,3,4,2,2,4,5,1,3,4,3,2,1,2,3,3,2,2,2,3,3,3,4,3,4,2,384544,0,1
DEMO5K-0377,25,2,2,3,2,5,1,1,5,1,3,2,2,4,3,5,4,3,5,1,3,3,4,3,3,3,1,2,2,1,1,1,3,547353,0,1
DEMO5K-0378,22,2,3,2,4,2,3,3,3,4,5,3,1,3,3,3,4,2,2,1,4,1,3,4,3,3,2,3,4,2,2,2,2,566376,0,1
DEMO5K-0379,20,1,3,3,3,4,2,3,3,2,2,2,1,3,3,1,2,2,2,1,2,2,3,2,1,2,4,3,3,1,2,4,2,669626,0,1
DEMO5K-0380,35,2,3,4,3,2,5,3,2,4,4,4,4,5,4,5,4,4,4,1,2,4,3,5,3,2,4,3,4,3,2,4,4,406148,0,1
DEMO5K-0381,22,1,2,2,4,3,3,2,5,1,2,3,2,2,1,1,2,2,1,1,2,1,1,2,2,1,2,2,2,1,1,3,1,599364,0,1
DEMO5K-0382,34,2,1,2,3,4,3,2,4,2,3,1,3,1,1,1,1,1,3,1,4,4,1,3,2,2,2,2,2,1,2,3,2,526014,0,1
DEMO5K-0383,19,1,3,2,3,4,3,5,2,4,3,2,5,5,5,4,5,5,5,1,3,3,4,1,2,3,4,3,4,3,5,3,3,365397,0,1
DEMO5K-0384,23,2,2,5,2,4,3,1,2,3,3,2,2,3,1,2,2,2,3,1,3,2,3,3,1,2,2,4,2,2,3,2,1,522855,0,1
DEMO5K-0385,35,2,2,3,2,4,4,3,3,3,2,5,2,5,4,3,3,2,5,1,4,2,3,3,3,4,5,4,4,4,5,4,4,441023,0,1
DEMO5K-0386,32,2,1,1,3,1,4,4,3,5,2,4,2,1,2,1,2,1,1,1,4,1,3,3,2,2,1,1,3,1,1,2,2,449984,0,1
DEMO5K-0387,33,1,2,5,1,2,4,1,1,4,5,5,4,3,4,4,3,4,3,1,2,2,3,5,2,2,4,1,3,1,2,2,3,56339,1,1
DEMO5K-0388,31,2,3,3,3,4,2,3,4,1,3,2,3,3,5,3,4,4,4,1,3,5,3,4,5,3,3,5,3,3,3,3,4,324354,0,1
DEMO5K-0389,33,2,3,3,4,3,2,2,4,4,2,3,4,4,3,3,5,2,3,1,4,5,4,4,3,4,3,3,3,3,2,3,2,572477,0,1
DEMO5K-0390,26,1,1,5,4,5,3,2,3,2,2,2,4,3,1,4,2,3,3,1,3,2,4,2,3,4,3,2,3,2,4,3,4,360458,0,1
DEMO5K-0391,32,2,3,3,2,1,5,5,2,4,5,5,4,4,4,4,3,2,2,1,5,5,4,3,2,3,5,3,4,2,3,2,3,334531,0,1
DEMO5K-0392,22,2,2,2,2,4,1,4,3,3,4,4,5,5,3,5,4,4,4,1,1,2,2,3,3,3,4,2,4,4,4,4,4,332126,0,1
DEMO5K-0393,18,2,3,3,2,5,3,2,5,1,3,1,4,4,4,4,2,5,3,1,4,4,3,2,4,5,4,2,3,5,2,3,3,321371,0,1
DEMO5K-0394,18,2,3,4,1,5,3,4,4,4,2,3,3,3,1,1,1,1,3,1,1,2,2,1,1,3,2,3,2,3,3,1,3,672001,0,1
DEMO5K-0395,32,1,3,2,3,2,4,3,3,3,1,2,5,5,5,5,3,5,4,1,4,4,4,2,3,5,3,1,5,1,4,2,3,533662,0,1
DEMO5K-0396,31,1,1,4,2,2,5,5,3,4,5,5,2,4,3,4,5,4,4,1,3,5,4,5,2,4,3,4,3,2,4,3,4,693996,0,1
DEMO5K-0397,24,2,3,5,3,5,1,2,3,1,2,2,1,1,1,4,2,1,2,1,3,3,4,1,3,3,1,1,2,2,1,2,1,590099,0,1
DEMO5K-0398,18,2,2,5,2,1,3,1,4,3,3,3,2,1,4,2,4,2,3,1,2,4,3,3,2,3,4,3,4,3,4,3,2,646273,0,1
DEMO5K-0399,35,2,3,2,4,2,3,4,1,4,5,4,4,5,5,4,3,5,4,1,3,4,4,4,2,5,3,3,3,1,2,3,3,595494,0,1
DEMO5K-0400,20,2,1,3,4,2,4,4,1,5,3,3,3,4,4,3,4,3,4,1,2,2,2,2,4,2,1,2,3,2,2,2,3,463397,0,1
DEMO5K-0401,28,1,1,3,2,2,3,3,2,3,3,3,2,3,3,3,3,4,4,1,3,5,5,3,4,5,3,3,4,4,4,3,5,541587,0,1
DEMO5K-0402,22,2,3,1,4,1,5,5,2,4,5,4,3,4,5,3,3,4,3,1,4,3,4,5,3,5,3,2,2,3,1,3,3,309859,0,1
DEMO5K-0403,22,2,1,5,3,5,2,2,5,3,3,2,1,3,4,2,3,2,3,1,5,3,4,3,2,2,1,4,1,2,3,2,3,357879,0,1
DEMO5K-0404,35,2,1,2,4,1,3,2,2,2,4,1,2,3,1,2,3,1,3,1,2,2,3,1,3,2,5,3,3,3,4,3,3,439752,0,1
DEMO5K-0405,25,2,3,2,1,3,3,1,3,2,2,1,3,3,3,1,1,4,3,5,4,2,4,3,2,4,5,4,3,5,4,3,4,52705,1,0
DEMO5K-0406,20,2,1,2,3,1,5,3,3,4,1,5,1,3,3,2,4,2,2,1,4,3,3,4,5,2,4,3,4,4,3,3,2,538490,0,1
DEMO5K-0407,24,2,3,4,1,5,1,4,4,1,2,2,2,2,5,4,4,3,3,1,2,2,3,1,1,2,2,1,1,1,1,3,2,692853,0,1
DEMO5K-0408,24,2,2,5,4,3,4,4,2,4,3,3,3,4,3,4,4,3,3,1,2,2,5,4,3,5,2,4,4,4,3,3,3,386410,0,1
DEMO5K-0409,35,1,2,5,3,2,3,5,2,4,3,3,3,4,4,5,5,4,5,1,2,2,3,2,4,3,4,1,3,2,3,3,3,393377,0,1
DEMO5K-0410,29,2,3,3,4,1,3,3,3,3,4,4,3,3,3,3,4,5,2,1,2,4,3,2,2,4,2,2,3,2,4,3,3,337064,0,1
DEMO5K-0411,32,1,3,4,3,3,4,3,3,3,1,3,4,4,4,2,5,2,3,1,2,2,1,5,2,2,4,2,3,3,2,2,2,529353,0,1
DEMO5K-0412,18,2,2,4,2,4,4,4,3,4,1,4,4,4,5,5,3,5,3,1,4,5,3,4,3,4,5,3,3,4,3,4,2,339032,0,1
DEMO5K-0413,20,2,2,4,2,4,3,1,3,3,2,2,4,2,3,3,4,1,2,1,2,1,2,3,2,2,1,1,4,1,2,1,3,587678,0,1
DEMO5K-0414,23,1,3,1,2,3,4,3,3,3,5,5,2,1,2,5,3,2,3,1,3,4,5,3,5,2,4,3,3,3,2,4,4,565813,0,1
DEMO5K-0415,30,1,1,3,4,5,1,4,5,3,2,4,3,4,3,3,3,2,3,1,3,4,1,1,3,2,4,2,2,2,2,3,2,682773,0,1
DEMO5K-0416,31,2,3,4,3,5,4,3,3,4,3,2,4,4,4,4,3,4,5,1,4,2,3,3,2,2,5,3,4,4,2,4,2,629755,0,1
DEMO5K-0417,26,2,3,5,2,4,3,3,2,3,3,1,2,2,2,2,3,2,2,1,5,4,4,5,4,4,1,4,3,3,4,5,3,648351,0,1
DEMO5K-0418,33,2,3,3,1,4,1,1,5,2,2,1,3,3,3,3,2,2,4,1,1,2,1,2,2,2,4,2,3,4,3,3,3,77050,1,1
DEMO5K-0419,33,2,3,5,2,5,1,1,4,1,1,1,2,1,1,1,1,1,2,1,4,2,2,1,2,2,1,3,1,1,1,1,1,376829,0,1
DEMO5K-0420,26,1,3,2,3,4,3,3,3,2,2,3,1,1,1,2,1,1,1,1,5,3,4,4,3,3,3,2,3,3,2,3,4,372516,0,1
DEMO5K-0421,32,1,3,5,3,2,4,5,2,5,3,3,4,2,2,3,4,4,4,1,1,2,2,2,3,1,2,3,3,4,2,3,3,440852,0,1
DEMO5K-0422,25,2,2,3,2,3,3,2,3,2,1,4,3,2,3,3,2,2,1,1,3,2,3,3,3,1,2,1,1,1,1,2,2,660711,0,1
DEMO5K-0423,27,1,3,1,3,2,4,3,2,4,4,4,3,3,3,3,3,3,2,1,3,4,4,5,4,4,3,3,4,5,4,3,3,568679,0,1
DEMO5K-0424,30,2,2,2,3,3,4,4,1,5,5,3,4,3,5,4,5,4,5,1,5,5,4,5,3,3,4,5,4,3,5,4,3,337592,0,1
DEMO5K-0425,35,2,2,3,2,5,4,2,1,3,2,2,2,2,4,2,2,3,3,1,4,4,5,4,5,3,5,2,3,4,4,3,3,53906,1,1
DEMO5K-0426,17,2,2,5,3,3,2,4,2,3,3,4,4,4,3,5,3,4,5,1,5,3,4,3,3,4,4,4,3,3,4,3,5,627138,0,1
DEMO5K-0427,28,2,3,2,3,1,5,5,2,4,5,4,1,2,3,3,3,1,4,1,3,2,2,3,5,3,5,4,5,5,5,5,5,567952,0,1
DEMO5K-0428,30,1,3,2,4,3,4,2,4,3,2,3,3,5,5,3,5,3,3,1,5,5,5,4,3,5,1,3,3,1,2,3,3,485270,0,1
DEMO5K-0429,29,2,3,5,3,5,1,2,4,3,4,4,3,2,2,2,2,1,3,2,4,4,4,3,4,4,4,4,5,4,4,4,4,550072,0,0
DEMO5K-0430,18,2,3,5,3,3,2,3,2,2,2,4,2,3,2,4,2,1,2,1,3,3,3,4,3,2,3,3,4,4,3,3,3,662565,0,1
DEMO5K-0431,29,2,1,4,4,1,3,2,2,3,3,5,3,3,2,1,4,2,3,1,3,3,4,2,3,4,4,4,4,3,5,2,4,525794,0,1
DEMO5K-0432,24,1,3,2,4,2,2,3,5,3,4,4,1,1,3,1,2,1,2,1,1,1,1,4,3,1,3,4,1,3,2,4,3,349088,0,1
DEMO5K-0433,31,2,1,1,3,3,3,5,2,2,2,4,4,3,5,5,5,4,4,1,5,2,3,3,5,4,4,2,3,2,4,4,4,381260,0,1
DEMO5K-0434,18,2,1,2,1,3,4,5,3,3,2,4,3,2,3,1,2,2,4,1,3,3,5,2,3,3,4,4,4,2,3,3,5,509024,0,1
DEMO5K-0435,21,1,3,2,2,3,3,2,4,3,3,3,2,2,2,3,3,3,3,1,1,1,3,1,3,2,2,3,4,2,3,2,3,546429,0,1
DEMO5K-0436,20,2,2,2,4,2,3,3,1,3,4,4,4,1,2,2,3,4,4,1,3,4,5,5,4,5,3,3,2,3,3,3,3,628568,0,1
DEMO5K-0437,24,1,1,1,3,3,3,4,2,3,3,3,5,5,5,3,4,5,4,1,4,4,3,3,3,4,3,5,4,3,5,4,3,345057,0,1
DEMO5K-0438,34,2,1,3,1,5,1,3,2,1,3,2,1,1,1,1,1,1,3,1,1,1,1,1,1,1,1,1,1,1,1,2,2,317257,0,1
DEMO5K-0439,24,2,3,5,2,1,5,4,1,4,5,4,3,3,3,4,5,2,2,1,4,3,4,4,2,3,4,5,5,5,5,2,3,311070,0,1
DEMO5K-0440,34,1,3,1,3,2,2,4,4,2,1,3,5,3,4,1,4,4,3,3,5,3,4,5,3,4,2,2,1,2,1,1,1,412646,0,0
DEMO5K-0441,31,2,2,5,2,3,3,2,5,3,1,1,4,5,2,2,4,4,5,1,2,3,3,3,3,4,4,3,5,2,3,4,3,398725,0,1
DEMO5K-0442,27,1,2,1,3,3,4,3,2,4,2,5,4,2,3,5,4,4,4,1,3,3,4,2,4,3,4,2,3,1,4,1,3,521326,0,1
DEMO5K-0443,28,1,1,5,4,5,3,3,2,5,4,5,5,4,5,4,4,4,5,1,3,3,3,4,4,4,4,3,1,2,2,1,1,304995,0,1
DEMO5K-0444,19,2,2,2,3,4,2,2,3,1,3,2,5,4,4,4,4,5,5,1,1,3,3,3,3,2,3,3,3,5,3,2,2,397450,0,1
DEMO5K-0445,35,2,2,5,4,2,5,4,1,5,5,5,1,3,4,3,5,2,3,1,4,4,4,3,5,4,4,5,5,5,5,5,5,432491,0,1
DEMO5K-0446,20,2,3,1,3,3,3,3,4,3,2,2,2,3,4,4,5,2,3,1,3,2,2,4,2,4,2,5,2,2,4,2,2,515422,0,1
DEMO5K-0447,33,2,3,4,2,4,3,2,2,1,1,4,4,3,5,2,4,3,2,1,4,3,3,3,3,2,4,3,3,4,3,4,4,568724,0,1
DEMO5K-0448,34,2,1,1,2,4,2,3,5,3,5,1,5,3,3,3,3,5,5,1,4,4,1,4,2,2,4,4,5,3,3,3,4,509192,0,1
DEMO5K-0449,27,1,2,1,4,2,5,4,3,2,2,5,2,2,1,3,3,3,2,1,3,1,3,1,1,1,3,1,1,3,2,2,2,58674,1,1
DEMO5K-0450,20,2,1,1,3,2,3,3,5,1,3,2,1,4,3,2,2,3,3,1,2,3,3,3,2,4,4,3,3,4,2,4,2,353793,0,1
DEMO5K-0451,27,2,2,1,4,4,1,2,4,1,1,1,1,1,1,2,1,2,2,1,1,2,3,3,1,2,3,3,4,3,3,2,4,465422,0,1
DEMO5K-0452,20,1,3,4,4,3,2,3,3,4,3,4,3,4,3,3,4,4,3,1,3,2,4,3,3,3,3,2,3,3,3,2,4,512555,0,1
DEMO5K-0453,24,2,2,5,4,3,2,2,5,3,2,4,1,2,1,2,3,1,3,1,3,4,5,5,5,5,5,3,4,4,5,1,3,540255,0,1
DEMO5K-0454,22,1,1,3,4,3,5,2,3,4,3,3,3,2,3,3,2,3,3,1,3,3,3,3,3,2,3,5,3,4,4,2,3,372516,0,1
DEMO5K-0455,21,2,3,4,2,5,4,4,3,3,2,2,4,4,4,5,5,4,4,1,4,4,4,4,2,4,4,3,3,4,3,4,5,363275,0,1
DEMO5K-0456,35,1,2,4,4,3,2,3,4,3,1,2,2,1,1,2,2,1,2,1,3,3,2,1,2,3,1,1,1,1,2,3,3,534851,0,1
DEMO5K-0457,33,1,1,4,2,3,3,4,5,1,3,4,2,3,3,2,4,3,3,1,3,3,5,2,3,3,2,2,2,3,2,2,3,566977,0,1
DEMO5K-0458,34,2,3,1,2,3,5,4,1,4,4,3,2,4,3,3,4,2,3,1,2,2,1,2,3,1,4,4,5,5,2,5,5,586197,0,1
DEMO5K-0459,24,2,2,5,1,5,4,3,3,3,2,4,3,3,3,3,1,4,3,1,4,2,3,4,2,4,4,4,3,3,2,4,5,450003,0,1
DEMO5K-0460,26,1,2,1,2,3,4,3,3,4,4,4,4,4,5,5,4,4,3,1,3,4,3,3,3,4,3,4,5,4,2,4,4,665326,0,1
DEMO5K-0461,22,1,3,4,3,2,4,5,2,5,4,4,4,2,5,3,4,5,5,1,2,5,5,3,3,4,5,4,5,3,3,4,5,574598,0,1
DEMO5K-0462,30,1,3,5,3,3,5,3,2,4,4,4,4,3,5,5,3,4,4,1,4,2,2,2,1,3,3,1,3,1,2,1,3,302230,0,1
DEMO5K-0463,35,1,2,4,1,3,2,4,5,3,4,3,3,3,3,4,3,2,2,1,3,3,2,2,1,3,3,2,3,5,3,2,2,424775,0,1
DEMO5K-0464,22,2,2,3,2,3,1,1,3,3,4,3,3,3,3,2,3,2,2,1,2,2,3,2,4,1,3,3,4,5,2,4,2,307207,0,1
DEMO5K-0465,20,2,2,4,3,1,3,4,2,4,3,4,2,4,3,5,3,5,4,1,3,2,3,1,4,4,4,2,3,2,2,3,2,304225,0,1
DEMO5K-0466,18,2,3,4,1,2,4,1,3,2,1,2,3,5,5,3,4,5,5,1,2,3,3,2,2,2,4,3,4,4,2,3,2,455553,0,1
DEMO5K-0467,30,2,3,2,4,3,3,3,2,4,4,5,4,3,3,3,4,3,5,1,4,3,5,3,3,3,1,2,4,3,3,2,3,420537,0,1
DEMO5K-0468,35,2,3,5,4,4,1,3,4,3,3,2,4,3,2,2,2,4,3,1,3,3,3,4,2,3,3,2,2,2,2,2,3,454337,0,1
DEMO5K-0469,22,2,3,5,2,1,5,3,2,5,4,5,4,4,5,3,3,3,5,1,3,5,5,4,4,4,3,3,4,4,4,2,3,367002,0,1
DEMO5K-0470,24,2,3,5,3,3,5,4,1,4,4,4,4,3,3,3,3,3,3,1,4,4,4,4,3,3,5,5,4,3,5,4,3,342378,0,1
DEMO5K-0471,21,1,3,4,3,1,3,3,4,2,4,4,3,5,3,2,4,4,4,1,4,5,4,4,3,3,5,5,2,5,5,4,3,574372,0,1
DEMO5K-0472,20,2,2,1,3,1,5,4,2,4,5,3,4,3,2,3,4,3,4,1,5,5,4,5,4,5,4,4,4,3,4,5,3,432309,0,1
DEMO5K-0473,35,1,1,1,3,4,2,2,5,4,3,1,2,1,1,1,1,1,1,1,3,2,3,3,2,3,2,3,3,3,2,2,2,506094,0,1
DEMO5K-0474,34,1,2,2,4,4,1,2,5,3,2,1,1,1,1,2,4,3,2,1,3,3,1,1,3,2,3,2,2,4,2,3,1,621160,0,1
DEMO5K-0475,22,2,3,5,3,3,5,3,3,3,3,3,4,5,5,3,4,5,4,1,3,1,1,1,2,3,4,4,5,4,3,5,4,499710,0,1
DEMO5K-0476,26,1,2,5,2,4,5,2,2,2,3,3,5,3,4,3,4,3,4,1,2,3,3,3,3,2,2,2,4,3,3,3,4,348283,0,1
DEMO5K-0477,28,2,2,2,4,2,4,3,2,4,2,4,3,3,1,5,3,2,2,1,5,4,5,4,3,4,5,4,4,5,5,5,4,496373,0,1
DEMO5K-0478,34,1,1,5,1,2,2,3,4,2,4,4,3,4,4,2,3,4,4,1,3,3,2,3,4,3,2,2,2,2,3,1,2,452256,0,1
DEMO5K-0479,29,2,3,3,2,4,4,4,3,4,4,5,4,3,1,4,1,3,2,1,4,2,3,4,5,4,5,1,2,3,4,3,4,491659,0,1
DEMO5K-0480,29,2,1,1,1,1,5,4,3,3,5,3,3,2,3,3,4,4,2,1,2,4,5,5,4,5,1,2,1,2,2,2,3,431514,0,1
DEMO5K-0481,33,2,2,1,2,2,1,4,5,4,2,4,5,4,3,2,3,3,4,1,5,3,4,4,3,3,3,3,5,3,3,3,3,348512,0,1
DEMO5K-0482,29,2,3,3,1,3,4,4,3,3,4,4,1,4,3,2,2,4,1,1,3,2,3,2,3,2,2,3,3,2,4,1,4,592502,0,1
DEMO5K-0483,22,1,2,5,2,3,2,2,1,2,1,1,1,2,4,4,3,1,3,1,1,3,3,3,2,1,2,4,2,3,4,2,2,600360,0,1
DEMO5K-0484,17,2,3,3,2,3,3,2,5,3,4,2,1,3,4,3,2,2,3,1,4,2,1,3,2,3,2,3,2,3,5,2,4,357938,0,1
DEMO5K-0485,26,2,1,5,4,2,5,5,2,4,5,4,5,3,5,5,4,4,4,1,3,5,3,3,2,5,4,5,5,4,5,3,1,372000,0,1
DEMO5K-0486,17,2,2,1,3,5,1,4,4,1,3,1,2,1,1,1,3,2,1,1,3,2,3,2,2,1,1,1,3,1,1,2,1,551806,0,1
DEMO5K-0487,31,1,2,5,4,3,2,4,3,4,3,1,2,1,4,2,2,3,1,1,3,2,3,3,4,1,3,2,3,3,2,4,2,389583,0,1
DEMO5K-0488,17,2,1,3,3,2,2,2,2,3,4,3,3,2,3,2,4,3,2,1,1,1,2,3,2,2,2,4,1,3,3,3,3,315844,0,1
DEMO5K-0489,33,1,1,4,4,3,3,4,3,4,3,4,3,3,5,4,4,3,4,1,1,2,1,2,1,3,4,2,3,2,1,2,4,674932,0,1
DEMO5K-0490,27,2,1,4,4,4,3,2,4,1,2,2,2,2,3,2,3,3,3,1,3,4,3,1,2,4,3,4,2,2,2,2,3,533238,0,1
DEMO5K-0491,17,1,2,3,2,1,5,4,4,4,2,2,2,4,5,2,2,3,1,1,2,2,1,2,2,3,5,4,4,4,5,5,2,584612,0,1
DEMO5K-0492,22,2,3,5,3,3,3,4,3,1,3,3,5,4,5,5,3,4,3,1,5,1,5,4,4,4,2,2,4,2,3,3,3,362027,0,1
DEMO5K-0493,18,1,3,4,3,3,3,2,3,3,2,4,3,3,4,4,5,4,4,1,2,1,3,2,2,2,4,4,2,3,4,2,2,389533,0,1
DEMO5K-0494,27,2,3,5,2,5,3,2,2,2,3,2,4,5,4,2,5,5,5,1,4,5,3,5,4,4,3,4,4,3,4,3,4,302809,0,1
DEMO5K-0495,31,2,2,4,2,3,1,2,2,4,3,1,2,3,3,2,1,2,2,1,5,3,3,4,3,3,2,2,3,4,4,2,1,624987,0,1
DEMO5K-0496,20,2,2,4,3,4,3,2,5,1,1,2,3,4,5,2,4,4,5,1,1,2,4,5,3,3,1,1,1,2,3,2,3,312627,0,1
DEMO5K-0497,31,2,3,2,4,2,4,2,2,3,5,3,2,3,2,3,3,2,2,1,4,3,4,5,3,3,3,5,3,5,4,3,5,76888,1,1
DEMO5K-0498,27,2,3,4,4,5,2,1,4,3,3,3,3,4,4,4,5,4,3,1,1,1,3,3,1,1,2,2,2,4,2,2,2,467036,0,1
DEMO5K-0499,20,2,1,3,2,3,1,2,5,2,2,2,3,3,2,3,5,2,2,1,2,2,2,3,3,1,2,2,2,2,1,1,2,524906,0,1
DEMO5K-0500,30,1,2,3,1,3,3,3,3,3,3,4,3,2,1,2,1,4,2,1,3,2,3,3,2,4,3,2,3,4,4,3,4,471906,0,1
DEMO5K-0501,19,1,2,2,2,4,3,2,2,2,1,2,4,4,3,3,3,1,3,4,4,3,4,2,3,3,3,2,5,2,4,4,2,440822,0,0
DEMO5K-0502,23,1,3,5,4,3,1,1,4,2,1,2,3,3,1,2,3,3,2,1,2,4,1,2,3,3,2,3,1,1,2,2,2,422056,0,1
DEMO5K-0503,29,2,1,3,3,3,3,3,4,2,2,3,3,5,5,4,4,4,5,1,4,5,1,3,2,2,4,3,3,5,4,5,5,457956,0,1
DEMO5K-0504,32,1,1,1,2,1,3,3,4,3,4,4,4,4,3,3,5,2,1,1,4,3,4,5,3,3,4,5,3,5,3,4,5,317830,0,1
DEMO5K-0505,17,1,3,1,4,3,2,5,4,2,2,3,5,5,5,5,5,3,3,1,4,5,5,5,4,3,3,4,2,2,3,4,4,569831,0,1
DEMO5K-0506,32,2,3,5,3,3,3,2,5,3,3,1,2,2,3,2,2,3,1,1,1,1,1,1,2,3,2,1,1,3,1,4,2,62147,1,1
DEMO5K-0507,23,2,2,4,1,2,4,2,2,4,1,4,1,1,2,1,1,2,2,1,2,2,3,1,3,4,1,1,1,3,1,2,1,512998,0,1
DEMO5K-0508,31,2,2,3,3,2,5,3,2,3,3,3,1,2,1,1,2,2,2,1,3,3,2,4,4,4,3,3,5,2,2,3,3,340753,0,1
DEMO5K-0509,28,1,3,5,3,3,4,4,3,1,2,2,2,1,3,3,1,3,1,1,3,3,3,2,1,2,5,4,3,4,2,3,2,515904,0,1
DEMO5K-0510,26,2,2,5,3,4,1,3,4,3,2,2,3,2,3,3,3,4,5,1,4,3,2,3,3,3,5,4,3,3,3,3,4,417735,0,1
DEMO5K-0511,35,2,3,5,3,5,1,2,5,2,4,1,1,1,1,3,2,1,3,1,4,1,2,3,4,3,1,2,1,1,1,1,2,524639,0,1
DEMO5K-0512,24,1,2,3,4,1,3,4,3,4,4,2,1,3,3,1,2,4,2,1,4,3,5,3,3,2,2,3,4,2,2,2,1,453625,0,1
DEMO5K-0513,24,2,2,5,4,1,3,4,2,2,4,4,4,3,5,4,5,4,5,1,3,4,5,4,2,4,4,4,2,4,3,3,4,438079,0,1
DEMO5K-0514,27,1,3,3,1,1,3,4,1,5,4,4,3,3,5,2,3,2,2,1,4,3,3,4,2,2,3,3,4,3,3,3,2,533458,0,1
DEMO5K-0515,24,2,2,3,3,4,2,1,2,2,2,3,3,2,3,3,2,2,2,1,3,4,2,4,2,4,3,3,3,2,2,2,3,386526,0,1
DEMO5K-0516,27,1,1,1,1,2,2,3,3,4,1,2,3,4,3,3,4,4,2,1,3,3,3,5,4,2,4,4,5,4,5,2,2,537442,0,1
DEMO5K-0517,21,1,2,1,3,3,4,2,3,5,4,2,2,2,3,1,2,1,3,1,1,2,3,2,1,1,1,2,3,3,3,4,3,576660,0,1
DEMO5K-0518,28,1,3,2,3,3,4,5,1,3,3,2,3,3,2,1,2,4,3,1,4,1,3,4,2,3,3,2,3,2,3,2,2,312107,0,1
DEMO5K-0519,25,2,3,1,2,1,3,3,4,3,2,3,3,4,4,5,3,4,4,1,3,4,3,3,3,3,3,4,3,2,3,2,3,335819,0,1
DEMO5K-0520,20,2,1,4,4,3,3,4,2,5,4,3,2,3,3,3,3,3,1,1,3,3,5,3,3,5,2,4,5,3,5,3,5,609965,0,1
DEMO5K-0521,31,1,3,1,1,4,1,1,5,2,3,3,5,4,4,5,5,4,4,1,5,4,4,5,3,3,3,3,2,3,3,2,3,464662,0,1
DEMO5K-0522,18,2,1,4,2,4,3,2,4,3,2,3,4,3,3,4,3,2,2,1,3,2,2,4,3,3,3,3,4,4,4,2,3,324106,0,1
DEMO5K-0523,31,2,2,4,2,5,1,4,4,3,3,4,3,4,2,5,3,3,1,1,3,5,5,5,4,4,3,2,1,2,3,3,1,593069,0,1
DEMO5K-0524,19,1,2,2,4,4,1,1,2,1,1,1,4,2,4,3,3,3,1,5,2,3,3,1,3,2,4,2,1,2,3,4,2,495107,0,0
DEMO5K-0525,17,2,2,4,2,3,3,3,4,2,1,2,3,2,1,1,1,1,1,1,1,2,2,1,2,3,2,3,4,3,4,2,4,326875,0,1
DEMO5K-0526,30,1,3,2,2,1,3,4,3,4,4,4,3,4,5,4,4,3,3,1,1,4,3,3,4,5,3,3,5,4,3,3,3,398656,0,1
DEMO5K-0527,35,2,2,4,3,5,3,1,4,2,3,1,4,3,4,5,3,1,4,1,1,2,1,2,3,3,4,2,4,4,4,4,2,68156,1,1
DEMO5K-0528,26,1,1,3,3,2,4,2,2,3,5,5,2,5,2,4,4,2,1,1,3,2,3,3,1,3,3,1,5,2,2,1,2,585133,0,1
DEMO5K-0529,29,2,3,2,3,2,5,4,3,3,3,4,4,2,5,2,4,4,2,1,4,2,4,4,3,2,3,2,2,1,3,4,2,345579,0,1
DEMO5K-0530,28,2,1,5,4,3,4,2,3,2,3,3,2,1,2,1,2,4,3,1,4,5,3,3,5,5,3,2,2,1,2,3,1,480718,0,1
DEMO5K-0531,23,2,3,3,2,5,2,1,3,2,1,3,1,2,1,4,2,2,2,1,3,4,2,3,3,3,3,3,1,2,2,3,4,45025,1,1
DEMO5K-0532,32,2,1,1,4,4,2,4,5,1,2,2,2,3,4,3,3,2,4,1,2,2,1,2,1,1,3,3,2,4,4,3,3,324754,0,1
DEMO5K-0533,34,2,3,1,4,3,4,2,3,4,3,3,4,4,2,2,3,5,3,1,4,3,4,4,3,4,3,4,5,5,5,3,5,372982,0,1
DEMO5K-0534,33,1,2,2,4,3,4,4,4,3,3,2,3,3,4,4,3,2,5,1,2,4,4,3,4,1,2,1,4,3,4,3,3,538028,0,1
DEMO5K-0535,34,1,3,4,3,3,3,3,4,1,2,3,5,4,3,5,4,5,5,1,2,4,2,3,4,3,4,4,4,2,4,3,4,339194,0,1
DEMO5K-0536,28,1,3,1,2,2,3,3,2,3,3,3,4,3,3,5,5,3,3,1,3,2,4,5,4,5,4,4,3,2,4,5,5,673939,0,1
DEMO5K-0537,34,1,2,5,4,3,1,1,5,3,2,1,1,1,1,1,1,2,1,1,1,1,1,1,2,2,2,2,2,2,1,1,1,516584,0,1
DEMO5K-0538,25,2,3,1,1,3,5,3,2,3,3,4,4,2,3,4,2,3,3,1,3,3,2,5,3,2,2,3,3,2,2,3,2,585922,0,1
DEMO5K-0539,23,1,2,4,4,5,3,3,5,3,3,2,1,1,1,1,1,1,1,1,1,2,3,2,2,3,3,1,1,1,1,1,2,351804,0,1
DEMO5K-0540,29,2,2,4,3,1,5,5,1,3,3,3,2,1,1,1,2,1,1,1,5,4,4,3,5,3,4,3,3,3,3,3,3,531911,0,1
DEMO5K-0541,23,2,2,5,2,3,3,3,4,5,5,5,3,1,2,5,4,2,3,1,2,1,3,2,4,5,5,4,4,5,4,3,3,339591,0,1
DEMO5K-0542,20,1,2,5,2,3,1,4,2,3,4,4,5,5,4,4,2,2,3,1,1,3,1,2,2,2,4,1,4,1,2,2,3,62692,1,1
DEMO5K-0543,26,2,3,2,3,4,1,2,5,1,1,1,1,1,3,2,1,1,2,1,1,1,1,3,1,2,2,2,2,1,3,3,4,421195,0,1
DEMO5K-0544,33,2,3,5,2,2,2,5,3,1,2,2,2,5,2,2,2,2,1,1,3,5,4,4,3,4,1,4,4,4,4,4,5,532647,0,1
DEMO5K-0545,26,2,3,1,2,2,3,4,4,2,2,3,2,1,2,3,3,2,3,1,1,3,1,2,3,2,3,3,4,4,5,4,4,344002,0,1
DEMO5K-0546,35,1,1,3,4,5,3,3,3,2,4,4,4,3,1,3,2,1,3,1,4,4,4,4,5,5,4,1,2,4,3,3,2,421182,0,1
DEMO5K-0547,19,1,2,5,1,1,5,2,2,3,4,3,5,5,3,4,4,3,3,1,3,3,3,2,2,3,5,4,4,4,5,5,5,512335,0,1
DEMO5K-0548,18,1,1,2,4,2,5,4,3,5,5,5,3,3,3,3,4,3,4,1,4,4,4,3,4,3,4,5,3,5,4,4,4,378535,0,1
DEMO5K-0549,24,2,2,4,4,3,5,4,1,3,4,4,4,4,2,3,4,1,2,1,1,2,1,2,2,2,4,5,3,2,4,2,2,53066,1,1
DEMO5K-0550,20,2,2,5,3,3,3,3,5,2,1,2,3,2,3,2,4,2,2,1,3,4,3,4,3,4,3,3,3,3,3,2,3,453973,0,1
DEMO5K-0551,19,2,3,4,3,1,4,5,2,5,4,4,3,3,2,3,3,3,3,1,3,3,3,3,2,2,2,3,3,3,4,4,3,65577,1,1
DEMO5K-0552,20,1,3,4,2,5,3,1,5,2,1,1,3,1,2,2,3,1,2,1,2,3,3,2,4,1,2,1,3,2,2,2,1,359311,0,1
DEMO5K-0553,29,1,2,2,3,4,3,4,3,5,4,2,5,4,3,5,4,4,5,1,3,3,3,4,2,2,2,1,2,3,2,1,3,404189,0,1
DEMO5K-0554,30,2,2,3,3,2,5,4,1,4,3,3,4,4,5,3,4,4,2,1,3,2,2,3,3,4,2,4,3,4,3,3,4,386249,0,1
DEMO5K-0555,28,2,3,3,4,5,4,2,4,4,2,4,3,2,4,4,5,5,2,1,2,3,3,5,2,4,3,5,4,4,2,2,2,564406,0,1
DEMO5K-0556,29,1,2,4,2,2,2,3,3,3,3,2,5,4,3,4,5,3,2,1,3,3,4,3,3,3,4,4,3,3,4,5,3,599239,0,1
DEMO5K-0557,24,1,1,1,3,4,2,1,4,2,1,2,4,4,5,4,3,4,4,1,4,5,5,5,5,5,4,3,4,4,3,5,3,383312,0,1
DEMO5K-0558,31,2,3,5,3,2,4,4,2,4,5,5,1,2,4,3,3,2,4,1,2,2,3,3,3,2,5,5,5,5,4,5,4,616283,0,1
DEMO5K-0559,20,1,3,5,4,5,2,4,3,2,3,4,3,1,3,4,4,3,3,1,3,3,4,4,3,4,3,3,3,3,3,2,4,378156,0,1
DEMO5K-0560,22,2,2,2,4,3,3,2,3,4,3,3,4,3,2,5,2,3,4,1,2,1,2,4,5,2,4,4,2,2,3,4,4,575830,0,1
DEMO5K-0561,32,2,3,2,3,3,2,3,2,4,3,3,4,3,2,4,5,3,3,1,4,2,1,3,3,1,3,2,5,2,2,4,3,456765,0,1
DEMO5K-0562,28,2,2,1,3,1,4,4,3,5,4,5,4,3,4,4,4,2,2,1,4,2,5,4,3,3,3,3,4,2,3,2,5,569476,0,1
DEMO5K-0563,22,1,2,1,2,5,1,1,3,3,2,2,1,2,4,1,2,3,4,1,3,3,3,4,3,3,4,3,2,3,3,5,2,431343,0,1
DEMO5K-0564,20,1,2,2,4,2,3,3,2,4,2,4,4,3,3,3,3,3,4,1,3,4,4,4,5,3,4,4,2,3,4,3,3,467183,0,1
DEMO5K-0565,28,2,1,4,2,4,3,2,3,2,4,2,3,2,1,2,3,2,1,1,4,3,3,2,3,2,4,3,4,3,3,2,2,437654,0,1
DEMO5K-0566,31,1,3,5,1,4,3,2,5,2,3,1,2,2,3,1,2,1,2,1,1,3,3,1,1,2,3,3,1,4,4,1,3,484714,0,1
DEMO5K-0567,34,2,3,1,4,4,1,1,4,3,4,2,1,3,4,2,2,3,1,1,2,3,3,3,1,1,2,3,2,3,2,3,2,693839,0,1
DEMO5K-0568,21,1,2,1,4,4,2,2,3,2,3,2,3,3,4,5,5,5,4,1,3,5,2,3,3,3,3,2,2,2,3,2,4,651686,0,1
DEMO5K-0569,25,2,1,1,3,3,5,5,2,5,5,4,4,5,1,3,4,3,4,1,2,3,2,1,3,2,3,3,4,2,2,5,2,551447,0,1
DEMO5K-0570,23,1,1,5,3,5,3,4,4,2,1,3,2,1,3,1,1,2,2,1,2,2,1,2,1,3,3,1,2,2,1,1,4,553756,0,1
DEMO5K-0571,25,2,1,2,3,4,3,1,4,3,3,3,2,3,1,4,4,4,4,1,2,3,3,4,2,4,2,2,1,2,3,3,4,541876,0,1
DEMO5K-0572,17,2,2,3,3,5,2,2,3,1,2,3,3,3,3,3,5,4,3,1,5,2,5,3,2,2,3,3,3,2,3,3,2,662567,0,1
DEMO5K-0573,20,1,1,1,1,5,3,3,2,3,2,2,3,4,3,2,4,4,3,1,4,4,2,4,3,2,3,1,2,3,3,1,2,476270,0,1
DEMO5K-0574,18,1,2,2,2,1,3,2,3,1,2,2,3,2,3,1,3,1,2,1,2,3,3,3,2,1,2,3,3,1,3,2,1,605897,0,1
DEMO5K-0575,31,2,3,2,1,3,3,4,4,3,3,3,1,1,3,2,2,3,4,3,4,2,2,3,1,4,3,4,4,2,2,4,3,544258,0,0
DEMO5K-0576,26,1,1,2,1,5,3,1,4,2,2,2,3,4,2,5,4,5,2,5,5,3,3,4,4,4,5,3,3,2,3,3,2,509975,0,0
DEMO5K-0577,22,2,1,1,3,2,2,4,3,1,2,3,3,4,4,3,5,4,4,1,3,3,3,3,5,3,3,4,4,3,3,4,2,567795,0,1
DEMO5K-0578,26,1,1,1,4,2,5,4,4,3,2,5,3,5,3,4,2,4,4,1,3,3,3,3,2,3,4,3,3,3,3,4,3,345752,0,1
DEMO5K-0579,28,2,2,4,3,4,1,2,3,5,3,3,4,4,2,2,4,4,3,1,2,3,4,3,4,3,3,5,3,4,4,3,4,362469,0,1
DEMO5K-0580,30,1,3,2,2,4,5,3,2,2,3,4,3,3,4,3,3,3,3,1,3,3,4,3,2,3,4,3,5,4,4,3,4,364653,0,1
DEMO5K-0581,31,1,2,5,3,4,3,2,3,2,3,3,3,3,1,2,2,3,2,1,3,3,4,2,3,4,4,3,4,4,3,4,4,508740,0,1
DEMO5K-0582,30,2,3,1,4,2,3,3,5,2,4,2,3,4,4,3,4,3,3,1,2,1,2,1,2,2,3,4,3,3,4,3,2,453494,0,1
DEMO5K-0583,20,2,1,2,4,5,1,4,2,1,3,2,4,5,5,3,4,4,3,1,3,3,3,3,4,5,4,4,3,3,3,3,5,696798,0,1
DEMO5K-0584,17,1,2,2,2,2,5,5,1,5,5,4,5,5,5,5,5,5,5,1,5,5,4,5,5,5,5,5,5,5,4,4,5,346491,0,1
DEMO5K-0585,24,1,2,4,4,3,3,2,5,2,2,5,1,3,3,5,2,3,3,1,3,2,3,4,1,5,2,2,4,3,1,2,1,408785,0,1
DEMO5K-0586,32,2,1,2,3,3,3,2,4,3,1,1,1,1,1,1,1,2,2,1,1,3,2,3,2,1,1,3,1,1,1,1,1,373227,0,1
DEMO5K-0587,35,1,2,3,4,4,2,4,5,2,2,2,1,2,3,3,2,1,2,1,3,4,1,2,1,1,1,2,1,3,2,3,3,75917,1,1
DEMO5K-0588,35,1,3,3,3,5,1,2,5,1,3,3,4,2,3,4,4,3,4,1,1,2,1,1,1,1,4,2,2,2,3,1,1,510561,0,1
DEMO5K-0589,23,2,2,3,1,2,4,5,2,2,3,4,4,4,5,3,4,4,4,1,2,5,3,3,2,3,4,3,2,2,3,3,3,414054,0,1
DEMO5K-0590,26,1,3,2,1,3,3,3,4,1,4,2,3,3,3,3,4,2,3,1,3,3,2,1,1,2,3,3,2,2,2,4,3,500401,0,1
DEMO5K-0591,30,2,2,4,1,2,3,4,3,5,3,4,3,1,3,3,2,3,5,1,4,4,4,3,3,2,4,1,2,4,3,3,2,681923,0,1
DEMO5K-0592,26,1,3,2,4,3,2,1,4,2,3,2,1,2,3,2,4,1,3,1,3,5,4,3,1,2,3,1,3,2,2,4,1,438275,0,1
DEMO5K-0593,26,2,2,2,3,2,4,3,4,4,4,4,3,2,4,4,3,3,4,1,3,4,3,3,4,2,3,2,3,1,2,1,2,580466,0,1
DEMO5K-0594,24,1,2,4,3,4,3,1,3,1,3,1,2,4,4,5,4,4,3,1,3,4,2,2,4,4,3,3,5,4,2,2,5,65062,1,1
DEMO5K-0595,27,1,2,2,3,2,4,4,2,3,3,1,4,4,3,5,3,3,5,1,4,3,3,4,4,3,2,2,2,2,4,3,3,392453,0,1
DEMO5K-0596,17,1,1,3,4,1,4,5,1,5,4,3,3,5,4,2,4,3,5,5,5,5,4,3,3,3,4,4,1,5,4,2,5,389432,0,0
DEMO5K-0597,34,2,3,3,4,5,1,3,3,1,2,3,5,2,3,2,2,1,1,1,3,2,3,1,2,3,4,2,2,1,2,3,3,396666,0,1
DEMO5K-0598,31,2,1,3,3,5,4,3,3,4,4,2,1,1,1,1,2,2,1,1,2,3,4,3,3,3,5,4,3,3,2,3,2,460008,0,1
DEMO5K-0599,25,2,1,1,4,1,2,3,1,3,4,4,5,4,5,5,5,4,5,1,3,4,4,2,3,2,4,3,3,2,3,3,3,311914,0,1
DEMO5K-0600,29,2,1,5,2,2,3,2,3,3,3,3,4,2,4,5,1,4,5,1,5,4,4,5,3,2,2,4,2,3,3,2,4,451442,0,1
DEMO5K-0601,35,1,3,4,1,3,2,2,5,3,1,2,1,2,3,3,2,1,2,1,2,3,1,5,2,3,1,3,2,3,2,3,2,599685,0,1
DEMO5K-0602,21,2,2,1,3,2,4,3,3,3,4,3,3,1,2,2,1,1,1,1,1,4,2,3,2,3,3,3,4,2,1,3,3,408141,0,1
DEMO5K-0603,35,1,1,3,3,5,3,2,3,1,1,3,1,3,4,2,3,4,3,1,2,4,3,3,2,3,1,2,2,2,2,1,3,670199,0,1
DEMO5K-0604,21,2,1,3,3,2,4,3,2,4,5,5,3,4,3,5,3,3,2,1,2,2,2,3,2,2,4,5,3,5,3,2,3,83312,1,1
DEMO5K-0605,25,1,3,1,3,5,1,3,4,3,1,1,4,3,4,4,4,2,2,1,3,2,3,1,1,1,3,3,3,4,4,1,2,505105,0,1
DEMO5K-0606,23,1,1,1,4,3,2,3,3,2,3,3,1,2,1,2,3,2,3,1,2,2,3,3,4,3,3,2,3,3,4,2,4,511127,0,1
DEMO5K-0607,23,2,3,3,4,1,4,4,2,4,4,5,4,4,2,4,5,5,3,1,3,4,4,3,2,2,4,5,4,5,5,3,5,584456,0,1
DEMO5K-0608,28,2,3,4,3,3,4,3,4,2,2,3,1,1,3,1,3,3,1,1,1,1,3,4,2,5,3,3,1,3,2,3,4,581620,0,1
DEMO5K-0609,21,1,2,2,3,4,1,1,4,2,2,2,3,3,1,4,5,2,5,1,4,3,3,3,3,3,2,4,3,4,2,2,2,538661,0,1
DEMO5K-0610,26,1,3,1,2,2,5,3,2,3,4,4,4,4,3,5,5,4,3,1,3,3,5,3,4,1,4,3,5,2,4,2,4,512254,0,1
DEMO5K-0611,22,1,1,2,3,2,4,4,2,5,5,5,5,3,2,2,3,2,3,1,3,4,3,4,3,3,2,2,3,2,3,3,4,695600,0,1
DEMO5K-0612,19,2,3,1,3,3,3,4,2,3,3,3,4,4,5,2,4,4,3,1,4,4,4,3,2,4,3,4,5,3,3,4,4,684777,0,1
DEMO5K-0613,25,2,2,5,2,2,5,4,2,3,4,4,3,5,3,3,5,2,4,1,1,2,2,1,1,2,4,3,4,3,3,3,5,352736,0,1
DEMO5K-0614,24,2,2,2,4,4,2,3,2,1,3,2,3,4,4,3,5,5,3,1,3,3,4,4,2,2,2,2,1,2,2,4,3,408769,0,1
DEMO5K-0615,20,2,1,2,2,4,2,1,3,3,1,3,3,3,2,4,3,2,1,1,2,3,2,3,2,3,3,2,2,1,1,2,1,635357,0,1
DEMO5K-0616,21,2,3,4,4,1,4,4,2,5,3,3,3,3,4,3,2,1,3,1,3,3,4,3,4,5,5,4,5,4,4,2,2,309736,0,1
DEMO5K-0617,28,1,3,4,4,2,5,5,1,5,5,5,3,3,4,3,3,4,5,1,2,3,3,4,4,5,5,4,5,5,5,5,5,376360,0,1
DEMO5K-0618,25,1,1,3,4,4,3,5,2,4,2,3,3,4,2,5,3,3,2,1,5,1,2,3,4,3,2,1,3,2,3,4,4,506115,0,1
DEMO5K-0619,33,1,1,1,3,2,3,4,1,4,4,3,2,4,5,4,2,2,3,1,2,5,4,3,2,2,5,2,4,4,2,4,4,370993,0,1
DEMO5K-0620,32,1,3,4,1,1,5,3,2,5,3,2,2,5,4,5,3,3,5,1,4,4,3,4,3,2,5,3,2,4,2,3,2,499070,0,1
DEMO5K-0621,22,1,1,5,2,3,3,3,1,3,2,3,4,2,5,5,2,4,3,1,5,3,4,5,5,4,4,1,4,4,2,3,4,381057,0,1
DEMO5K-0622,27,1,1,2,1,3,2,1,5,3,3,3,5,4,2,2,5,4,2,1,4,2,3,4,2,4,3,2,3,3,2,3,3,311453,0,1
DEMO5K-0623,27,2,2,5,2,2,4,4,1,4,3,4,1,2,1,1,2,1,1,1,4,2,3,3,3,3,3,1,3,1,4,3,2,586390,0,1
DEMO5K-0624,35,2,3,2,1,3,2,1,3,3,1,1,3,2,3,4,1,3,1,1,1,1,2,1,2,1,2,1,3,1,1,3,2,394929,0,1
DEMO5K-0625,32,1,3,1,1,4,3,3,3,3,3,1,3,3,1,1,2,1,2,1,2,4,3,3,4,3,3,1,3,3,2,2,3,331117,0,1
DEMO5K-0626,17,1,3,1,3,4,3,4,3,3,3,1,4,5,4,3,5,4,5,1,2,3,2,3,2,3,3,1,1,2,3,4,1,513490,0,1
DEMO5K-0627,25,1,1,3,2,2,4,4,1,5,3,4,4,5,4,5,3,4,4,1,3,5,5,4,2,3,4,3,5,4,3,5,2,562864,0,1
DEMO5K-0628,33,1,1,2,2,3,3,4,3,2,2,4,5,5,4,3,5,3,5,1,3,3,3,3,3,2,4,4,3,2,5,1,5,510491,0,1
DEMO5K-0629,28,2,3,3,3,4,2,3,4,2,3,3,2,1,2,2,1,1,3,1,1,2,3,2,3,2,1,1,1,3,3,1,3,319518,0,1
DEMO5K-0630,19,2,2,5,4,3,3,3,5,2,2,3,4,4,4,4,5,4,5,1,5,4,3,3,5,2,3,3,3,4,3,4,2,526826,0,1
DEMO5K-0631,22,2,1,3,1,4,3,3,3,2,3,3,5,4,4,4,3,3,3,1,2,1,2,3,2,1,2,2,2,2,4,1,1,381354,0,1
DEMO5K-0632,32,1,1,3,3,4,2,2,5,2,2,2,4,2,3,2,3,3,3,1,3,4,1,4,3,3,3,5,4,4,4,4,4,329609,0,1
DEMO5K-0633,19,2,2,2,3,4,1,1,5,4,1,2,2,3,3,3,1,2,3,1,2,1,2,3,2,1,5,3,4,4,3,3,2,679937,0,1
DEMO5K-0634,25,1,3,5,1,1,3,5,2,4,4,3,3,3,2,2,3,4,5,5,3,3,4,3,4,5,3,4,4,4,4,5,4,484128,0,0
DEMO5K-0635,25,2,1,3,4,3,4,4,2,3,3,3,5,4,3,3,2,4,4,1,4,3,4,4,4,5,4,4,2,3,2,2,3,569437,0,1
DEMO5K-0636,25,2,3,2,2,2,3,5,4,4,3,5,5,3,3,3,2,5,4,1,5,3,4,5,4,4,5,4,5,5,4,3,4,371417,0,1
DEMO5K-0637,34,1,1,1,3,2,3,4,3,2,4,4,3,2,4,4,3,3,3,1,5,5,4,3,5,5,3,1,3,2,1,1,1,500911,0,1
DEMO5K-0638,22,1,2,4,2,2,4,3,2,5,5,4,3,4,3,2,4,4,2,1,3,2,4,3,2,4,3,5,3,3,5,3,3,513178,0,1
DEMO5K-0639,17,1,2,2,3,3,3,3,3,4,4,3,4,4,2,2,1,2,3,1,4,3,3,3,3,2,5,4,3,4,2,3,3,584130,0,1
DEMO5K-0640,18,2,3,2,4,1,5,4,3,5,3,3,4,4,3,4,3,3,4,1,3,3,2,4,4,4,4,4,5,3,2,3,4,548922,0,1
DEMO5K-0641,30,2,2,4,3,5,2,2,5,1,1,2,4,2,4,2,5,1,1,1,2,2,2,2,2,2,2,1,2,2,4,1,2,600737,0,1
DEMO5K-0642,27,2,3,2,2,3,4,5,2,4,5,3,3,3,3,3,4,3,3,5,3,2,2,3,5,2,4,5,4,4,3,3,3,506143,0,0
DEMO5K-0643,24,1,1,4,2,4,2,1,3,3,2,2,2,3,1,2,3,4,5,1,2,2,4,3,4,1,3,3,2,3,3,2,2,57882,1,1
DEMO5K-0644,21,2,1,1,3,2,4,4,1,5,5,5,2,4,4,3,1,3,2,4,5,5,5,5,4,4,3,4,5,5,3,4,1,406975,0,0
DEMO5K-0645,26,2,1,1,4,3,3,5,2,3,3,5,5,5,5,4,4,5,5,1,4,3,3,4,4,3,4,5,2,2,4,2,4,447114,0,1
DEMO5K-0646,28,2,1,2,4,3,5,2,2,3,3,3,3,4,4,3,3,5,3,1,3,4,3,4,4,4,5,5,5,5,5,3,4,444463,0,1
DEMO5K-0647,23,2,3,3,3,1,5,5,1,4,4,5,5,4,3,4,5,3,3,1,3,4,5,5,3,4,4,5,5,4,3,3,3,683728,0,1
DEMO5K-0648,22,2,2,5,2,5,3,3,4,3,2,2,2,3,3,3,3,3,4,1,2,3,3,3,5,3,2,3,2,2,2,3,2,648152,0,1
DEMO5K-0649,23,2,2,1,4,3,3,2,4,2,2,3,4,4,4,4,3,3,5,1,3,3,1,3,4,3,2,5,2,3,4,2,3,479157,0,1
DEMO5K-0650,21,1,1,5,4,4,1,3,3,1,3,2,1,3,3,2,1,2,4,1,2,3,2,2,3,2,1,3,1,3,1,3,2,54717,1,1
DEMO5K-0651,27,2,2,4,3,5,1,1,5,2,1,2,1,4,3,4,2,2,3,1,3,4,3,3,2,3,2,4,1,2,2,1,3,492170,0,1
DEMO5K-0652,22,2,1,1,4,3,2,2,3,3,4,5,5,2,2,1,1,1,2,1,3,3,3,2,3,3,2,1,1,1,1,2,2,692905,0,1
DEMO5K-0653,23,2,2,4,3,2,4,3,2,3,3,3,4,5,5,4,3,5,5,1,4,3,3,4,4,5,3,4,3,5,4,4,5,334869,0,1
DEMO5K-0654,34,2,1,3,4,2,5,5,1,4,4,5,4,5,5,5,5,4,4,1,5,5,5,4,5,4,5,5,5,3,4,4,5,456783,0,1
DEMO5K-0655,23,1,3,1,3,2,3,3,3,3,2,2,4,3,4,5,4,3,2,1,4,2,2,5,2,4,3,3,5,4,3,4,4,675194,0,1
DEMO5K-0656,17,2,3,3,1,5,4,3,3,4,2,4,1,1,1,1,2,1,1,1,3,3,4,3,4,5,3,2,4,4,3,2,2,362454,0,1
DEMO5K-0657,19,2,2,3,4,4,3,4,5,1,3,3,1,1,1,1,2,1,1,1,2,2,3,3,2,2,1,2,2,1,3,1,1,61990,1,1
DEMO5K-0658,27,1,3,4,2,2,4,3,2,4,2,2,3,2,2,2,3,3,4,1,2,3,1,2,4,3,4,5,3,4,4,2,4,490370,0,1
DEMO5K-0659,32,2,3,3,1,3,3,2,1,4,2,4,3,3,4,2,1,1,3,1,2,1,2,1,2,2,2,1,2,1,1,2,1,632934,0,1
DEMO5K-0660,29,2,3,4,2,4,1,2,5,3,1,1,3,3,1,4,2,1,2,1,3,2,3,3,3,2,2,2,1,2,1,2,3,304492,0,1
DEMO5K-0661,19,2,3,4,4,5,3,2,4,2,2,3,3,4,3,2,2,2,3,1,4,5,5,4,5,3,4,5,5,4,5,4,5,307402,0,1
DEMO5K-0662,33,2,1,5,1,3,4,5,1,5,4,5,3,5,5,4,4,5,4,5,5,4,5,5,5,5,4,3,4,4,5,5,5,353069,0,0
DEMO5K-0663,24,2,1,4,4,4,2,1,4,2,1,2,2,2,2,3,2,1,1,1,3,2,3,1,2,2,2,3,2,1,2,2,3,480117,0,1
DEMO5K-0664,24,1,2,5,2,1,4,4,2,4,4,4,3,2,4,5,3,2,3,1,4,3,2,2,2,4,4,5,2,3,4,3,4,55813,1,1
DEMO5K-0665,30,2,3,4,4,3,2,2,3,2,2,3,2,3,3,3,3,3,3,1,3,3,1,2,1,4,3,4,4,5,4,3,4,514909,0,1
DEMO5K-0666,17,1,3,2,2,3,4,3,2,4,3,3,5,4,4,3,3,4,3,1,2,3,5,3,2,3,4,3,5,5,5,5,5,656335,0,1
DEMO5K-0667,27,2,2,4,1,2,3,3,2,3,3,3,3,2,1,1,2,3,1,1,3,4,2,2,3,3,1,1,3,1,2,1,2,517804,0,1
DEMO5K-0668,35,1,3,3,1,3,2,4,2,2,3,2,2,4,4,3,2,4,4,1,2,2,2,3,4,4,2,1,2,3,3,2,2,431837,0,1
DEMO5K-0669,31,1,3,4,1,1,4,5,1,5,5,5,5,5,5,4,5,5,4,1,3,3,3,4,4,2,5,5,5,5,4,5,5,553566,0,1
DEMO5K-0670,29,2,3,1,4,4,2,2,4,2,2,3,4,3,4,2,3,1,4,1,4,3,5,2,3,4,1,1,3,3,2,5,3,306574,0,1
DEMO5K-0671,35,2,2,1,3,1,4,5,1,4,5,4,5,4,3,3,3,4,4,1,3,4,4,4,4,1,5,4,4,4,4,3,4,52079,1,1
DEMO5K-0672,20,1,2,1,2,5,2,1,5,2,1,1,2,1,3,2,2,3,2,1,1,2,2,2,2,1,4,2,3,2,1,2,3,670316,0,1
DEMO5K-0673,21,2,3,4,2,4,1,2,3,3,3,3,2,1,1,1,2,2,2,1,5,2,4,4,2,4,2,3,4,4,2,3,2,663171,0,1
DEMO5K-0674,26,2,1,4,2,3,4,4,2,4,2,3,4,3,4,2,3,4,4,1,4,3,3,4,4,5,4,4,5,3,3,3,5,498881,0,1
DEMO5K-0675,19,1,3,1,3,2,4,5,2,4,3,3,4,4,2,5,3,3,3,1,3,3,5,5,3,5,1,3,4,5,5,4,4,556764,0,1
DEMO5K-0676,23,1,1,3,3,4,3,3,2,4,3,2,4,5,4,5,5,4,5,1,5,5,5,5,5,5,4,5,4,4,5,5,5,303397,0,1
DEMO5K-0677,32,1,1,3,3,4,3,1,5,2,3,1,2,1,1,1,1,2,1,1,2,1,1,1,1,1,2,2,2,3,3,2,4,319708,0,1
DEMO5K-0678,33,2,2,4,3,1,4,3,2,4,4,2,4,1,2,3,3,2,3,1,4,2,4,4,1,3,4,3,5,4,3,4,4,65749,1,1
DEMO5K-0679,32,2,3,5,2,5,1,2,5,1,3,1,2,1,1,3,1,2,1,1,1,2,2,1,3,1,4,3,3,1,1,3,3,325745,0,1
DEMO5K-0680,18,2,2,1,3,4,3,3,3,4,3,3,2,3,2,3,3,5,3,1,5,4,3,4,4,5,4,5,3,4,4,4,2,644508,0,1
DEMO5K-0681,33,1,1,2,4,2,5,4,2,4,5,4,1,3,4,4,2,4,3,1,4,4,3,4,4,5,3,3,3,2,1,3,3,567802,0,1
DEMO5K-0682,35,1,2,3,2,3,3,4,2,1,4,3,3,1,2,3,4,3,4,1,4,2,2,4,5,3,4,4,4,4,3,3,4,622067,0,1
DEMO5K-0683,35,2,3,3,1,3,3,3,5,4,4,2,4,3,3,1,3,5,3,1,5,3,3,2,3,2,4,3,3,2,5,2,4,698946,0,1
DEMO5K-0684,17,1,1,4,2,3,3,3,4,2,3,4,3,3,4,4,4,3,4,1,1,3,2,3,4,2,5,5,5,5,4,5,5,331329,0,1
DEMO5K-0685,19,2,2,5,2,3,5,4,1,5,4,4,4,2,4,3,3,4,4,1,4,4,4,3,3,5,3,3,3,3,2,3,4,365741,0,1
DEMO5K-0686,32,2,3,1,4,4,4,4,1,3,3,4,4,5,5,3,4,5,3,1,4,4,4,4,4,3,5,4,5,5,4,2,4,520631,0,1
DEMO5K-0687,35,1,3,3,3,2,3,3,4,4,5,4,4,5,3,5,5,4,5,1,4,3,2,2,3,4,2,4,4,3,3,3,4,65137,1,1
DEMO5K-0688,27,2,2,2,2,1,1,4,2,5,1,3,5,5,5,5,4,4,4,1,2,5,3,3,4,3,3,4,3,4,4,4,5,325547,0,1
DEMO5K-0689,17,2,3,4,3,2,3,4,2,3,3,4,2,2,1,1,3,1,1,1,3,1,1,1,1,2,2,2,1,3,3,2,2,311864,0,1
DEMO5K-0690,19,2,3,2,2,3,4,2,3,5,4,4,4,4,5,3,3,4,4,1,5,3,2,3,3,4,3,5,3,5,3,5,3,657381,0,1
DEMO5K-0691,30,1,2,2,3,3,3,3,1,3,3,4,4,2,4,2,3,2,4,1,4,4,3,3,3,4,3,4,3,3,3,4,4,335201,0,1
DEMO5K-0692,24,1,3,2,2,3,4,3,2,3,4,3,2,2,3,4,4,5,3,1,4,2,2,2,2,3,4,5,2,5,4,3,4,524991,0,1
DEMO5K-0693,30,2,3,5,4,3,3,4,4,3,4,4,5,3,3,3,3,4,5,1,3,3,3,4,2,4,3,3,3,4,2,3,4,386629,0,1
DEMO5K-0694,31,2,3,5,4,5,3,5,3,4,5,3,2,2,3,4,4,4,5,1,5,3,5,5,3,5,3,4,5,4,4,4,4,595293,0,1
DEMO5K-0695,19,1,1,5,3,2,2,1,4,3,3,3,3,2,2,2,3,2,2,1,4,3,4,2,2,2,4,4,4,3,3,5,3,662839,0,1
DEMO5K-0696,20,1,3,5,1,2,3,4,1,4,2,2,5,4,3,5,5,5,4,1,3,2,5,3,4,3,3,3,4,3,3,2,4,506971,0,1
DEMO5K-0697,24,2,3,4,4,2,3,3,3,3,3,3,2,3,3,2,5,2,1,1,2,3,2,2,2,1,2,2,2,1,2,2,2,457752,0,1
DEMO5K-0698,20,2,1,5,1,1,5,3,5,1,1,4,5,3,3,5,3,4,4,1,3,2,1,3,1,2,3,4,4,3,3,3,4,57689,1,1
DEMO5K-0699,34,2,1,2,4,3,2,4,4,3,2,2,4,5,4,4,4,3,4,1,3,3,4,3,4,5,3,3,3,3,3,2,2,484021,0,1
DEMO5K-0700,26,1,2,4,3,1,5,4,2,4,4,5,1,4,5,3,4,5,3,1,3,3,4,3,3,3,3,4,4,4,2,2,5,315701,0,1
DEMO5K-0701,25,2,2,1,3,2,5,5,4,3,2,4,2,4,3,3,2,4,3,1,4,3,3,5,3,4,1,2,4,2,4,1,1,685619,0,1
DEMO5K-0702,31,1,2,3,4,2,3,3,2,5,3,4,4,4,2,3,2,5,2,1,5,3,2,4,3,3,4,3,1,3,2,3,3,459712,0,1
DEMO5K-0703,26,2,3,2,3,2,5,4,3,4,3,3,4,3,4,3,3,2,2,1,4,4,4,3,4,2,3,5,3,2,2,2,4,694324,0,1
DEMO5K-0704,32,2,3,5,2,2,4,3,4,4,3,3,1,3,2,3,3,2,3,1,4,4,4,2,3,4,2,3,3,4,4,4,2,470403,0,1
DEMO5K-0705,22,2,3,2,2,2,3,1,4,4,1,2,2,1,2,1,2,3,2,1,1,3,4,2,1,1,4,2,3,2,2,3,2,587914,0,1
DEMO5K-0706,28,2,2,4,3,3,3,2,1,4,5,2,3,3,5,4,5,3,3,1,2,3,1,3,4,1,4,2,2,3,3,4,3,442774,0,1
DEMO5K-0707,33,2,2,1,3,2,4,4,2,5,4,5,4,4,5,4,2,4,4,1,4,4,5,2,3,4,5,3,5,4,3,4,3,58127,1,1
DEMO5K-0708,27,2,2,4,4,3,3,2,4,1,3,2,4,2,2,2,3,3,4,1,2,3,3,2,2,1,3,2,2,4,2,3,2,651169,0,1
DEMO5K-0709,23,2,1,5,3,3,4,4,3,1,4,2,3,2,3,2,2,1,4,1,3,4,3,2,4,3,4,4,4,5,4,4,2,570950,0,1
DEMO5K-0710,18,1,2,5,2,4,1,2,4,1,1,3,2,2,3,3,2,4,3,1,2,3,2,4,4,3,3,5,4,4,3,3,3,343186,0,1
DEMO5K-0711,18,2,2,5,2,3,3,2,4,1,4,3,1,4,1,2,4,3,5,1,4,3,3,2,2,3,2,3,2,4,3,3,4,665208,0,1
DEMO5K-0712,28,1,3,2,1,3,2,2,4,4,2,1,3,2,2,3,3,2,3,1,1,1,2,1,1,1,2,3,2,1,4,1,3,575798,0,1
DEMO5K-0713,33,1,3,3,4,3,1,3,4,1,2,2,2,3,2,3,1,3,3,1,2,2,2,3,2,2,1,3,4,3,2,3,3,405048,0,1
DEMO5K-0714,28,2,2,5,2,2,4,5,4,3,3,4,3,2,2,4,4,3,3,1,4,3,4,4,3,4,4,4,4,4,5,5,5,369179,0,1
DEMO5K-0715,32,1,2,1,3,3,3,3,3,3,4,4,1,4,2,2,2,3,1,1,2,2,1,1,2,1,3,3,4,4,2,4,1,537306,0,1
DEMO5K-0716,31,2,2,1,2,3,3,4,1,3,2,2,3,3,3,3,4,4,5,3,3,2,4,3,5,3,5,4,3,4,3,5,5,474594,0,0
DEMO5K-0717,33,2,3,2,4,4,3,3,3,4,2,3,3,1,3,4,3,2,2,1,3,2,3,2,1,2,1,1,1,4,2,2,1,461535,0,1
DEMO5K-0718,28,2,3,4,2,5,3,1,3,2,2,2,3,3,1,3,5,4,2,1,1,4,2,2,3,2,3,2,1,2,5,5,2,379013,0,1
DEMO5K-0719,35,2,3,2,3,2,3,1,3,3,3,4,4,5,4,5,5,5,5,1,4,4,4,2,3,5,4,3,4,4,1,4,3,398424,0,1
DEMO5K-0720,24,1,2,2,2,2,5,3,3,2,3,4,3,2,5,3,4,3,2,1,2,3,2,3,2,4,3,3,4,4,4,3,5,314624,0,1
DEMO5K-0721,20,2,2,2,3,2,4,5,3,3,4,3,2,4,4,2,4,3,3,1,3,3,2,3,3,3,5,5,5,3,4,5,4,71536,1,1
DEMO5K-0722,27,1,1,1,3,5,1,1,4,1,1,1,2,2,2,2,2,2,4,1,2,2,3,5,2,3,2,1,2,1,1,1,1,80962,1,1
DEMO5K-0723,24,1,2,5,3,2,4,2,3,4,3,3,3,5,4,4,5,4,3,1,5,3,4,5,5,5,4,3,3,4,3,3,5,654829,0,1
DEMO5K-0724,26,1,2,1,2,3,2,3,4,2,3,3,2,3,3,3,3,2,1,1,3,3,3,2,3,3,2,4,5,3,5,3,3,453611,0,1
DEMO5K-0725,26,1,2,5,3,4,4,3,3,3,4,4,3,1,2,3,3,3,1,1,5,1,3,5,2,2,3,4,4,3,3,4,5,309637,0,1
DEMO5K-0726,32,2,2,2,4,4,2,1,3,3,4,4,1,3,5,2,2,4,4,1,3,3,2,3,4,4,3,3,2,1,2,1,1,307024,0,1
DEMO5K-0727,20,1,3,2,3,2,5,5,3,3,3,3,4,5,5,5,5,5,5,1,4,5,2,3,3,4,3,2,3,4,1,2,3,423110,0,1
DEMO5K-0728,26,2,3,4,3,4,3,2,4,2,2,3,2,4,3,2,4,3,1,1,4,4,4,3,5,4,3,4,4,5,4,4,3,600428,0,1
DEMO5K-0729,33,1,2,5,1,1,2,4,5,3,2,2,4,4,5,5,4,4,5,1,5,3,4,4,5,2,3,3,3,2,4,3,2,507576,0,1
DEMO5K-0730,28,2,2,3,4,4,3,3,4,1,3,3,4,4,4,5,5,4,4,1,4,3,3,4,2,3,2,3,2,2,1,3,1,544715,0,1
DEMO5K-0731,20,1,3,2,3,2,2,1,4,1,2,1,2,2,2,3,2,2,4,1,2,3,2,1,1,2,2,2,4,3,2,4,2,618709,0,1
DEMO5K-0732,18,1,3,3,3,3,4,4,1,5,4,4,5,4,5,5,5,4,4,1,3,4,5,3,3,5,4,5,3,4,4,4,5,574076,0,1
DEMO5K-0733,30,2,1,2,4,3,2,3,4,1,2,4,3,1,3,2,2,4,2,1,1,2,1,2,2,4,2,3,2,1,3,3,2,575158,0,1
DEMO5K-0734,21,2,3,2,1,3,5,5,3,5,4,5,5,5,3,5,5,4,5,1,3,4,3,4,3,5,3,5,5,5,3,5,4,406372,0,1
DEMO5K-0735,23,1,3,3,2,2,5,5,2,5,5,3,3,2,2,1,3,2,3,1,3,4,5,4,4,5,5,4,4,3,4,3,2,581116,0,1
DEMO5K-0736,20,2,1,4,2,4,4,3,3,3,4,4,4,3,2,3,3,4,3,1,2,2,3,4,2,1,3,1,4,2,1,2,3,387479,0,1
DEMO5K-0737,20,2,2,1,4,3,3,3,4,3,2,3,5,3,5,3,4,3,4,1,3,3,3,3,2,3,2,3,2,4,5,3,3,568250,0,1
DEMO5K-0738,17,2,1,3,3,4,4,2,4,4,3,4,3,3,4,4,3,4,1,1,3,3,5,3,2,4,2,2,4,1,3,3,2,384366,0,1
DEMO5K-0739,32,2,3,5,2,3,3,5,1,2,4,5,4,2,4,4,5,5,5,1,4,4,5,5,3,5,4,3,4,3,3,4,3,698880,0,1
DEMO5K-0740,29,1,2,1,2,2,4,2,3,3,4,3,2,4,1,4,4,2,3,1,1,1,2,2,2,1,4,2,4,3,3,2,2,494845,0,1
DEMO5K-0741,33,1,2,1,4,2,4,3,2,2,2,5,4,5,3,4,5,5,5,1,1,2,2,2,2,1,2,2,5,3,2,4,2,613545,0,1
DEMO5K-0742,25,2,2,1,1,2,3,5,3,3,5,5,4,2,3,3,3,2,4,1,4,3,3,5,3,5,3,3,3,4,4,4,2,328795,0,1
DEMO5K-0743,34,2,2,2,4,4,4,5,2,3,2,4,5,4,5,4,5,3,3,1,3,2,4,3,4,2,2,4,3,2,2,2,2,63311,1,1
DEMO5K-0744,19,1,3,1,2,3,3,4,4,4,3,2,3,4,3,3,3,4,3,1,4,4,3,4,5,3,5,3,3,4,4,3,4,574108,0,1
DEMO5K-0745,19,1,3,5,1,2,4,4,3,3,4,3,2,3,2,2,3,3,3,1,4,4,3,4,4,2,5,4,4,5,5,5,4,645108,0,1
DEMO5K-0746,23,2,3,4,2,4,2,2,5,1,2,1,3,4,1,2,4,2,4,1,3,3,2,2,1,4,1,2,1,2,3,1,4,310779,0,1
DEMO5K-0747,20,2,3,4,3,1,2,3,3,2,2,2,3,1,3,2,3,3,3,1,3,3,2,3,1,4,1,2,2,5,2,3,3,341332,0,1
DEMO5K-0748,23,2,2,3,4,3,3,3,2,4,3,3,5,5,4,3,4,4,4,1,1,5,4,4,4,2,3,1,2,3,1,2,1,443492,0,1
DEMO5K-0749,21,2,3,2,2,3,4,4,2,3,4,3,4,3,2,3,3,4,2,1,3,2,4,3,2,3,3,3,4,4,3,3,4,655392,0,1
DEMO5K-0750,24,1,2,5,1,1,4,3,3,3,4,4,5,2,5,2,5,3,3,1,4,2,4,4,2,3,4,4,3,3,4,4,1,411153,0,1
DEMO5K-0751,21,1,2,2,3,3,2,2,5,3,3,1,2,2,2,2,2,4,2,1,3,3,2,2,2,2,3,3,2,2,1,3,1,307921,0,1
DEMO5K-0752,26,1,2,3,3,3,3,4,3,2,3,3,2,2,3,3,4,5,2,1,4,5,3,3,4,2,2,2,3,2,2,4,4,460378,0,1
DEMO5K-0753,26,1,2,3,4,5,1,3,4,1,1,1,1,4,4,4,4,2,2,1,2,1,1,1,1,2,3,3,1,2,2,2,1,550201,0,1
DEMO5K-0754,33,1,3,3,2,4,4,2,4,2,2,1,2,3,2,2,3,2,2,1,3,3,4,4,3,3,2,3,3,4,1,3,3,502505,0,1
DEMO5K-0755,28,1,3,2,4,2,2,4,1,3,5,4,3,5,5,4,5,5,5,1,3,3,3,3,4,3,5,4,5,4,4,4,5,630610,0,1
DEMO5K-0756,22,1,3,1,2,4,3,3,4,2,4,1,1,2,1,3,2,2,2,1,4,4,4,3,2,3,3,3,3,2,5,4,4,672046,0,1
DEMO5K-0757,19,2,3,2,4,4,3,3,5,2,2,2,3,4,2,3,5,2,3,1,3,3,1,4,4,3,2,2,3,3,3,3,3,570236,0,1
DEMO5K-0758,31,2,2,5,3,3,2,3,4,3,3,4,3,4,4,4,3,5,5,1,5,3,4,3,4,4,4,3,3,3,3,4,4,643303,0,1
DEMO5K-0759,21,2,2,4,1,3,3,2,2,3,4,3,3,2,4,2,2,3,2,1,5,3,4,4,5,3,4,3,4,4,3,3,3,504830,0,1
DEMO5K-0760,23,2,1,5,4,3,5,4,1,5,4,4,4,3,2,4,2,4,2,1,3,3,5,3,3,4,1,1,4,4,3,1,2,507080,0,1
DEMO5K-0761,17,2,2,4,4,3,3,2,2,2,3,3,3,2,2,2,2,3,2,1,3,1,4,2,4,4,3,2,1,3,1,3,3,590708,0,1
DEMO5K-0762,25,2,3,4,2,3,5,4,4,4,3,5,1,5,4,3,4,2,4,1,4,3,3,4,3,4,4,5,3,4,1,5,4,608122,0,1
DEMO5K-0763,30,1,2,4,2,3,2,3,4,2,2,2,3,1,2,2,2,2,2,1,1,3,1,2,1,1,1,2,1,3,3,1,1,606011,0,1
DEMO5K-0764,22,2,2,1,3,3,3,2,3,3,2,3,2,3,3,1,2,2,1,1,1,4,2,2,3,2,2,4,3,2,2,2,2,433972,0,1
DEMO5K-0765,21,1,2,5,3,3,5,5,1,5,5,5,4,3,5,3,5,4,3,1,3,2,4,4,4,2,2,2,4,5,3,5,3,446478,0,1
DEMO5K-0766,34,1,3,5,4,5,4,2,3,2,4,3,3,3,2,1,1,1,4,1,1,3,4,3,1,2,3,4,1,4,3,4,3,581520,0,1
DEMO5K-0767,27,2,2,2,1,4,2,4,2,2,2,2,2,3,3,1,3,4,3,1,1,1,2,1,2,2,2,1,1,1,1,2,1,496268,0,1
DEMO5K-0768,31,1,2,4,1,1,3,2,4,4,3,3,4,4,5,4,2,3,5,1,2,4,2,3,3,4,5,5,3,4,3,1,4,586138,0,1
DEMO5K-0769,24,2,3,2,4,2,4,3,3,1,2,4,2,2,3,4,4,4,3,1,2,2,2,1,2,2,4,3,5,3,4,4,4,450124,0,1
DEMO5K-0770,27,2,3,5,3,2,4,3,4,4,3,5,3,2,4,3,3,3,3,1,5,2,3,3,4,3,4,2,5,4,5,3,5,471476,0,1
DEMO5K-0771,25,2,3,5,2,2,4,1,2,4,5,3,1,2,4,4,3,1,3,1,2,5,4,3,5,5,3,3,4,2,4,2,3,337238,0,1
DEMO5K-0772,26,2,1,3,3,2,4,4,2,3,3,5,4,5,3,5,5,5,4,1,5,5,4,5,5,5,4,5,4,4,5,2,3,677683,0,1
DEMO5K-0773,17,2,2,5,3,3,5,3,2,3,4,4,4,3,3,4,4,4,5,1,3,2,2,4,1,3,3,5,5,3,4,4,5,474336,0,1
DEMO5K-0774,29,1,2,2,3,1,5,5,2,5,5,5,2,2,5,4,3,3,2,1,4,4,5,4,5,3,3,2,2,2,2,2,3,406230,0,1
DEMO5K-0775,35,2,1,2,4,4,2,3,3,4,2,2,3,4,2,3,1,1,4,1,2,3,4,4,3,4,2,1,2,3,2,2,2,311797,0,1
DEMO5K-0776,33,2,2,2,1,2,2,5,3,5,5,5,5,2,2,4,5,4,4,1,3,4,4,2,3,3,1,2,4,4,1,3,3,600763,0,1
DEMO5K-0777,17,1,1,4,4,2,4,3,1,5,5,5,5,4,4,4,5,5,4,1,4,3,2,3,5,2,4,4,3,4,4,4,5,656854,0,1
DEMO5K-0778,27,2,1,3,2,5,1,3,5,1,4,2,3,2,3,4,2,4,4,1,2,2,3,4,1,3,3,3,4,2,3,2,3,472861,0,1
DEMO5K-0779,23,1,2,1,2,5,2,2,3,1,3,2,4,3,5,3,4,2,1,1,2,4,2,3,2,5,1,3,1,2,1,1,1,450158,0,1
DEMO5K-0780,29,2,3,4,3,3,4,3,4,5,3,3,3,4,4,4,4,4,4,1,5,3,3,4,4,3,2,3,2,1,3,3,3,47335,1,1
DEMO5K-0781,27,1,1,5,2,1,4,3,2,3,2,4,5,3,4,3,2,3,4,1,4,5,5,4,2,3,4,3,3,5,4,4,3,670323,0,1
DEMO5K-0782,26,2,3,3,4,2,4,4,3,4,4,3,1,3,3,2,3,4,1,1,2,4,5,3,4,4,3,2,2,2,1,3,2,657461,0,1
DEMO5K-0783,26,2,3,3,4,2,3,5,3,2,3,4,3,1,3,5,2,4,4,1,4,2,5,3,3,2,4,2,3,2,5,4,5,454411,0,1
DEMO5K-0784,28,2,3,1,1,2,2,2,3,3,4,4,3,2,2,4,3,2,2,1,2,4,2,2,3,2,4,4,4,2,1,3,3,312237,0,1
DEMO5K-0785,35,1,1,1,2,1,2,5,3,3,2,3,5,3,5,4,4,4,3,1,5,5,3,4,3,4,5,5,3,5,4,5,5,425366,0,1
DEMO5K-0786,24,1,2,2,1,3,3,4,4,5,2,5,5,3,5,4,2,3,4,1,2,5,4,4,5,4,3,2,3,4,3,4,3,688939,0,1
DEMO5K-0787,25,1,2,5,3,2,5,3,3,4,4,4,4,3,2,2,4,4,1,4,5,5,3,5,4,3,5,4,2,4,2,3,4,555534,0,0
DEMO5K-0788,26,2,3,1,3,3,5,4,2,4,4,4,3,2,2,1,2,2,1,1,3,4,4,2,5,2,3,5,4,4,4,3,3,539092,0,1
DEMO5K-0789,22,2,3,4,3,2,3,2,4,2,3,2,1,2,3,2,2,3,2,1,2,3,4,2,1,3,2,4,3,3,2,2,2,630909,0,1
DEMO5K-0790,22,1,3,2,3,2,1,2,5,2,4,2,4,5,4,5,3,3,5,1,3,2,2,2,4,1,4,4,5,2,2,5,4,54180,1,1
DEMO5K-0791,18,2,3,5,1,3,4,4,2,4,3,4,4,4,4,4,4,4,3,1,4,4,3,3,4,5,4,4,3,5,5,3,4,536587,0,1
DEMO5K-0792,26,1,3,2,4,2,4,3,2,4,4,4,2,2,2,3,3,3,3,1,4,2,3,4,4,3,4,4,2,3,5,4,4,307797,0,1
DEMO5K-0793,21,1,2,1,3,3,3,4,1,4,3,3,4,1,2,1,3,2,1,1,3,2,3,2,2,2,5,5,3,5,4,3,3,638793,0,1
DEMO5K-0794,33,2,3,5,3,3,2,2,4,1,4,2,3,3,5,5,4,2,3,1,3,2,2,3,2,3,5,4,4,3,4,4,3,603783,0,1
DEMO5K-0795,30,2,1,2,3,4,2,1,5,2,4,4,4,1,3,3,5,3,3,1,3,3,2,2,3,3,1,3,1,2,3,4,3,319088,0,1
DEMO5K-0796,20,2,3,2,3,4,1,3,4,1,2,2,2,1,1,1,1,1,1,1,3,2,2,2,2,2,1,1,2,3,2,4,2,423797,0,1
DEMO5K-0797,33,2,3,5,4,4,2,4,4,2,4,4,4,5,4,4,4,4,3,1,3,2,4,2,3,3,3,5,3,3,3,2,5,390734,0,1
DEMO5K-0798,30,1,3,5,3,2,4,3,2,4,3,3,2,3,2,1,3,3,3,1,4,3,4,4,2,3,3,3,4,3,2,3,3,665925,0,1
DEMO5K-0799,20,1,3,2,2,2,2,4,3,3,3,2,3,1,4,2,1,4,2,1,3,3,3,4,3,3,4,4,4,3,3,3,3,561198,0,1
DEMO5K-0800,17,2,1,3,4,4,3,2,3,2,1,3,2,2,1,2,1,2,1,1,2,1,3,3,1,2,1,3,2,2,2,1,5,435336,0,1
DEMO5K-0801,20,1,1,1,2,3,3,3,2,4,2,2,5,5,3,4,3,5,5,1,4,5,5,4,3,5,2,3,3,2,2,2,2,406181,0,1
DEMO5K-0802,31,2,3,1,3,3,4,5,1,3,2,5,3,3,3,1,3,4,3,1,2,3,4,4,2,3,3,1,1,1,4,2,3,579921,0,1
DEMO5K-0803,28,2,1,5,4,3,3,4,5,5,3,3,3,4,3,2,3,4,3,1,2,3,3,4,3,2,3,2,1,2,1,3,1,301650,0,1
DEMO5K-0804,29,1,3,3,4,4,2,4,5,3,4,2,4,4,4,5,4,2,5,1,2,4,4,4,1,4,1,2,1,2,3,4,3,393143,0,1
DEMO5K-0805,19,2,2,2,3,3,1,2,4,2,3,2,2,1,2,1,3,1,1,1,3,2,4,1,1,3,2,3,2,4,2,2,4,315956,0,1
DEMO5K-0806,26,2,3,3,3,3,3,2,2,2,4,5,4,3,4,3,5,3,4,3,5,4,4,4,3,5,4,1,2,1,3,2,2,396349,0,0
DEMO5K-0807,27,2,3,5,1,3,3,2,4,1,3,1,4,4,5,3,4,4,5,1,3,1,5,2,3,1,3,4,3,4,3,5,5,386366,0,1
DEMO5K-0808,32,2,1,3,3,4,3,3,3,3,2,3,3,1,1,3,1,2,3,2,3,4,3,3,3,3,2,3,4,3,5,3,3,311305,0,0
DEMO5K-0809,35,2,3,1,3,2,5,3,1,4,5,5,3,3,4,4,5,2,5,1,3,3,3,2,2,3,4,3,4,3,4,4,4,65850,1,1
DEMO5K-0810,19,2,3,1,2,2,3,3,4,1,4,4,4,3,1,2,3,1,1,1,4,1,1,2,1,2,3,3,3,4,4,2,3,342992,0,1
DEMO5K-0811,35,1,1,1,3,2,4,5,2,5,4,4,4,4,3,4,3,3,5,1,3,1,3,3,3,3,3,4,3,3,3,2,2,649480,0,1
DEMO5K-0812,35,2,2,1,2,2,2,5,2,3,5,4,1,2,1,3,2,2,3,1,1,1,1,1,1,1,4,3,2,2,4,2,4,63229,1,1
DEMO5K-0813,19,1,1,2,1,2,4,4,3,3,5,4,5,5,3,4,5,5,5,1,3,4,4,3,4,4,2,3,2,4,4,5,4,386916,0,1
DEMO5K-0814,30,2,2,3,1,1,5,5,3,3,4,5,3,4,3,2,2,3,4,1,4,2,2,3,3,4,4,5,4,3,4,5,4,421632,0,1
DEMO5K-0815,35,2,2,5,4,3,4,3,3,5,3,3,3,3,4,3,3,3,5,1,2,3,2,3,3,5,5,5,2,3,5,4,3,688243,0,1
DEMO5K-0816,19,1,1,1,2,1,5,4,2,4,5,5,3,5,2,2,4,2,1,1,4,4,3,4,4,4,1,1,1,1,1,1,1,536236,0,1
DEMO5K-0817,30,2,2,5,3,3,3,2,4,3,3,4,2,2,3,4,4,2,2,4,5,4,2,1,4,3,4,5,5,5,5,4,4,400255,0,0
DEMO5K-0818,29,2,3,2,3,3,1,2,4,3,2,1,3,2,1,2,2,2,1,1,2,2,2,2,2,3,1,3,2,2,2,1,2,568996,0,1
DEMO5K-0819,31,1,1,1,3,5,2,4,4,3,2,2,2,2,2,2,2,2,2,1,4,2,5,3,3,5,3,3,4,4,4,2,3,465894,0,1
DEMO5K-0820,32,2,3,1,3,3,2,3,3,2,3,3,4,5,5,5,4,3,4,1,2,3,4,4,3,2,4,4,3,4,4,4,5,585546,0,1
DEMO5K-0821,27,2,3,3,4,4,2,1,5,3,2,1,3,2,2,3,2,3,4,1,4,5,4,4,3,3,4,4,5,4,3,4,4,59712,1,1
DEMO5K-0822,25,1,3,3,1,3,1,2,2,4,2,3,3,3,5,4,3,5,5,1,3,3,2,3,2,3,3,1,3,3,3,4,2,385860,0,1
DEMO5K-0823,18,1,1,1,4,3,3,3,3,3,4,4,3,3,3,2,3,1,1,1,3,2,3,4,3,1,2,2,3,1,4,3,3,698003,0,1
DEMO5K-0824,22,1,3,4,3,3,4,4,3,3,4,3,5,3,4,5,4,3,4,1,5,4,4,4,3,5,4,3,4,5,5,5,5,388799,0,1
DEMO5K-0825,18,2,2,3,2,3,3,4,4,3,5,4,3,4,3,3,4,4,4,1,4,4,4,3,4,2,2,4,2,2,2,3,1,588157,0,1
DEMO5K-0826,21,2,2,1,3,5,1,1,4,1,1,1,1,2,1,2,1,1,3,1,2,2,3,2,1,3,1,2,1,3,2,2,2,585265,0,1
DEMO5K-0827,20,1,2,3,3,4,4,5,3,3,3,4,2,3,4,2,3,4,5,1,3,2,1,3,3,2,4,2,4,1,3,3,3,684093,0,1
DEMO5K-0828,33,1,3,2,1,5,3,4,4,2,3,2,1,1,2,2,2,2,1,1,2,3,4,2,4,3,2,1,1,3,1,3,2,578120,0,1
DEMO5K-0829,23,2,3,1,3,1,5,5,2,5,5,5,5,5,5,5,5,5,5,1,4,3,3,3,4,3,4,3,4,5,5,4,5,593001,0,1
DEMO5K-0830,23,2,2,1,2,2,3,3,4,2,4,3,5,3,4,4,4,5,4,1,3,4,1,2,3,2,1,2,4,4,4,4,4,590486,0,1
DEMO5K-0831,21,2,3,3,4,2,4,4,3,3,4,4,3,3,3,5,4,3,5,1,3,5,2,5,4,5,3,3,4,1,4,3,3,512326,0,1
DEMO5K-0832,25,1,3,5,2,2,4,3,2,3,3,4,5,4,4,5,5,5,4,2,3,1,2,3,2,3,2,2,3,2,1,2,1,653727,0,0
DEMO5K-0833,33,1,3,5,2,3,1,2,4,2,2,1,2,1,3,2,3,1,3,1,4,3,3,1,3,3,1,1,3,2,2,3,3,462925,0,1
DEMO5K-0834,34,2,2,1,2,1,4,4,3,5,5,5,3,3,4,3,3,3,2,4,1,1,1,3,1,3,3,3,2,3,3,3,3,547775,0,0
DEMO5K-0835,23,2,2,2,4,1,5,3,2,4,5,5,5,3,5,5,4,5,3,1,5,4,5,5,5,5,5,4,5,5,5,5,5,496390,0,1
DEMO5K-0836,17,2,1,1,1,3,4,4,3,2,3,5,4,4,4,3,4,5,3,1,1,1,3,3,2,1,3,3,3,2,3,2,3,693982,0,1
DEMO5K-0837,29,2,2,3,3,1,4,4,3,3,4,3,5,5,4,3,5,4,4,1,4,3,3,3,5,2,3,2,2,3,4,3,3,309060,0,1
DEMO5K-0838,30,2,2,2,3,2,3,3,2,4,3,4,2,5,4,2,1,1,5,1,2,3,1,2,3,3,4,2,1,3,3,4,5,373822,0,1
DEMO5K-0839,17,2,2,3,2,5,1,1,4,1,2,2,2,4,3,4,1,3,3,1,3,4,2,3,5,4,3,3,4,4,3,3,3,322683,0,1
DEMO5K-0840,31,1,2,2,3,5,3,3,2,2,2,3,2,3,4,4,5,3,5,1,3,2,2,4,2,3,1,2,3,2,4,2,3,562496,0,1
DEMO5K-0841,21,2,3,5,1,2,2,4,3,2,3,3,1,1,3,1,2,2,1,1,2,2,4,2,3,1,3,2,3,3,2,2,3,329479,0,1
DEMO5K-0842,33,1,2,3,3,1,4,5,1,5,4,4,4,4,3,4,4,3,5,3,5,3,5,5,4,5,5,4,4,4,5,3,5,566661,0,0
DEMO5K-0843,25,2,3,2,4,2,4,2,2,2,4,3,1,4,3,2,3,1,4,1,4,2,2,2,3,4,2,3,1,3,1,1,2,467992,0,1
DEMO5K-0844,21,1,2,1,3,1,3,4,3,3,3,4,4,3,4,4,4,4,4,1,5,4,5,5,5,5,4,3,5,5,4,4,3,537504,0,1
DEMO5K-0845,23,1,2,3,4,1,5,4,1,4,5,4,2,4,4,3,5,4,3,1,2,4,3,3,2,4,5,5,5,4,4,3,4,542160,0,1
DEMO5K-0846,32,1,3,5,3,2,4,4,2,5,3,3,2,4,3,5,3,4,3,1,2,2,2,4,3,4,4,1,3,4,3,3,3,343712,0,1
DEMO5K-0847,18,2,2,5,3,2,4,4,3,3,3,2,2,1,2,2,4,2,2,1,4,1,1,2,3,3,4,2,4,4,3,3,1,603596,0,1
DEMO5K-0848,26,2,3,1,4,2,3,4,1,5,5,5,3,4,5,4,2,4,5,1,4,3,4,2,3,3,4,4,5,3,4,3,4,601480,0,1
DEMO5K-0849,25,1,3,4,3,3,4,4,2,4,4,3,4,3,2,4,5,3,3,1,5,4,5,5,4,5,2,4,2,1,1,3,2,538300,0,1
DEMO5K-0850,19,1,3,1,1,3,1,3,3,3,3,3,2,3,3,1,2,3,3,1,5,3,4,2,3,4,4,4,3,3,3,3,2,303272,0,1
DEMO5K-0851,20,2,3,2,3,1,3,5,1,4,5,4,2,4,2,5,4,3,3,1,3,1,4,3,4,3,4,4,4,4,4,2,5,562019,0,1
DEMO5K-0852,31,2,1,3,3,2,4,4,1,4,4,4,5,5,4,5,3,2,4,1,3,3,2,4,3,3,4,4,4,2,3,2,3,521897,0,1
DEMO5K-0853,17,2,2,1,4,2,3,4,3,2,3,3,2,2,2,4,2,2,2,1,4,2,1,1,3,1,3,2,1,2,2,2,3,59845,1,1
DEMO5K-0854,23,2,3,3,3,3,2,2,4,3,3,4,4,4,4,4,5,4,4,1,2,2,2,3,2,3,2,3,1,3,2,3,2,435307,0,1
DEMO5K-0855,23,1,1,2,2,4,1,3,5,3,2,2,3,3,3,3,3,3,2,1,2,3,3,3,2,2,1,1,2,2,2,2,1,386864,0,1
DEMO5K-0856,28,1,3,3,4,4,4,1,2,5,4,3,3,4,3,4,2,4,3,1,5,5,4,4,3,4,5,5,5,5,3,4,4,367001,0,1
DEMO5K-0857,27,2,2,2,4,5,3,2,3,2,3,2,1,2,2,2,1,1,2,1,2,2,2,2,2,3,1,3,2,1,1,1,2,542976,0,1
DEMO5K-0858,19,1,1,2,3,1,5,4,1,4,5,4,2,2,5,5,3,3,4,1,3,3,4,4,2,3,3,5,5,5,4,5,3,437400,0,1
DEMO5K-0859,17,1,2,1,4,4,3,3,5,4,4,4,3,3,3,4,5,3,5,1,5,5,3,5,2,3,5,2,4,3,4,5,3,528823,0,1
DEMO5K-0860,24,2,2,2,4,4,4,1,2,1,2,2,4,4,3,2,4,5,4,1,3,4,3,4,4,3,3,2,4,4,2,3,2,63171,1,1
DEMO5K-0861,18,1,3,1,4,4,5,4,2,3,3,3,5,3,4,3,4,3,4,1,4,3,4,3,4,5,5,4,5,5,4,4,4,692236,0,1
DEMO5K-0862,22,1,3,1,3,2,1,4,3,3,5,3,2,3,3,4,4,3,3,1,2,2,1,2,1,1,3,3,3,2,2,3,2,470251,0,1
DEMO5K-0863,23,2,1,1,1,2,2,1,4,2,3,2,4,3,2,2,2,1,1,1,2,3,3,1,3,2,3,2,3,3,1,3,4,695464,0,1
DEMO5K-0864,24,2,3,3,4,5,1,1,5,2,2,1,2,1,2,3,2,1,3,1,1,4,2,2,1,2,2,3,3,4,3,5,2,420979,0,1
DEMO5K-0865,19,2,2,4,4,1,3,4,3,5,2,3,5,2,5,3,3,3,2,1,1,3,3,3,4,5,3,2,2,2,4,1,3,577904,0,1
DEMO5K-0866,18,2,3,2,1,4,2,1,3,5,3,1,3,4,4,5,3,2,3,1,2,2,2,3,3,4,4,3,2,3,3,2,2,655927,0,1
DEMO5K-0867,30,1,2,1,3,1,3,4,3,2,2,3,5,4,4,4,5,4,3,1,2,4,4,4,2,3,2,2,2,2,5,2,3,674926,0,1
DEMO5K-0868,29,2,1,2,2,3,4,3,2,3,3,3,3,2,3,2,1,1,2,1,3,2,3,4,2,3,2,2,4,4,4,3,3,68074,1,1
DEMO5K-0869,33,1,3,5,2,2,3,4,2,3,3,3,2,5,4,3,4,3,3,1,2,3,4,2,3,2,3,4,3,3,4,4,2,50834,1,1
DEMO5K-0870,31,2,3,3,3,5,4,3,3,3,1,3,1,1,1,5,3,2,2,1,2,2,1,1,1,1,2,3,2,3,2,3,3,645879,0,1
DEMO5K-0871,19,2,3,4,1,5,1,1,4,1,1,1,2,5,3,2,3,3,3,1,2,1,1,2,1,1,3,2,1,3,2,2,2,301374,0,1
DEMO5K-0872,35,2,1,1,2,2,4,5,2,5,5,5,1,2,3,4,1,2,3,1,3,3,3,5,4,3,5,1,2,4,2,3,3,593290,0,1
DEMO5K-0873,28,2,3,4,4,4,1,3,3,2,2,4,3,4,4,3,2,3,3,1,3,3,4,4,5,2,3,3,3,4,3,2,2,633771,0,1
DEMO5K-0874,21,2,2,2,3,2,3,2,5,1,1,1,3,4,4,4,5,4,4,1,3,4,2,3,3,4,4,4,4,4,3,5,3,454229,0,1
DEMO5K-0875,35,2,1,3,3,3,3,1,4,2,2,2,4,3,2,4,4,4,2,1,3,3,5,1,3,4,4,4,3,2,4,3,3,340287,0,1
DEMO5K-0876,28,2,3,2,4,2,2,4,3,4,4,3,2,2,4,3,2,2,2,1,2,1,3,1,2,3,3,3,3,3,2,2,3,663257,0,1
DEMO5K-0877,21,2,3,2,4,2,2,2,1,4,4,5,3,3,3,2,2,3,3,1,4,4,3,5,4,2,4,5,4,3,3,2,2,311994,0,1
DEMO5K-0878,30,2,2,5,4,3,3,3,3,3,3,1,3,4,5,4,4,4,5,1,5,5,4,4,5,5,2,1,1,1,1,2,3,369109,0,1
DEMO5K-0879,23,1,1,1,1,4,1,3,3,2,3,1,1,1,1,1,1,1,1,1,1,2,2,2,1,1,1,2,1,2,3,1,1,416386,0,1
DEMO5K-0880,30,1,2,3,4,1,4,3,1,4,5,5,5,5,4,4,3,5,3,1,4,5,5,4,5,4,4,5,3,4,4,3,4,526569,0,1
DEMO5K-0881,28,1,2,1,2,4,1,1,5,1,2,1,2,2,3,2,2,2,2,1,3,3,2,2,2,2,1,1,2,1,1,1,2,657867,0,1
DEMO5K-0882,26,2,3,5,3,2,2,3,3,3,4,4,3,3,3,5,4,3,4,1,4,2,3,2,3,3,3,2,1,4,2,2,3,355413,0,1
DEMO5K-0883,29,2,1,3,3,3,4,2,3,5,3,3,3,3,2,3,3,3,2,1,4,3,4,2,3,3,4,3,4,4,3,3,3,627071,0,1
DEMO5K-0884,25,1,1,1,4,2,4,3,3,3,3,4,4,4,4,5,4,4,5,1,4,3,5,4,4,4,1,3,2,1,2,2,1,664376,0,1
DEMO5K-0885,23,2,2,5,1,5,2,3,3,4,2,3,4,5,3,2,4,2,3,1,2,3,5,2,4,2,3,4,5,4,5,5,5,575976,0,1
DEMO5K-0886,30,1,2,1,2,1,4,1,3,3,2,2,3,4,3,2,3,3,3,1,4,5,4,3,2,2,2,3,3,3,3,2,4,576890,0,1
DEMO5K-0887,21,2,1,2,1,2,4,4,2,4,4,4,4,4,5,4,5,4,2,5,4,3,5,3,3,5,2,3,2,2,3,3,2,381359,0,0
DEMO5K-0888,24,2,3,1,4,4,2,4,2,3,3,2,4,5,4,3,5,5,5,1,5,5,4,5,3,5,4,4,4,4,4,5,5,589460,0,1
DEMO5K-0889,19,2,1,4,4,5,2,4,4,3,2,3,1,1,1,3,2,5,3,1,2,3,3,2,2,4,3,2,4,2,5,3,4,557534,0,1
DEMO5K-0890,35,1,2,3,3,2,2,4,3,4,3,3,3,1,3,3,2,3,2,1,3,3,5,4,5,4,4,4,3,3,3,5,4,358171,0,1
DEMO5K-0891,21,2,2,4,2,2,3,2,2,2,1,1,4,1,2,1,3,2,2,1,2,3,2,3,1,3,2,1,2,2,2,3,2,669845,0,1
DEMO5K-0892,28,2,3,2,2,3,2,3,5,3,3,3,3,1,1,2,3,2,1,1,1,3,2,1,1,1,1,3,1,4,3,2,2,665300,0,1
DEMO5K-0893,24,2,1,3,4,3,5,4,3,5,3,3,5,4,4,4,3,3,4,1,4,4,3,4,2,2,3,4,4,5,3,4,2,694460,0,1
DEMO5K-0894,33,2,3,2,2,3,4,4,3,3,2,3,3,3,3,3,5,2,4,1,2,3,4,3,3,1,2,1,2,2,2,1,2,504464,0,1
DEMO5K-0895,19,1,1,1,4,3,3,2,5,4,3,3,5,5,4,5,5,5,5,1,5,5,5,3,4,5,4,4,3,4,5,2,4,301906,0,1
DEMO5K-0896,25,1,1,4,4,5,3,3,3,3,3,3,4,2,4,4,3,5,2,1,3,4,4,4,4,4,3,5,1,4,3,5,4,323701,0,1
DEMO5K-0897,28,2,2,1,1,4,3,4,3,4,4,5,2,1,2,3,3,3,5,1,3,3,3,3,3,1,3,3,4,2,4,3,4,694786,0,1
DEMO5K-0898,34,2,3,3,3,2,2,1,5,2,2,2,4,5,4,2,5,4,4,1,5,3,4,4,4,3,4,4,4,3,3,4,4,590329,0,1
DEMO5K-0899,27,2,2,1,2,2,3,3,1,2,4,4,4,3,3,3,3,3,3,4,2,3,3,2,3,2,3,2,2,2,2,2,3,73395,1,0
DEMO5K-0900,21,2,3,4,2,2,5,4,2,4,5,5,5,2,3,5,3,4,2,1,3,2,2,3,4,2,3,1,3,2,2,2,3,679379,0,1
DEMO5K-0901,29,2,3,5,3,5,1,3,4,3,1,2,2,3,2,2,3,3,3,1,3,2,1,2,1,1,4,2,3,3,5,4,3,687406,0,1
DEMO5K-0902,19,2,3,5,3,5,3,5,3,2,3,3,3,4,4,2,2,2,4,1,4,5,4,4,3,5,2,4,3,3,5,5,5,530036,0,1
DEMO5K-0903,21,2,1,3,3,4,2,3,4,1,2,3,1,1,3,1,1,2,1,3,2,1,2,1,2,2,3,3,3,3,2,2,3,72028,1,0
DEMO5K-0904,32,2,2,5,1,4,3,2,3,2,2,2,4,4,4,4,5,3,4,1,2,3,1,2,2,3,3,3,2,4,2,2,4,389952,0,1
DEMO5K-0905,20,2,1,3,2,2,3,4,5,5,3,3,4,4,1,4,4,2,3,1,2,4,2,3,4,4,3,5,1,4,4,4,4,590684,0,1
DEMO5K-0906,20,2,3,3,2,3,1,4,2,5,5,3,3,5,4,3,3,3,4,1,3,4,3,4,3,3,4,3,3,4,4,4,3,355414,0,1
DEMO5K-0907,31,2,3,4,3,3,2,2,4,3,2,4,2,3,3,2,1,2,3,1,4,3,2,4,3,4,4,4,3,4,3,3,4,469677,0,1
DEMO5K-0908,33,1,2,2,1,3,2,2,3,1,2,3,1,1,2,2,1,1,3,1,4,3,4,5,3,3,3,3,2,1,2,1,1,617342,0,1
DEMO5K-0909,34,1,2,1,3,1,2,3,4,3,4,2,2,3,4,2,1,3,3,1,4,4,4,5,4,4,3,5,4,4,3,4,3,361213,0,1
DEMO5K-0910,21,1,3,1,2,5,2,1,4,2,1,1,2,4,2,1,1,2,2,1,3,3,1,1,2,1,3,2,3,3,4,2,3,594238,0,1
DEMO5K-0911,33,2,2,2,3,5,1,1,4,1,1,1,1,2,3,1,1,1,1,1,2,1,2,3,3,3,2,2,1,1,1,1,1,659086,0,1
DEMO5K-0912,26,1,2,4,3,5,2,1,4,1,2,2,2,2,2,1,1,2,2,1,3,1,3,2,5,2,1,2,1,2,2,2,2,476378,0,1
DEMO5K-0913,18,1,1,1,2,4,4,4,1,3,2,2,1,2,1,1,2,1,1,1,2,3,2,4,3,4,3,4,2,2,5,3,4,469500,0,1
DEMO5K-0914,25,1,2,2,4,2,2,2,3,3,3,3,3,4,4,3,3,3,5,1,3,4,2,3,3,4,2,1,4,1,2,1,2,489287,0,1
DEMO5K-0915,17,1,3,3,3,4,2,3,5,3,1,3,2,4,2,1,2,3,2,1,2,1,2,1,1,1,3,4,1,1,3,2,3,586734,0,1
DEMO5K-0916,30,1,3,5,2,3,2,5,4,3,2,1,2,3,1,1,1,2,3,1,1,1,4,3,2,5,3,3,2,1,3,3,2,656674,0,1
DEMO5K-0917,28,1,2,2,4,4,1,3,4,1,2,2,4,2,2,3,4,3,2,4,3,3,3,4,3,5,4,4,2,2,3,3,2,564041,0,0
DEMO5K-0918,25,2,2,2,4,3,2,3,4,2,3,2,3,1,4,3,3,1,4,1,3,4,3,2,3,2,1,2,1,2,2,2,2,391613,0,1
DEMO5K-0919,26,1,3,5,3,3,3,5,2,3,4,3,4,4,4,3,3,2,3,1,4,4,3,4,3,3,3,3,3,2,4,4,3,691393,0,1
DEMO5K-0920,28,2,3,5,1,3,3,5,3,2,3,2,4,2,3,2,3,2,4,1,5,4,3,5,3,2,4,3,3,4,4,2,2,533885,0,1
DEMO5K-0921,17,2,3,2,4,4,3,3,3,1,3,1,3,4,3,3,3,3,2,1,2,1,4,2,1,1,3,3,3,2,4,2,3,386754,0,1
DEMO5K-0922,18,1,3,3,2,4,1,1,4,3,2,2,2,3,1,1,2,1,1,1,3,1,2,1,2,2,2,3,2,4,4,3,1,422660,0,1
DEMO5K-0923,19,2,2,5,3,3,5,4,3,3,3,3,3,4,5,5,4,5,4,1,4,3,2,2,3,2,4,4,3,3,2,5,3,52620,1,1
DEMO5K-0924,28,2,3,3,1,2,5,4,2,4,3,4,4,3,3,3,4,2,4,1,5,3,4,5,3,2,3,4,5,4,5,3,5,506840,0,1
DEMO5K-0925,23,2,2,4,3,4,2,2,3,1,2,3,2,3,3,1,1,3,1,1,3,5,4,3,3,1,1,1,3,1,3,1,2,332909,0,1
DEMO5K-0926,21,2,3,2,3,2,5,4,1,4,4,5,3,3,4,5,4,5,4,1,3,4,5,5,2,5,2,3,3,2,3,4,5,479248,0,1
DEMO5K-0927,30,2,2,2,3,3,2,3,3,3,2,3,1,3,2,2,1,4,2,1,2,1,1,1,1,1,3,1,3,2,3,4,3,325814,0,1
DEMO5K-0928,35,1,1,5,3,3,2,3,4,5,2,2,3,4,4,4,5,4,4,1,3,4,5,4,5,4,2,2,4,3,3,4,4,365954,0,1
DEMO5K-0929,33,2,2,2,1,4,3,4,5,4,3,3,3,4,5,4,3,2,4,1,1,3,1,2,2,3,2,1,1,1,3,1,1,333918,0,1
DEMO5K-0930,27,1,2,2,4,5,3,3,3,3,3,2,4,2,3,2,2,2,3,1,2,2,2,3,1,2,4,3,3,4,4,3,5,650190,0,1
DEMO5K-0931,35,1,3,5,3,5,3,2,3,3,3,4,3,3,2,2,1,3,2,1,2,3,3,4,2,3,5,4,4,3,4,5,4,416091,0,1
DEMO5K-0932,26,2,3,5,2,4,3,4,2,3,4,3,3,3,3,3,3,3,4,1,3,3,4,4,3,5,1,2,2,5,1,2,4,590711,0,1
DEMO5K-0933,25,2,2,2,1,4,4,5,2,5,4,3,4,4,1,4,3,2,2,1,3,2,1,1,2,1,1,2,3,1,1,3,4,569459,0,1
DEMO5K-0934,23,2,1,5,2,3,3,1,4,2,2,2,3,3,1,3,4,3,2,1,2,2,2,5,2,1,4,2,4,2,4,2,2,378834,0,1
DEMO5K-0935,28,2,2,2,3,3,3,2,3,3,4,4,3,4,4,4,4,5,3,1,3,3,3,2,5,4,3,3,5,4,2,4,4,463839,0,1
DEMO5K-0936,28,2,1,1,4,3,3,3,3,1,1,4,4,4,3,1,4,3,2,1,4,4,3,5,5,5,1,2,1,2,3,1,2,397644,0,1
DEMO5K-0937,24,2,3,4,2,2,3,3,4,5,5,3,3,4,3,2,3,2,3,1,4,5,5,4,5,4,4,5,5,5,5,5,5,674517,0,1
DEMO5K-0938,25,1,2,3,3,2,4,5,3,3,3,5,3,5,3,3,5,4,4,1,5,4,3,4,4,5,3,4,3,3,3,4,2,572894,0,1
DEMO5K-0939,22,1,3,5,2,4,2,1,4,3,3,4,1,1,3,2,3,4,1,1,5,4,5,4,3,5,3,3,4,3,1,5,4,563684,0,1
DEMO5K-0940,21,1,2,5,3,3,3,4,3,3,3,3,1,2,4,1,3,2,2,1,4,3,3,2,3,3,3,2,3,3,3,2,3,422566,0,1
DEMO5K-0941,22,1,1,5,1,2,2,2,3,4,4,2,4,4,4,4,4,3,4,1,2,4,2,3,4,1,3,5,5,4,4,3,2,411758,0,1
DEMO5K-0942,33,2,2,5,2,2,4,2,4,3,4,4,4,5,4,5,2,5,4,1,2,4,4,4,3,2,5,3,3,2,4,4,3,442614,0,1
DEMO5K-0943,34,2,3,1,3,5,2,2,3,2,3,3,1,3,3,3,1,1,1,1,3,3,4,2,1,2,1,2,3,2,2,3,2,392675,0,1
DEMO5K-0944,18,2,3,4,1,2,1,3,3,1,3,2,1,2,1,3,2,2,2,1,2,2,2,2,2,2,3,3,4,3,2,4,3,604787,0,1
DEMO5K-0945,26,2,3,3,1,5,3,2,3,2,5,4,4,3,5,4,5,3,4,1,4,4,2,4,2,3,5,4,4,4,2,4,3,46007,1,1
DEMO5K-0946,17,2,1,1,4,4,3,3,2,1,3,3,1,5,2,3,2,3,3,1,2,2,2,2,3,3,2,3,3,4,5,4,5,569809,0,1
DEMO5K-0947,17,2,1,3,4,4,1,2,5,1,1,1,2,1,2,2,2,1,1,1,4,4,4,4,3,4,3,2,2,4,3,1,2,404078,0,1
DEMO5K-0948,31,2,1,1,4,3,4,3,4,3,3,4,3,3,1,3,2,3,3,1,2,2,3,1,2,2,1,3,1,3,2,1,3,590860,0,1
DEMO5K-0949,29,1,3,2,2,2,4,4,2,4,5,5,3,2,3,4,4,2,3,1,3,2,3,2,3,2,4,4,3,2,4,4,4,455942,0,1
DEMO5K-0950,34,2,2,4,2,3,1,1,4,3,1,1,3,3,3,3,3,3,2,1,3,3,2,2,1,2,1,3,1,2,1,1,1,339587,0,1
DEMO5K-0951,23,1,3,5,2,2,5,4,3,5,3,4,2,4,2,3,1,2,4,1,1,2,2,1,1,1,3,3,3,2,4,1,3,524640,0,1
DEMO5K-0952,25,2,2,4,3,2,4,3,2,4,5,4,2,1,3,3,5,5,4,1,4,4,3,3,3,3,4,2,3,2,3,3,2,446989,0,1
DEMO5K-0953,32,2,3,4,3,2,4,4,1,3,3,5,3,4,4,5,3,5,4,1,5,5,4,4,5,5,4,4,3,5,4,4,5,649517,0,1
DEMO5K-0954,26,1,2,4,2,3,3,3,3,4,3,4,1,2,2,1,2,3,3,1,3,3,2,4,1,2,3,3,4,3,3,2,4,683414,0,1
DEMO5K-0955,17,2,1,1,2,4,5,4,2,3,4,5,1,3,2,3,2,3,3,1,2,4,4,4,5,3,2,3,3,4,4,5,5,618211,0,1
DEMO5K-0956,18,1,3,3,3,5,2,1,2,3,1,2,1,2,3,4,2,3,4,1,5,2,4,3,4,4,2,3,3,2,2,2,3,312602,0,1
DEMO5K-0957,20,1,2,5,2,5,2,4,4,2,3,4,3,3,4,3,2,4,3,1,3,1,2,2,2,1,3,3,3,2,2,3,2,538596,0,1
DEMO5K-0958,24,2,2,5,3,3,4,2,1,4,4,4,2,2,3,3,2,2,3,3,4,3,1,5,2,3,3,4,1,4,5,3,3,357072,0,0
DEMO5K-0959,22,2,3,3,3,5,1,1,5,3,1,2,2,3,3,2,2,3,4,1,4,1,2,1,3,3,3,2,3,2,2,3,2,373546,0,1
DEMO5K-0960,27,1,2,4,3,3,2,2,3,1,4,4,4,4,5,4,5,4,5,5,4,4,3,3,4,3,3,3,4,3,2,2,3,328925,0,0
DEMO5K-0961,23,2,3,1,1,4,1,3,4,1,3,1,2,1,2,1,1,4,2,1,4,2,1,1,1,1,1,4,4,3,2,3,3,324150,0,1
DEMO5K-0962,35,1,2,2,4,4,3,3,4,3,4,3,4,5,4,5,5,4,4,1,4,4,3,3,3,2,3,2,2,3,2,3,3,569742,0,1
DEMO5K-0963,19,1,3,4,4,1,4,3,3,2,3,3,1,4,4,3,2,1,3,1,2,1,4,3,3,4,3,2,3,4,4,3,3,590780,0,1
DEMO5K-0964,29,2,3,2,2,3,3,2,3,3,2,3,1,1,1,3,3,2,1,1,1,3,1,3,1,3,3,3,2,2,2,2,1,654954,0,1
DEMO5K-0965,18,1,2,3,3,2,4,3,1,4,4,4,3,3,3,4,4,3,5,1,3,4,4,3,3,3,3,2,4,4,3,2,4,339082,0,1
DEMO5K-0966,29,1,2,4,1,4,3,2,4,2,3,3,1,3,4,4,2,3,4,1,2,3,3,2,3,2,1,2,3,3,4,2,2,550288,0,1
DEMO5K-0967,34,2,3,3,2,4,4,5,2,3,5,5,5,5,5,5,5,5,5,1,5,2,2,4,4,4,3,3,4,4,4,3,5,393350,0,1
DEMO5K-0968,18,2,3,3,2,1,3,5,2,3,5,3,3,1,3,2,3,2,3,1,3,3,2,2,3,3,3,3,3,2,4,2,4,673625,0,1
DEMO5K-0969,21,2,3,4,3,2,2,4,3,4,2,1,3,2,2,1,3,2,2,1,3,1,2,3,2,1,4,2,3,4,2,1,2,338753,0,1
DEMO5K-0970,27,2,1,5,4,4,2,3,4,2,2,2,4,3,4,5,4,5,4,1,5,3,4,3,4,3,4,2,4,2,2,3,3,526021,0,1
DEMO5K-0971,17,1,2,5,3,2,4,2,4,4,3,2,3,3,2,3,3,3,2,1,2,4,1,4,4,3,1,1,4,2,2,1,2,464781,0,1
DEMO5K-0972,28,2,2,3,3,2,3,4,2,2,3,4,4,4,4,4,3,4,4,1,4,4,3,5,5,5,5,5,3,3,2,4,5,575294,0,1
DEMO5K-0973,17,1,1,4,3,3,4,4,4,1,3,1,1,2,1,2,2,3,1,1,2,2,2,1,3,2,3,3,2,2,4,2,3,644387,0,1
DEMO5K-0974,25,2,2,3,4,5,3,1,5,1,2,1,1,1,2,2,1,1,1,1,2,2,1,2,2,2,2,1,2,1,2,3,1,66912,1,1
DEMO5K-0975,21,2,3,1,2,1,4,4,3,4,5,5,5,5,5,4,3,3,4,1,5,4,5,5,4,5,5,3,5,5,4,3,4,569530,0,1
DEMO5K-0976,26,1,3,2,2,3,2,2,1,2,1,3,4,4,3,4,2,3,2,1,3,2,3,1,2,2,3,3,2,3,3,3,2,45267,1,1
DEMO5K-0977,23,2,3,4,3,2,2,1,3,2,3,3,2,4,4,3,3,2,3,1,2,1,2,1,3,1,2,3,3,3,3,3,3,555836,0,1
DEMO5K-0978,21,2,2,2,3,3,3,3,4,3,3,2,5,4,4,4,3,4,4,1,3,3,2,1,3,4,2,2,3,1,2,3,2,386444,0,1
DEMO5K-0979,21,2,2,1,4,4,5,4,3,3,2,3,3,3,3,3,1,2,2,5,4,3,5,1,3,2,2,1,3,1,3,2,1,336082,0,0
DEMO5K-0980,19,2,2,4,3,2,3,4,4,4,3,2,4,3,5,4,3,3,4,2,5,5,5,4,5,5,3,4,3,3,4,2,3,556273,0,0
DEMO5K-0981,23,2,2,2,3,2,4,3,2,5,3,5,3,2,4,2,4,4,3,1,3,3,2,3,1,2,4,4,4,4,4,5,4,64266,1,1
DEMO5K-0982,22,2,2,3,3,4,4,4,5,3,4,3,5,4,4,3,3,3,4,5,4,3,1,3,3,2,2,3,3,3,1,1,3,652949,0,0
DEMO5K-0983,19,1,2,5,1,3,4,2,2,3,3,4,4,2,2,3,3,2,4,1,3,3,2,4,4,4,3,2,1,2,3,1,4,699742,0,1
DEMO5K-0984,26,2,1,2,3,2,3,3,4,2,2,3,2,3,3,3,2,3,2,1,3,4,4,5,5,4,1,2,3,4,4,3,4,647866,0,1
DEMO5K-0985,19,2,2,5,3,4,2,3,2,2,2,2,2,2,1,1,2,2,3,1,1,1,2,2,1,2,1,1,3,3,2,2,1,385347,0,1
DEMO5K-0986,20,1,3,3,2,3,3,3,3,2,3,2,1,2,1,3,3,1,2,1,3,4,1,3,3,1,2,3,3,2,2,1,1,77444,1,1
DEMO5K-0987,28,2,1,2,4,2,3,3,2,4,4,4,5,4,5,4,5,3,3,1,4,3,4,3,5,4,3,2,3,2,2,4,3,484555,0,1
DEMO5K-0988,17,2,1,1,1,3,4,3,4,3,1,2,3,3,4,3,4,1,3,1,4,3,2,3,3,4,2,1,2,2,2,4,3,45936,1,1
DEMO5K-0989,25,2,2,2,3,1,4,5,1,2,3,2,2,2,3,1,4,4,2,1,4,4,3,3,4,5,2,3,3,2,3,2,2,342058,0,1
DEMO5K-0990,30,1,3,1,2,2,4,3,2,4,4,4,5,5,5,4,5,5,5,1,5,3,4,3,5,5,2,5,3,2,3,3,1,393976,0,1
DEMO5K-0991,22,2,2,3,3,3,4,2,3,4,3,3,4,4,1,3,2,1,1,1,1,3,3,1,1,1,3,3,3,3,2,4,3,586852,0,1
DEMO5K-0992,29,2,3,1,2,3,3,3,2,1,2,3,2,3,2,3,1,1,2,1,3,2,2,3,2,3,4,3,3,3,1,2,3,470477,0,1
DEMO5K-0993,35,2,1,2,2,3,3,5,3,2,5,3,3,3,3,2,3,3,4,1,3,3,4,3,3,4,3,4,5,3,4,4,4,565779,0,1
DEMO5K-0994,25,1,3,5,3,5,1,3,3,2,2,2,3,3,2,3,4,5,2,1,3,2,2,1,2,2,2,4,3,1,3,2,1,375247,0,1
DEMO5K-0995,21,2,2,2,2,3,2,3,5,2,2,2,5,5,3,5,2,4,3,1,2,3,2,3,5,2,4,5,4,5,5,4,3,483468,0,1
DEMO5K-0996,34,1,2,2,3,4,2,3,3,4,2,3,4,4,4,3,4,5,4,1,4,4,3,5,5,4,3,3,4,3,3,3,2,474847,0,1
DEMO5K-0997,32,2,3,4,3,2,3,3,3,5,2,3,4,4,3,4,5,4,4,1,4,5,3,5,3,4,5,5,5,5,3,4,2,339042,0,1
DEMO5K-0998,26,1,2,4,3,2,4,3,3,3,4,3,2,2,3,2,2,5,1,1,4,4,4,2,3,3,3,4,3,5,4,4,3,494613,0,1
DEMO5K-0999,30,1,3,3,4,5,1,1,4,2,1,2,4,1,1,2,1,2,2,1,2,2,2,2,1,3,3,3,4,3,1,2,2,595100,0,1
DEMO5K-1000,33,2,3,1,4,3,3,3,3,3,3,2,4,3,3,3,5,2,2,1,2,4,3,3,2,2,4,2,3,4,2,3,2,665169,0,1
DEMO5K-1001,23,1,3,3,3,4,2,1,5,5,4,2,3,3,2,3,3,2,1,1,3,1,1,3,1,1,5,4,3,2,3,1,3,609480,0,1
DEMO5K-1002,26,1,2,1,3,3,3,4,1,5,3,4,4,4,3,3,4,3,4,1,4,3,5,5,3,4,3,2,4,3,3,3,4,483229,0,1
DEMO5K-1003,21,1,3,5,1,1,3,4,4,4,3,4,5,2,4,5,4,3,3,1,3,3,5,2,4,3,1,3,3,3,3,4,3,515584,0,1
DEMO5K-1004,23,1,1,1,3,4,3,2,2,3,1,2,5,3,2,2,5,3,1,1,4,3,4,4,5,3,4,3,2,3,2,3,3,427261,0,1
DEMO5K-1005,29,1,1,1,3,5,5,5,1,4,4,5,2,3,2,3,4,2,4,1,2,3,3,3,3,4,3,3,1,1,4,2,1,329577,0,1
DEMO5K-1006,23,2,1,3,2,3,5,5,1,4,3,2,2,3,2,3,3,3,2,1,4,3,2,2,2,1,3,3,2,3,2,3,1,66946,1,1
DEMO5K-1007,23,2,3,5,3,4,2,3,5,3,2,3,3,1,2,4,2,2,1,1,2,2,3,3,3,4,1,3,5,5,5,2,3,498857,0,1
DEMO5K-1008,27,1,3,4,3,1,5,5,2,4,4,4,5,3,4,4,3,3,3,1,3,1,4,3,2,3,2,5,4,4,2,3,2,552105,0,1
DEMO5K-1009,20,2,3,4,1,5,3,2,4,1,3,4,2,2,3,2,4,1,3,1,4,4,4,4,3,2,1,3,2,2,1,2,4,606014,0,1
DEMO5K-1010,28,1,3,4,1,2,3,3,3,3,2,2,3,3,3,2,2,4,2,1,4,2,3,2,3,3,4,3,3,4,3,3,3,385197,0,1
DEMO5K-1011,26,1,2,1,2,5,3,2,3,3,4,2,3,1,1,3,2,1,1,1,1,1,1,1,1,1,3,2,1,2,2,1,1,342895,0,1
DEMO5K-1012,24,2,2,5,1,5,3,3,4,3,3,2,3,2,3,4,3,4,3,1,5,4,5,4,3,4,2,4,2,3,2,3,4,548461,0,1
DEMO5K-1013,18,2,3,2,2,1,5,4,3,5,4,4,3,2,3,3,3,4,3,1,2,3,4,2,2,3,2,2,3,2,3,2,3,321422,0,1
DEMO5K-1014,22,2,3,3,3,4,2,5,2,3,3,4,4,2,3,3,2,4,5,1,4,2,5,4,4,4,5,4,4,3,4,5,3,363606,0,1
DEMO5K-1015,22,1,2,4,1,2,4,4,3,4,5,4,4,4,5,5,5,5,5,1,4,4,4,3,3,3,4,3,4,2,4,2,2,616860,0,1
DEMO5K-1016,31,2,1,5,3,2,5,5,3,4,4,4,3,2,2,3,3,4,3,1,4,3,3,2,1,2,4,4,4,5,5,4,3,446173,0,1
DEMO5K-1017,18,1,2,4,2,5,3,1,3,1,4,2,2,2,3,1,2,1,3,1,4,2,2,3,1,4,1,1,2,1,1,1,2,45447,1,1
DEMO5K-1018,30,2,1,1,2,3,3,3,3,2,5,5,3,1,2,3,3,3,3,1,4,2,3,3,2,4,3,3,3,4,4,3,3,407386,0,1
DEMO5K-1019,18,1,2,2,3,5,1,2,4,1,3,3,4,4,4,4,4,4,5,1,5,3,3,2,3,3,2,2,3,2,2,3,1,634914,0,1
DEMO5K-1020,18,1,2,4,4,1,3,2,2,5,2,2,2,4,4,4,2,4,3,1,1,2,2,1,3,1,3,5,2,2,3,4,2,347120,0,1
DEMO5K-1021,18,1,3,5,3,1,4,5,1,5,2,5,4,3,3,4,4,3,4,1,3,3,3,2,1,5,3,3,1,3,4,4,4,628543,0,1
DEMO5K-1022,26,2,3,3,3,5,3,3,4,2,3,3,2,3,3,3,2,2,1,1,2,1,3,3,2,3,1,2,3,1,1,2,3,415700,0,1
DEMO5K-1023,34,2,1,5,4,4,2,4,4,3,2,2,3,4,4,3,2,3,1,1,2,2,1,1,4,1,1,3,4,4,4,3,3,384907,0,1
DEMO5K-1024,35,2,2,3,4,3,4,4,3,4,3,4,4,3,3,5,4,5,3,1,2,3,3,5,2,2,3,3,4,4,5,4,3,666252,0,1
DEMO5K-1025,24,2,1,2,4,5,1,1,5,1,2,2,3,1,1,1,1,1,1,1,2,2,2,1,2,2,2,1,2,2,1,2,1,413415,0,1
DEMO5K-1026,26,2,2,2,2,2,3,2,4,1,3,3,3,3,3,5,2,3,3,1,1,1,2,4,3,3,2,2,3,2,2,1,1,310902,0,1
DEMO5K-1027,30,2,3,1,3,3,2,3,5,2,3,2,4,3,3,3,3,3,4,1,1,1,4,3,3,2,5,5,5,4,5,5,5,602680,0,1
DEMO5K-1028,34,2,1,4,4,3,3,2,1,2,3,3,3,3,3,3,4,4,4,1,2,4,3,1,4,5,4,2,5,3,4,4,4,473369,0,1
DEMO5K-1029,33,1,3,3,4,4,2,2,4,1,2,1,5,4,4,3,4,4,4,1,3,4,3,4,3,2,5,3,3,4,3,3,3,344492,0,1
DEMO5K-1030,26,1,3,3,3,3,4,4,3,4,5,3,3,1,4,3,4,2,1,1,1,3,2,2,1,1,1,2,3,2,2,2,2,648746,0,1
DEMO5K-1031,31,2,2,1,3,3,2,4,5,2,3,2,3,4,2,2,3,2,1,1,3,1,2,2,3,1,3,3,3,1,4,5,4,463286,0,1
DEMO5K-1032,25,1,3,4,2,3,2,3,4,3,2,4,3,4,3,4,3,2,4,1,2,5,3,4,3,4,4,5,4,4,2,3,4,687368,0,1
DEMO5K-1033,34,2,2,1,3,2,4,5,1,3,4,5,3,3,2,2,3,3,3,1,3,4,2,5,2,4,3,2,2,4,4,3,2,533141,0,1
DEMO5K-1034,21,1,2,3,4,2,2,1,3,2,2,1,1,2,4,3,1,1,2,1,1,2,4,2,3,2,2,3,2,2,2,2,3,427646,0,1
DEMO5K-1035,35,2,2,4,2,4,3,2,2,1,3,1,3,2,3,4,4,4,3,1,2,2,2,2,2,2,1,3,2,3,5,4,3,560528,0,1
DEMO5K-1036,21,1,1,1,3,4,1,2,3,3,2,2,3,1,4,4,4,3,3,1,4,4,4,4,5,3,3,4,3,4,4,3,4,325121,0,1
DEMO5K-1037,35,2,2,4,2,4,1,1,2,1,1,2,3,3,3,2,1,3,1,1,2,1,3,1,1,2,2,2,3,2,2,2,2,624847,0,1
DEMO5K-1038,24,2,2,4,4,2,4,4,2,4,5,4,5,4,4,5,5,5,5,1,4,2,3,3,2,5,5,4,5,4,5,4,3,569092,0,1
DEMO5K-1039,17,1,1,5,4,1,3,5,3,2,3,5,3,4,2,3,5,3,3,1,2,2,4,3,3,4,4,5,4,5,4,5,5,83066,1,1
DEMO5K-1040,31,1,2,5,3,4,2,4,3,4,3,2,3,2,2,1,2,2,2,1,2,2,3,2,3,2,4,4,3,3,3,3,2,697092,0,1
DEMO5K-1041,24,1,3,2,4,2,4,3,2,4,3,2,4,4,1,3,1,2,2,1,5,3,3,4,4,2,2,4,3,2,4,2,2,394144,0,1
DEMO5K-1042,29,1,3,3,2,1,5,4,1,4,3,5,2,3,3,3,4,3,2,1,3,3,1,3,2,4,4,3,5,3,3,2,4,565634,0,1
DEMO5K-1043,34,2,3,4,1,3,3,1,5,2,2,2,1,3,3,2,2,4,2,1,3,2,1,1,1,1,1,1,2,1,2,1,2,360685,0,1
DEMO5K-1044,30,2,3,3,4,3,4,3,2,4,4,4,2,2,2,2,3,2,2,1,2,1,4,3,4,2,3,3,2,1,3,2,2,641809,0,1
DEMO5K-1045,35,1,2,5,3,4,1,1,4,1,1,2,2,2,3,3,3,4,4,1,2,2,1,2,3,3,2,1,2,3,1,3,1,471633,0,1
DEMO5K-1046,30,2,2,5,4,5,2,2,3,2,2,4,5,5,5,4,5,4,4,1,1,3,2,3,3,4,3,3,2,2,5,4,3,469712,0,1
DEMO5K-1047,28,2,2,4,2,3,4,3,2,5,4,3,3,4,3,4,3,4,4,1,5,4,5,5,5,5,3,4,3,4,3,4,2,433060,0,1
DEMO5K-1048,26,2,2,5,4,2,4,3,3,4,3,5,2,2,2,4,4,4,3,1,4,4,2,4,4,2,5,4,5,3,5,4,4,338914,0,1
DEMO5K-1049,24,2,2,4,3,4,2,5,4,3,2,1,2,3,4,1,4,2,1,1,3,3,4,5,2,4,1,3,1,2,1,3,2,693712,0,1
DEMO5K-1050,21,1,3,3,3,2,4,3,2,2,5,4,4,5,4,5,4,5,5,1,5,3,4,4,4,3,5,3,5,2,3,3,2,370909,0,1
DEMO5K-1051,18,2,3,4,1,3,3,3,1,4,5,3,3,4,2,3,2,2,4,1,4,4,5,4,3,5,4,3,5,5,3,5,3,514347,0,1
DEMO5K-1052,32,2,3,1,3,1,5,4,2,5,5,5,4,2,4,3,3,2,3,1,4,3,4,2,5,1,5,5,4,4,4,4,3,361780,0,1
DEMO5K-1053,30,2,2,1,4,4,3,1,4,2,3,3,1,3,2,1,2,3,2,1,3,3,3,5,4,4,3,1,2,1,2,1,2,440850,0,1
DEMO5K-1054,34,2,3,4,3,2,4,4,1,5,4,5,4,3,2,3,4,2,3,1,3,3,3,3,4,4,2,4,3,3,2,1,4,612169,0,1
DEMO5K-1055,35,1,1,2,2,3,4,3,2,5,3,3,3,5,2,2,4,4,4,1,4,3,3,3,3,3,4,3,1,2,3,2,2,524700,0,1
DEMO5K-1056,28,2,1,2,3,2,2,4,2,4,4,2,1,3,4,3,2,3,3,1,1,2,1,2,4,3,3,4,2,4,4,3,5,672161,0,1
DEMO5K-1057,17,1,1,5,3,1,2,5,3,5,4,5,5,3,5,5,5,5,4,1,4,3,5,5,4,5,5,5,5,5,5,4,4,506307,0,1
DEMO5K-1058,20,1,2,2,3,5,3,3,4,3,1,4,3,2,3,2,2,3,3,1,2,4,3,3,5,3,2,1,2,2,2,2,1,658577,0,1
DEMO5K-1059,31,2,2,3,4,4,2,2,3,3,3,2,2,1,2,1,2,3,2,1,2,2,1,3,3,1,5,3,2,3,3,4,3,48534,1,1
DEMO5K-1060,32,2,2,2,3,2,4,4,4,4,3,2,5,3,5,3,5,5,3,1,3,3,3,3,2,3,4,4,5,4,4,4,4,498335,0,1
DEMO5K-1061,22,1,1,5,4,3,3,3,3,4,2,2,3,3,2,3,2,4,3,1,3,2,1,3,2,2,2,2,2,2,3,1,2,50375,1,1
DEMO5K-1062,24,2,2,1,4,3,1,2,4,2,3,2,1,3,4,2,2,4,3,1,1,1,1,2,2,2,2,3,2,3,2,1,2,485695,0,1
DEMO5K-1063,33,1,2,2,3,4,3,2,2,3,2,2,2,4,2,3,3,5,3,3,2,3,1,1,2,3,3,4,3,4,4,4,4,463828,0,0
DEMO5K-1064,35,1,3,2,3,4,4,3,3,4,5,4,4,5,5,5,4,4,4,1,5,4,4,4,5,4,2,2,5,5,3,4,3,540468,0,1
DEMO5K-1065,18,1,1,2,3,2,3,3,4,3,5,3,2,1,2,2,2,3,2,4,3,4,2,3,3,3,2,4,2,3,3,3,3,616350,0,0
DEMO5K-1066,22,2,2,3,2,1,4,5,2,5,4,5,5,2,2,5,4,4,5,1,3,3,5,3,4,1,3,5,3,4,3,3,2,611031,0,1
DEMO5K-1067,30,1,3,4,3,2,4,4,3,5,4,3,4,3,3,3,5,3,4,1,2,3,4,2,4,4,3,3,4,4,5,4,3,523647,0,1
DEMO5K-1068,31,2,1,3,4,4,3,3,3,3,3,1,5,3,5,5,4,5,4,1,2,1,2,2,3,2,3,2,5,5,3,3,5,674267,0,1
DEMO5K-1069,34,2,3,4,3,2,3,4,3,5,4,4,2,3,3,3,3,3,2,1,4,4,3,5,3,4,4,3,3,3,2,2,2,487578,0,1
DEMO5K-1070,18,2,3,3,4,3,4,3,1,2,4,4,3,4,4,4,4,3,3,1,4,1,3,3,3,4,4,3,2,4,4,3,2,346318,0,1
DEMO5K-1071,19,2,2,3,3,1,4,4,2,3,2,2,2,2,1,1,1,2,1,1,2,1,2,1,1,1,1,2,3,2,1,3,1,661877,0,1
DEMO5K-1072,28,2,2,3,3,3,4,4,4,4,3,2,3,3,5,2,2,3,3,4,4,5,5,5,3,2,3,3,3,2,3,2,3,573608,0,0
DEMO5K-1073,22,2,3,4,3,1,5,4,2,5,4,5,5,4,5,5,5,4,5,1,3,5,5,4,5,5,4,5,5,2,5,5,5,479513,0,1
DEMO5K-1074,18,1,2,5,4,2,4,2,3,5,1,3,1,2,2,1,2,3,2,1,4,5,3,3,5,5,3,4,3,4,3,3,2,316324,0,1
DEMO5K-1075,32,1,1,5,4,5,2,1,5,1,2,2,4,4,4,1,4,1,3,1,1,1,2,1,2,1,1,4,1,2,2,3,3,607877,0,1
DEMO5K-1076,26,2,3,3,4,3,4,2,1,5,3,3,1,4,3,3,3,2,2,1,5,2,4,2,4,4,2,3,4,2,2,3,2,61426,1,1
DEMO5K-1077,35,2,2,2,2,3,3,5,3,4,3,3,3,3,4,2,3,3,4,1,1,2,2,2,4,3,2,4,5,3,5,3,4,536848,0,1
DEMO5K-1078,22,2,3,2,2,3,1,1,3,3,2,4,1,3,1,1,1,1,2,1,3,5,3,4,3,1,2,1,1,1,1,1,1,414679,0,1
DEMO5K-1079,35,1,1,2,3,1,4,4,1,5,5,5,5,3,5,4,4,4,3,1,3,2,4,5,3,3,4,4,3,5,5,3,3,509214,0,1
DEMO5K-1080,35,1,3,4,4,1,3,3,2,5,5,5,3,3,3,3,4,3,3,1,3,1,4,4,3,5,3,2,3,3,4,4,4,660332,0,1
DEMO5K-1081,34,1,1,4,3,3,3,5,3,4,4,4,3,4,3,4,3,4,5,1,5,3,3,3,4,3,3,2,4,4,2,4,4,464313,0,1
DEMO5K-1082,35,2,2,2,3,3,5,5,3,3,3,4,3,5,1,4,3,3,5,1,3,3,3,3,4,1,3,2,3,4,2,4,5,682644,0,1
DEMO5K-1083,25,2,1,3,4,3,3,1,4,1,3,2,1,2,2,4,1,2,3,1,3,5,4,3,1,3,4,3,4,4,2,4,2,320472,0,1
DEMO5K-1084,27,2,3,1,2,1,4,4,2,4,5,3,3,4,3,3,4,3,3,1,3,3,4,3,4,3,4,3,2,5,5,4,5,688505,0,1
DEMO5K-1085,31,1,2,2,4,3,2,3,4,4,4,4,5,4,1,2,3,4,4,1,4,4,5,4,5,5,3,4,1,3,2,3,4,533760,0,1
DEMO5K-1086,18,1,2,5,2,4,3,2,4,1,2,1,4,3,3,3,2,3,2,1,4,1,2,1,2,2,4,4,3,2,3,4,5,343216,0,1
DEMO5K-1087,18,1,3,4,4,4,2,2,4,1,2,2,3,3,4,2,2,1,2,1,2,3,2,3,3,2,2,2,5,4,4,3,3,668829,0,1
DEMO5K-1088,26,1,2,1,3,1,3,3,1,4,4,3,2,3,3,2,2,2,3,1,2,4,5,4,3,4,3,3,3,1,3,3,3,546108,0,1
DEMO5K-1089,25,1,3,2,4,3,3,4,1,3,3,3,4,2,4,4,3,2,3,1,5,5,5,4,5,5,3,4,4,5,4,3,3,52555,1,1
DEMO5K-1090,28,2,3,1,3,5,1,2,5,1,3,2,4,4,4,4,3,2,1,5,2,3,1,1,2,3,2,4,3,2,3,1,2,369119,0,0
DEMO5K-1091,34,1,2,2,4,2,4,2,4,4,3,3,3,4,2,4,2,4,4,1,3,3,2,3,4,3,2,2,3,3,2,3,4,485806,0,1
DEMO5K-1092,33,2,2,2,1,4,1,2,3,1,2,2,1,3,2,2,2,3,5,1,1,1,1,3,1,3,3,3,2,2,5,2,2,73696,1,1
DEMO5K-1093,24,2,2,5,4,3,4,5,2,4,5,4,3,3,3,3,5,5,4,1,4,3,3,1,3,4,2,4,3,4,5,3,2,444338,0,1
DEMO5K-1094,23,2,1,5,3,2,3,4,2,5,5,5,5,5,2,4,3,4,5,1,4,2,4,1,2,2,4,2,4,2,5,3,4,477501,0,1
DEMO5K-1095,20,2,1,3,3,4,5,3,1,3,5,4,4,1,4,4,3,4,3,1,2,3,1,4,4,4,2,4,3,5,4,3,4,490642,0,1
DEMO5K-1096,24,2,3,5,1,3,3,1,1,3,4,2,4,2,3,4,4,3,5,1,4,4,3,2,2,4,3,3,1,4,3,3,2,554149,0,1
DEMO5K-1097,35,2,3,4,4,2,4,5,2,5,2,5,3,1,4,3,4,3,3,1,3,2,3,4,5,3,3,1,2,3,3,4,3,368193,0,1
DEMO5K-1098,20,2,2,4,3,3,1,2,4,1,2,3,3,4,3,3,3,3,2,1,3,4,4,3,3,5,2,4,2,3,2,3,3,671727,0,1
DEMO5K-1099,32,1,2,2,4,2,4,2,3,4,2,3,3,4,4,3,3,2,3,1,3,3,4,3,3,2,4,3,4,5,2,4,4,392875,0,1
DEMO5K-1100,17,1,3,2,2,3,4,2,3,2,3,2,2,2,1,2,1,2,2,1,4,3,3,3,4,2,2,2,3,3,3,1,1,392134,0,1
DEMO5K-1101,32,2,2,3,3,4,2,3,5,2,3,4,2,3,2,1,1,3,3,1,1,1,2,2,1,2,3,4,2,2,3,4,1,579143,0,1
DEMO5K-1102,32,1,3,1,4,2,4,5,3,3,4,2,3,5,5,4,5,4,5,1,3,5,1,3,2,2,3,2,3,2,1,3,2,361609,0,1
DEMO5K-1103,19,2,3,1,4,3,3,2,3,4,3,3,4,2,3,4,3,3,5,1,4,2,3,4,3,3,2,3,4,1,4,4,3,412788,0,1
DEMO5K-1104,24,1,2,4,3,3,2,5,3,2,3,3,4,2,3,2,3,3,3,1,2,3,3,4,4,3,4,3,2,3,2,4,5,478520,0,1
DEMO5K-1105,33,2,3,3,2,1,3,3,3,3,3,3,5,5,3,3,3,1,4,1,4,4,2,3,3,3,5,4,3,5,2,2,2,435902,0,1
DEMO5K-1106,34,2,2,3,2,3,4,3,3,4,3,3,2,3,2,2,4,1,2,1,1,1,2,2,2,2,1,3,1,3,2,1,3,487950,0,1
DEMO5K-1107,27,2,2,4,3,2,2,3,3,2,4,3,4,4,2,4,3,3,5,1,4,4,3,2,4,2,3,4,3,3,3,2,3,65749,1,1
DEMO5K-1108,26,2,2,4,3,4,3,3,4,2,1,2,3,3,2,3,3,1,2,1,1,3,3,1,2,1,2,4,3,2,2,3,3,576070,0,1
DEMO5K-1109,34,1,1,5,4,3,4,3,4,2,4,4,4,3,4,2,2,3,3,1,4,3,4,2,3,4,3,3,3,4,3,5,1,72229,1,1
DEMO5K-1110,32,2,3,5,2,1,5,3,1,3,4,5,5,4,4,4,5,5,5,1,3,4,3,3,4,3,5,5,5,4,4,4,4,638131,0,1
DEMO5K-1111,22,1,2,5,1,2,4,4,2,5,4,5,4,5,3,4,3,4,3,1,1,5,3,4,4,4,3,4,4,2,3,3,4,454840,0,1
DEMO5K-1112,26,2,1,2,2,2,5,4,1,4,5,5,4,3,2,5,5,4,4,1,4,3,2,3,1,5,3,2,4,2,2,3,5,348922,0,1
DEMO5K-1113,32,2,2,5,4,3,2,1,3,3,1,3,1,1,3,3,1,2,2,1,1,3,1,2,3,1,3,1,1,3,2,2,1,639995,0,1
DEMO5K-1114,18,2,3,1,3,4,5,4,2,4,3,4,5,4,5,5,5,4,5,1,3,2,4,3,4,5,1,5,4,5,3,4,3,363858,0,1
DEMO5K-1115,27,2,2,4,3,4,1,1,4,1,3,1,5,3,4,4,4,4,5,1,3,3,2,2,3,3,3,4,2,2,4,3,3,385272,0,1
DEMO5K-1116,24,1,3,4,2,3,3,2,1,4,2,1,4,2,3,3,2,4,2,1,4,2,4,5,4,4,5,5,4,4,2,3,3,650205,0,1
DEMO5K-1117,22,1,2,2,4,2,4,2,2,4,2,1,2,3,4,2,4,2,3,1,1,2,2,2,4,2,4,3,4,3,4,3,2,346050,0,1
DEMO5K-1118,21,1,3,5,3,3,3,4,1,3,2,2,3,2,2,2,2,4,2,1,3,2,2,2,2,2,1,2,3,3,3,3,2,699308,0,1
DEMO5K-1119,33,1,3,2,2,5,4,2,5,1,1,2,4,2,1,5,3,4,2,1,2,2,1,1,2,2,3,4,2,4,5,4,5,580840,0,1
DEMO5K-1120,21,2,3,1,4,1,3,3,3,4,3,2,2,4,3,3,2,3,3,1,2,4,2,2,2,3,4,4,2,3,4,4,1,347535,0,1
DEMO5K-1121,20,1,1,1,4,4,2,2,3,3,2,3,3,4,5,4,2,4,4,1,2,4,1,1,1,1,3,1,4,2,5,4,3,528955,0,1
DEMO5K-1122,23,1,3,5,2,3,4,4,4,2,3,3,5,4,5,4,4,5,5,1,4,2,3,1,2,3,2,3,5,1,2,2,2,346056,0,1
DEMO5K-1123,26,2,2,1,1,3,2,2,3,2,1,1,2,2,3,2,1,1,2,1,2,2,3,2,2,1,3,3,2,1,3,1,2,373738,0,1
DEMO5K-1124,27,1,2,1,4,2,5,4,1,4,4,4,2,2,3,4,3,5,3,1,5,4,5,5,4,5,5,3,3,3,4,3,4,570435,0,1
DEMO5K-1125,29,1,2,3,3,3,2,3,3,1,1,2,1,2,1,3,3,2,2,1,4,2,3,1,2,5,1,2,1,3,2,2,1,636792,0,1
DEMO5K-1126,21,2,2,4,3,3,3,3,2,3,2,3,2,4,3,4,4,4,4,1,3,3,2,3,4,3,2,2,1,2,3,3,3,69620,1,1
DEMO5K-1127,22,2,2,3,4,3,3,3,2,3,3,3,3,2,2,2,3,3,2,1,2,4,3,3,3,3,3,2,2,3,2,4,1,602971,0,1
DEMO5K-1128,20,2,2,3,1,3,2,2,2,4,3,3,4,2,4,2,2,3,2,1,3,3,5,4,4,4,3,2,2,2,1,2,1,570039,0,1
DEMO5K-1129,34,2,2,1,3,3,3,5,3,4,4,3,3,4,3,5,1,4,3,4,2,2,4,5,4,4,1,1,2,2,3,1,1,358707,0,0
DEMO5K-1130,31,2,1,2,2,3,3,3,3,5,2,3,1,1,2,3,1,3,2,1,3,2,2,2,3,3,2,3,1,1,4,2,1,427882,0,1
DEMO5K-1131,31,2,3,3,2,4,1,2,4,1,1,3,2,3,4,2,2,3,3,1,3,2,2,2,3,2,2,2,1,1,1,2,2,466166,0,1
DEMO5K-1132,18,1,1,1,2,2,4,2,2,4,4,2,4,4,3,3,5,2,3,1,3,5,3,4,5,4,4,3,3,2,3,5,3,414076,0,1
DEMO5K-1133,32,2,2,3,4,2,3,2,2,4,4,4,2,2,3,3,2,3,1,1,3,1,3,1,2,2,4,4,4,3,2,4,3,357662,0,1
DEMO5K-1134,24,2,3,4,4,4,1,2,5,3,1,1,3,2,2,2,3,2,1,1,3,4,1,1,2,3,1,2,2,1,2,3,2,557826,0,1
DEMO5K-1135,18,2,2,1,3,2,4,3,2,3,4,3,3,4,4,4,4,3,3,1,4,5,4,5,3,2,2,3,2,2,3,2,3,311886,0,1
DEMO5K-1136,28,2,3,1,3,4,2,3,4,3,3,3,3,4,2,3,5,2,3,1,1,2,3,3,4,3,5,3,3,4,5,2,4,398279,0,1
DEMO5K-1137,26,1,3,5,3,5,2,3,3,4,2,4,4,4,4,3,4,5,4,1,3,3,1,4,2,5,4,4,3,3,3,4,5,306959,0,1
DEMO5K-1138,26,2,3,2,2,5,1,3,3,3,1,2,2,3,3,4,4,3,3,1,2,2,4,3,3,2,4,5,2,4,4,5,4,444666,0,1
DEMO5K-1139,27,1,2,4,3,5,3,1,3,3,3,3,4,2,4,4,3,1,2,1,2,4,4,4,4,4,3,2,3,3,3,3,4,338581,0,1
DEMO5K-1140,32,2,2,2,2,3,4,2,4,3,2,1,3,3,2,3,3,2,2,1,1,3,2,2,1,1,3,2,1,1,1,2,1,539413,0,1
DEMO5K-1141,21,2,3,4,3,2,3,3,4,3,5,4,3,2,2,2,2,2,3,1,2,1,3,2,1,2,1,1,2,1,3,1,1,55456,1,1
DEMO5K-1142,27,2,1,1,4,2,3,3,3,4,3,4,3,5,3,4,4,2,3,1,3,4,2,4,4,4,3,3,3,3,2,3,2,372316,0,1
DEMO5K-1143,33,2,2,4,4,2,4,5,1,3,4,5,3,4,2,4,4,4,3,1,4,2,5,3,5,4,2,4,2,1,2,4,1,619397,0,1
DEMO5K-1144,33,2,2,5,4,1,3,3,3,4,3,3,4,5,4,4,2,5,2,1,3,2,3,3,3,2,3,2,2,4,4,3,3,508239,0,1
DEMO5K-1145,31,2,1,5,1,3,2,3,3,3,4,3,4,2,3,5,5,4,2,1,5,2,3,3,2,2,2,3,2,4,3,2,2,514294,0,1
DEMO5K-1146,23,2,1,1,4,4,3,4,3,3,5,4,3,2,2,4,2,5,5,1,4,3,2,3,2,4,3,3,2,3,2,3,2,465060,0,1
DEMO5K-1147,17,1,1,5,3,2,3,2,3,3,2,3,3,2,1,2,4,2,2,1,2,3,4,4,3,3,5,4,3,3,3,4,4,657947,0,1
DEMO5K-1148,25,2,3,5,1,5,4,4,2,4,4,4,3,2,5,3,3,3,3,1,5,5,5,5,5,4,5,5,5,5,5,5,2,547773,0,1
DEMO5K-1149,24,2,3,5,4,4,2,2,3,2,2,1,3,2,1,2,2,2,1,1,3,2,3,4,3,2,1,3,1,3,2,4,3,659662,0,1
DEMO5K-1150,34,1,3,4,2,4,3,4,4,4,3,5,4,1,2,3,3,3,2,1,3,4,2,3,3,4,3,3,2,1,2,3,1,415440,0,1
DEMO5K-1151,35,1,2,5,3,2,1,2,5,2,1,1,2,3,1,1,2,1,2,1,1,3,2,4,2,2,2,2,4,1,2,2,3,384714,0,1
DEMO5K-1152,34,2,2,4,1,2,4,3,1,5,3,4,5,4,5,5,4,5,4,1,5,4,4,5,5,3,3,4,3,3,3,3,3,344199,0,1
DEMO5K-1153,22,2,3,2,3,3,3,4,4,3,2,3,1,2,3,3,4,2,2,1,3,5,2,3,5,3,5,4,5,5,4,4,5,569938,0,1
DEMO5K-1154,25,2,2,2,2,2,2,3,2,2,3,3,1,2,2,2,1,2,1,1,1,1,1,2,4,3,4,4,3,4,4,3,2,525544,0,1
DEMO5K-1155,20,1,2,4,1,4,2,4,3,5,3,4,4,3,3,3,3,5,3,1,1,5,4,4,3,4,2,5,3,5,4,4,5,508919,0,1
DEMO5K-1156,28,2,1,4,3,4,2,2,4,3,2,4,2,1,3,1,1,2,4,1,2,1,2,1,1,1,4,2,4,3,4,4,5,668852,0,1
DEMO5K-1157,23,2,3,1,2,5,2,1,5,2,2,2,5,2,3,2,4,3,4,1,4,2,2,2,2,2,4,4,4,2,3,4,2,410452,0,1
DEMO5K-1158,19,2,2,5,3,1,5,4,3,4,3,5,3,2,4,3,3,3,3,1,1,2,5,3,2,2,2,2,1,4,3,3,3,615085,0,1
DEMO5K-1159,28,1,3,2,2,2,3,3,3,2,4,3,3,2,3,4,3,3,4,1,5,4,4,4,3,5,4,3,2,2,4,3,4,321287,0,1
DEMO5K-1160,27,1,2,3,4,3,3,2,2,1,3,4,2,3,2,2,2,2,2,4,1,3,3,1,3,1,3,3,2,5,2,3,2,688577,0,0
DEMO5K-1161,29,1,1,3,3,2,3,4,3,3,3,5,3,5,5,4,4,5,3,1,4,3,2,3,5,4,3,3,3,4,2,5,5,584866,0,1
DEMO5K-1162,33,1,2,5,2,3,2,2,3,4,3,4,3,4,3,3,5,3,3,1,1,3,3,2,3,2,2,3,2,3,4,2,3,535613,0,1
DEMO5K-1163,25,1,1,5,2,2,4,2,4,2,2,4,4,3,1,2,5,4,3,1,2,3,3,3,1,3,3,3,3,2,1,4,3,390037,0,1
DEMO5K-1164,28,1,3,1,3,3,1,2,3,3,2,1,1,1,1,2,1,3,1,1,1,1,2,1,1,2,1,3,3,2,3,2,3,570158,0,1
DEMO5K-1165,31,1,3,1,3,3,3,5,1,5,5,4,4,3,2,4,3,1,3,1,2,1,1,4,2,2,3,4,4,4,4,4,3,681037,0,1
DEMO5K-1166,34,1,1,5,3,3,2,2,3,2,4,3,2,3,3,1,1,2,1,1,2,3,3,4,5,2,2,2,1,1,1,3,1,470757,0,1
DEMO5K-1167,33,2,2,2,4,4,3,4,2,2,3,2,3,4,5,5,5,3,4,1,5,4,4,3,2,2,5,5,5,5,4,5,5,571438,0,1
DEMO5K-1168,27,1,2,1,2,4,3,3,4,1,1,1,3,2,4,2,3,3,2,1,3,1,4,4,2,4,4,3,3,3,3,3,4,366619,0,1
DEMO5K-1169,24,1,2,4,2,1,5,3,2,3,3,5,2,3,3,4,4,3,3,1,4,5,3,3,5,3,3,3,3,2,1,2,3,311374,0,1
DEMO5K-1170,23,1,1,3,4,3,4,2,2,4,4,5,1,3,2,2,1,2,3,1,3,3,3,1,2,2,4,3,3,4,3,4,5,546877,0,1
DEMO5K-1171,24,2,3,4,4,4,4,2,3,2,4,2,5,5,5,4,5,4,5,1,2,4,2,5,5,4,3,3,4,2,3,4,5,372923,0,1
DEMO5K-1172,26,2,3,4,2,5,1,1,4,2,2,1,2,1,3,3,2,1,3,1,1,4,3,1,2,2,3,3,1,3,2,1,2,660605,0,1
DEMO5K-1173,18,1,1,3,4,4,3,4,2,3,1,3,4,3,4,2,3,4,3,1,3,3,3,4,3,5,3,4,3,2,4,4,2,572299,0,1
DEMO5K-1174,21,1,3,2,4,3,1,2,3,2,4,2,1,2,3,2,3,2,4,1,3,3,4,1,1,1,4,2,3,2,2,2,3,645435,0,1
DEMO5K-1175,35,2,3,5,1,2,4,2,2,3,2,5,5,2,3,3,3,3,4,1,4,4,2,3,4,3,3,3,2,3,3,2,3,50389,1,1
DEMO5K-1176,18,2,2,1,3,2,4,5,1,3,5,4,2,1,2,2,3,1,2,1,2,4,5,3,3,3,1,2,2,2,2,3,3,698826,0,1
DEMO5K-1177,22,2,1,4,4,3,3,2,3,5,2,1,1,2,1,2,2,4,1,1,3,3,2,2,2,3,2,1,4,2,4,1,1,554369,0,1
DEMO5K-1178,35,1,3,5,4,3,4,5,2,3,3,3,3,5,2,5,2,3,5,1,5,3,3,3,3,4,4,3,3,2,3,1,2,60398,1,1
DEMO5K-1179,26,2,1,4,2,5,1,1,4,2,1,1,1,3,3,3,2,5,1,1,3,4,4,4,3,2,3,2,3,4,2,3,3,73326,1,1
DEMO5K-1180,20,2,1,5,3,4,1,4,4,3,2,4,5,3,3,4,3,4,3,1,1,2,3,1,3,3,3,4,5,3,3,5,4,475990,0,1
DEMO5K-1181,21,2,2,3,4,3,3,2,4,3,4,1,3,4,4,2,4,2,2,1,1,2,1,2,2,3,3,3,3,4,1,3,4,484782,0,1
DEMO5K-1182,25,1,3,2,1,3,3,1,2,3,3,2,2,2,3,1,4,3,3,1,5,2,1,4,4,3,2,2,2,1,2,3,2,371763,0,1
DEMO5K-1183,19,2,3,5,3,3,3,5,1,5,5,5,5,5,4,3,5,5,5,1,5,3,5,3,3,3,5,4,3,5,4,5,3,573759,0,1
DEMO5K-1184,26,2,1,5,3,5,3,4,3,4,2,4,2,2,2,1,3,1,2,1,2,2,3,4,3,2,4,2,4,2,3,3,4,669588,0,1
DEMO5K-1185,34,2,2,5,3,3,3,3,3,3,4,3,5,5,4,3,4,4,4,1,3,3,1,2,2,3,3,4,4,5,3,2,3,693594,0,1
DEMO5K-1186,28,1,3,3,2,4,2,4,5,2,3,3,3,5,4,5,4,4,4,1,2,2,3,5,3,3,5,3,3,4,3,2,4,528465,0,1
DEMO5K-1187,34,2,1,5,3,4,4,1,4,3,1,1,1,1,1,2,1,1,2,1,1,2,1,1,1,2,3,3,3,3,2,3,3,326862,0,1
DEMO5K-1188,24,1,2,1,1,3,2,3,3,3,2,2,3,2,2,2,3,4,3,1,1,4,3,1,2,1,2,3,5,3,2,3,4,303460,0,1
DEMO5K-1189,29,1,2,2,4,2,5,3,1,4,5,4,5,4,5,5,4,3,5,1,2,3,2,4,4,3,4,5,4,4,5,4,4,325347,0,1
DEMO5K-1190,32,2,1,5,3,3,3,1,5,1,2,1,2,3,2,1,1,1,2,1,3,2,2,2,2,2,1,2,1,4,2,2,2,392578,0,1
DEMO5K-1191,34,1,2,2,2,1,5,4,3,5,5,4,3,5,5,5,3,3,4,1,3,5,4,4,4,5,5,4,3,4,5,5,3,572053,0,1
DEMO5K-1192,31,2,2,5,2,3,5,5,3,3,3,3,4,1,2,2,3,3,3,1,4,3,3,3,2,3,3,3,2,3,3,5,2,621554,0,1
DEMO5K-1193,28,2,1,5,3,3,2,4,4,2,3,4,2,3,4,2,3,3,2,1,4,2,2,3,3,2,3,3,2,2,2,1,3,56769,1,1
DEMO5K-1194,31,2,2,4,3,3,5,3,2,2,1,5,3,2,2,3,4,3,2,1,2,1,4,3,3,5,5,5,4,3,4,3,4,689394,0,1
DEMO5K-1195,19,2,3,2,3,1,5,5,1,5,5,5,4,5,5,5,4,2,5,1,5,5,5,4,5,5,5,2,3,4,3,5,3,56350,1,1
DEMO5K-1196,34,1,3,5,1,3,5,4,1,3,3,4,3,3,1,2,2,1,2,1,3,3,4,4,2,3,4,4,3,3,4,3,4,580190,0,1
DEMO5K-1197,22,1,3,4,2,2,5,5,2,4,5,5,3,3,1,4,3,2,2,1,1,1,4,2,2,2,3,2,3,1,3,1,3,483006,0,1
DEMO5K-1198,21,2,3,1,2,3,2,4,5,3,3,3,3,4,3,5,4,3,2,1,2,3,3,3,3,2,4,2,3,4,4,3,4,590594,0,1
DEMO5K-1199,34,1,2,1,2,3,3,4,3,3,2,3,2,3,3,3,5,4,2,1,1,1,2,2,4,3,4,2,3,3,3,2,3,622259,0,1
DEMO5K-1200,22,2,3,4,2,3,2,2,3,4,1,2,1,2,3,1,1,1,1,1,1,1,2,3,2,2,2,4,2,4,4,1,3,516935,0,1
DEMO5K-1201,24,2,3,4,4,3,4,4,2,4,2,3,5,5,5,4,4,3,3,1,3,3,1,2,2,1,5,2,3,4,2,4,3,522757,0,1
DEMO5K-1202,33,1,1,1,2,3,4,4,4,4,5,1,3,2,2,3,3,3,2,1,5,5,5,5,4,5,4,5,5,3,4,5,4,645034,0,1
DEMO5K-1203,28,1,1,5,3,3,3,1,4,1,2,1,2,3,4,4,3,3,2,1,5,3,4,4,4,3,5,3,3,3,4,3,2,691479,0,1
DEMO5K-1204,26,2,2,1,4,2,5,5,2,5,4,5,3,2,4,4,4,1,4,1,4,5,4,3,5,4,2,3,1,3,3,5,3,83400,1,1
DEMO5K-1205,19,2,2,3,3,5,2,3,4,1,1,3,3,2,1,3,2,1,2,1,4,1,3,2,3,2,1,2,2,3,3,2,3,640744,0,1
DEMO5K-1206,30,2,3,5,3,5,3,2,4,1,2,3,4,3,2,2,5,3,1,1,4,5,5,5,5,5,3,3,4,4,3,2,4,381983,0,1
DEMO5K-1207,21,1,2,2,1,3,3,5,4,4,3,3,3,4,5,4,3,3,3,1,2,4,2,5,4,4,5,3,3,4,5,4,4,593836,0,1
DEMO5K-1208,27,2,2,1,3,2,3,4,1,4,5,5,5,4,3,3,2,2,3,1,3,4,2,2,4,4,2,2,3,4,1,3,2,574434,0,1
DEMO5K-1209,27,1,2,4,2,5,1,1,4,1,4,1,1,3,1,2,4,3,1,1,2,3,3,2,3,1,2,2,3,1,3,2,3,640587,0,1
DEMO5K-1210,17,2,2,1,2,2,1,2,3,2,2,2,3,4,5,3,5,2,3,1,3,2,3,5,5,3,3,3,4,2,3,3,3,565711,0,1
DEMO5K-1211,24,2,2,2,4,4,1,2,4,1,1,3,2,1,2,3,3,3,2,1,2,2,1,2,2,2,4,4,4,2,4,4,4,571771,0,1
DEMO5K-1212,20,2,3,4,3,2,2,1,3,3,4,2,4,4,4,4,4,3,2,1,4,3,5,3,2,3,2,4,5,5,2,2,3,484669,0,1
DEMO5K-1213,28,1,2,2,2,2,3,5,1,3,3,5,3,1,3,3,4,5,2,1,4,4,4,4,3,2,4,4,4,2,2,3,4,630465,0,1
DEMO5K-1214,27,2,2,4,3,2,2,3,3,3,3,2,3,3,3,2,2,2,3,1,3,1,1,2,1,3,4,3,1,3,4,4,2,692127,0,1
DEMO5K-1215,25,1,3,1,4,2,4,4,2,5,5,4,5,4,5,4,3,5,3,4,3,4,5,4,4,4,4,4,4,5,4,3,3,514428,0,0
DEMO5K-1216,17,2,2,2,4,2,1,2,3,1,2,1,1,3,1,2,3,4,3,1,3,1,1,1,1,1,1,1,2,1,2,2,1,303814,0,1
DEMO5K-1217,31,2,3,3,2,3,1,1,4,3,2,3,4,3,3,2,3,5,4,1,3,4,2,2,4,3,4,3,1,4,2,3,2,363730,0,1
DEMO5K-1218,35,1,2,5,3,1,3,3,3,4,4,4,2,3,3,3,3,2,3,1,4,3,3,3,2,2,2,4,5,5,4,4,4,655228,0,1
DEMO5K-1219,30,1,2,5,3,2,3,4,1,4,5,4,3,4,4,5,4,4,4,1,5,4,3,5,5,5,5,5,3,3,5,5,4,57203,1,1
DEMO5K-1220,26,2,3,3,2,1,5,5,1,5,5,4,1,3,2,3,4,3,3,1,3,2,3,3,3,4,5,5,4,4,5,4,4,653626,0,1
DEMO5K-1221,33,2,2,5,3,2,3,5,2,2,4,2,4,3,3,5,3,3,5,1,4,5,3,5,5,5,5,5,5,5,5,5,5,434332,0,1
DEMO5K-1222,27,1,3,4,1,2,2,4,3,4,3,3,4,3,4,4,4,5,4,1,2,2,2,1,3,1,3,3,1,2,4,2,4,361178,0,1
DEMO5K-1223,29,2,1,1,2,3,1,2,4,3,3,4,3,2,3,2,1,3,4,1,5,2,2,1,1,1,2,1,3,3,5,5,4,597165,0,1
DEMO5K-1224,19,1,2,4,3,2,5,4,3,3,3,5,5,2,5,3,1,4,3,4,5,3,3,4,4,5,2,3,2,2,2,3,3,362617,0,0
DEMO5K-1225,17,1,2,2,2,1,3,4,3,5,5,2,3,5,4,4,5,4,2,1,5,5,5,4,3,5,5,5,5,4,5,5,5,350808,0,1
DEMO5K-1226,18,1,3,5,4,1,4,4,1,5,4,4,3,2,3,2,3,3,4,1,3,3,3,3,3,1,2,3,3,1,3,3,4,521888,0,1
DEMO5K-1227,21,2,2,4,4,5,2,3,4,2,4,3,3,2,3,3,2,2,2,1,4,4,3,5,5,3,1,2,4,3,5,3,2,454425,0,1
DEMO5K-1228,21,2,3,1,4,2,4,5,2,5,4,3,5,3,3,4,3,3,5,1,4,3,3,4,1,2,4,4,2,2,2,5,3,495364,0,1
DEMO5K-1229,21,1,3,1,4,5,2,3,3,2,1,2,2,1,1,3,1,2,3,1,4,3,2,3,2,3,2,1,2,3,3,1,1,611581,0,1
DEMO5K-1230,34,2,3,5,3,5,2,1,4,2,2,1,1,2,2,2,1,1,2,1,1,2,3,1,1,4,2,2,1,2,2,1,3,55509,1,1
DEMO5K-1231,32,2,3,2,4,5,1,1,3,1,1,2,1,3,4,2,4,3,2,1,3,3,5,5,4,5,4,2,2,3,4,4,3,648140,0,1
DEMO5K-1232,31,2,2,4,3,2,3,4,3,3,3,3,3,3,5,3,5,3,5,1,5,4,3,3,4,3,3,2,4,3,4,3,5,471735,0,1
DEMO5K-1233,22,1,2,1,3,4,3,4,3,3,3,3,2,2,2,3,4,3,3,1,1,2,2,3,2,2,2,2,2,2,3,3,4,356825,0,1
DEMO5K-1234,21,2,3,4,2,3,3,3,3,4,3,3,4,3,3,3,1,2,4,1,2,4,3,4,3,3,5,4,4,5,4,2,4,538964,0,1
DEMO5K-1235,29,2,3,4,3,2,4,2,3,3,2,3,4,3,3,4,5,4,2,1,5,5,5,5,5,5,4,1,2,2,3,2,5,396291,0,1
DEMO5K-1236,33,1,3,5,4,2,3,2,3,2,3,3,4,3,3,2,4,3,1,1,1,5,1,4,1,4,2,2,4,1,3,2,2,74634,1,1
DEMO5K-1237,35,1,1,3,1,2,2,2,4,1,2,3,2,2,3,2,1,3,1,1,3,4,4,4,3,4,3,1,5,3,3,3,3,591486,0,1
DEMO5K-1238,34,1,3,3,3,5,1,2,5,2,2,1,1,3,2,1,2,3,3,4,2,3,3,1,1,3,3,2,2,2,3,3,2,314980,0,0
DEMO5K-1239,33,1,1,5,1,2,4,3,3,4,3,2,3,3,3,5,3,2,4,1,2,5,2,4,3,3,4,3,4,4,5,5,3,453885,0,1
DEMO5K-1240,34,1,2,2,4,4,2,3,4,2,2,2,3,2,4,4,5,4,3,1,2,2,2,4,2,3,2,3,3,2,3,4,3,605134,0,1
DEMO5K-1241,20,1,3,4,3,3,3,3,1,4,4,3,3,3,3,3,4,3,4,1,3,4,4,4,4,3,2,2,1,4,5,3,4,433144,0,1
DEMO5K-1242,23,2,2,4,4,2,3,4,3,2,3,2,5,2,2,3,4,3,3,3,3,3,2,2,4,3,3,2,3,3,3,3,2,609701,0,0
DEMO5K-1243,27,1,1,5,2,5,3,3,3,2,2,3,2,5,4,2,3,3,3,1,2,3,2,1,2,3,1,2,2,4,1,2,1,501520,0,1
DEMO5K-1244,19,1,3,5,4,2,3,3,2,2,3,3,3,3,4,5,5,3,2,1,2,3,1,5,3,3,4,4,2,3,2,4,4,340915,0,1
DEMO5K-1245,34,2,1,2,2,2,4,3,1,3,3,3,2,2,2,4,3,4,1,1,2,2,2,2,2,3,2,3,3,2,2,1,2,664104,0,1
DEMO5K-1246,35,2,2,3,3,2,4,3,4,3,5,3,4,5,5,4,5,5,5,1,4,3,5,4,3,3,4,1,4,1,3,3,3,468331,0,1
DEMO5K-1247,29,2,1,5,3,3,2,2,4,2,2,3,4,1,3,2,4,3,4,5,4,2,3,3,2,3,2,1,2,1,2,1,2,53647,1,0
DEMO5K-1248,28,1,3,5,4,1,4,3,2,5,4,5,3,4,2,3,2,3,2,1,4,5,3,5,5,4,3,4,2,4,5,4,4,658984,0,1
DEMO5K-1249,23,2,3,2,4,3,5,5,1,4,5,5,3,3,2,1,5,2,4,1,1,5,5,4,3,3,5,4,3,3,3,4,4,46165,1,1
DEMO5K-1250,33,1,3,1,3,1,2,3,3,3,2,3,3,4,3,2,3,3,2,1,3,2,3,2,3,4,2,3,3,1,3,4,3,478872,0,1
DEMO5K-1251,30,2,2,3,4,3,4,4,2,5,4,4,4,5,4,4,5,5,2,1,5,4,4,4,5,4,4,5,5,4,5,4,3,388630,0,1
DEMO5K-1252,31,1,1,1,3,3,4,3,2,2,2,4,2,2,3,2,2,4,4,1,4,5,4,3,5,4,3,2,4,4,2,5,2,610343,0,1
DEMO5K-1253,35,1,2,3,3,2,3,3,2,2,2,4,2,5,4,3,2,3,4,1,3,4,2,3,3,4,2,3,3,3,1,3,4,471676,0,1
DEMO5K-1254,24,1,2,3,4,4,2,3,5,3,1,2,2,3,4,5,3,1,2,1,4,4,3,4,4,4,3,4,2,2,4,2,3,421041,0,1
DEMO5K-1255,27,2,1,5,3,5,2,3,3,4,1,2,1,1,1,2,3,2,3,1,5,4,4,1,3,2,4,2,4,2,4,3,3,457680,0,1
DEMO5K-1256,32,2,1,4,3,2,3,2,1,1,4,5,4,4,4,5,4,5,4,1,2,3,2,2,2,3,2,3,2,4,4,3,2,322211,0,1
DEMO5K-1257,25,1,2,4,3,1,5,2,2,3,2,5,5,4,4,3,4,3,3,1,5,4,4,3,4,3,5,4,3,4,2,5,3,302381,0,1
DEMO5K-1258,30,2,3,1,1,1,5,5,3,3,4,4,3,3,5,5,3,4,3,1,3,4,3,4,4,4,4,3,3,3,3,3,3,477936,0,1
DEMO5K-1259,21,2,3,1,1,3,4,3,2,3,1,3,2,5,2,4,3,5,4,1,4,4,3,2,2,2,5,4,4,4,3,4,5,316939,0,1
DEMO5K-1260,22,2,3,3,2,4,1,1,5,1,1,2,2,3,3,2,4,4,4,1,4,4,2,4,3,4,2,1,1,3,2,1,3,492192,0,1
DEMO5K-1261,20,2,3,1,3,3,4,3,2,4,4,5,5,5,4,4,5,5,4,1,5,5,4,4,4,4,2,4,1,4,3,3,5,463276,0,1
DEMO5K-1262,18,2,3,1,4,4,2,4,4,1,2,4,2,2,3,3,3,2,1,1,4,3,5,3,3,5,3,2,3,3,3,3,5,505461,0,1
DEMO5K-1263,25,2,2,2,3,3,3,2,1,1,2,3,4,3,3,1,3,4,4,1,3,4,3,4,3,5,2,4,1,2,3,4,4,594924,0,1
DEMO5K-1264,28,2,1,1,3,4,3,1,5,2,2,1,3,4,3,4,3,3,2,1,5,2,2,4,4,4,3,2,3,3,3,3,4,480896,0,1
DEMO5K-1265,24,1,2,4,2,5,1,2,5,2,2,1,4,1,1,3,2,1,1,1,1,1,1,1,1,1,2,1,1,3,2,1,1,585783,0,1
DEMO5K-1266,35,2,2,3,3,5,2,2,3,2,3,3,5,2,1,2,2,2,3,1,3,3,4,3,2,2,4,5,2,4,4,3,5,353479,0,1
DEMO5K-1267,23,2,3,4,3,1,5,4,2,3,4,4,5,5,4,3,5,5,4,5,3,4,5,5,3,3,5,5,3,4,5,5,5,349378,0,0
DEMO5K-1268,27,2,3,4,3,3,1,2,2,4,2,1,1,3,2,2,1,3,3,3,2,3,3,3,3,3,3,3,2,3,2,2,4,406426,0,0
DEMO5K-1269,32,2,3,2,2,2,5,3,4,3,4,4,3,3,2,2,3,4,3,1,5,3,3,5,3,3,4,3,3,1,1,1,2,401450,0,1
DEMO5K-1270,28,2,2,4,3,3,5,3,2,4,2,4,4,3,2,4,3,2,4,1,2,1,2,3,2,3,4,3,4,3,3,3,3,306950,0,1
DEMO5K-1271,21,2,3,2,3,4,2,3,3,4,3,2,4,3,4,4,4,1,3,1,3,3,2,2,3,2,2,3,2,2,1,1,1,621708,0,1
DEMO5K-1272,25,2,2,4,3,1,5,2,2,3,4,2,4,3,3,4,3,2,4,1,4,3,5,2,3,5,4,3,2,2,4,5,1,451214,0,1
DEMO5K-1273,18,2,3,1,4,4,2,1,4,2,2,3,4,1,3,4,3,3,4,1,1,1,3,3,3,1,2,2,4,4,3,3,3,461428,0,1
DEMO5K-1274,35,1,2,2,2,4,2,3,4,3,2,4,2,3,4,3,2,4,4,1,2,2,2,3,3,3,3,2,3,2,2,4,2,663448,0,1
DEMO5K-1275,19,1,2,1,4,1,5,5,1,4,5,5,5,2,4,4,4,4,3,1,4,4,5,4,3,2,3,5,5,4,5,5,5,465880,0,1
DEMO5K-1276,18,2,2,4,4,1,3,3,2,3,3,3,1,3,4,3,3,2,1,1,1,2,3,4,3,2,3,2,3,2,2,3,2,372226,0,1
DEMO5K-1277,31,2,2,1,1,3,2,5,4,4,3,4,5,4,3,4,5,5,4,1,3,5,5,3,5,5,4,4,5,5,5,5,5,527391,0,1
DEMO5K-1278,22,2,1,5,3,3,2,3,3,2,1,1,2,1,3,4,2,3,2,1,2,3,4,4,3,3,1,2,3,3,3,2,1,416833,0,1
DEMO5K-1279,31,2,3,3,1,3,3,2,2,3,2,2,3,1,2,2,3,4,3,1,4,2,3,3,2,4,2,1,2,3,1,2,2,329291,0,1
DEMO5K-1280,26,2,3,4,4,2,5,5,1,3,2,5,4,4,5,3,5,5,4,1,5,5,4,5,5,4,3,4,4,3,5,4,5,559242,0,1
DEMO5K-1281,17,1,2,5,2,4,4,4,2,3,2,3,3,2,3,4,5,4,5,1,4,1,4,3,2,3,4,3,5,4,4,4,2,625413,0,1
DEMO5K-1282,18,2,2,5,1,3,4,4,3,4,3,3,1,4,3,2,4,3,3,1,5,4,3,4,3,4,4,4,5,3,4,5,5,637919,0,1
DEMO5K-1283,19,2,3,3,3,2,5,4,3,4,4,4,2,4,4,5,2,3,4,1,3,4,4,5,3,5,4,4,4,4,5,3,3,327159,0,1
DEMO5K-1284,17,2,2,1,3,3,1,3,4,2,1,2,3,3,1,2,2,2,2,1,2,1,3,3,2,1,1,1,1,1,1,2,1,64317,1,1
DEMO5K-1285,33,2,1,4,3,2,4,4,2,4,3,3,5,5,3,4,3,4,4,1,4,3,2,3,4,3,5,4,4,4,3,3,2,300102,0,1
DEMO5K-1286,26,2,3,4,3,3,5,4,2,4,5,4,1,2,3,3,1,3,2,1,2,4,2,2,1,1,5,3,3,5,3,3,4,576070,0,1
DEMO5K-1287,27,2,3,4,2,2,2,4,5,3,2,1,2,2,2,4,2,1,2,1,2,4,3,2,1,2,2,3,2,1,3,2,2,341994,0,1
DEMO5K-1288,19,1,2,3,4,3,3,3,4,3,4,4,2,3,2,3,1,3,5,1,4,4,4,3,5,5,2,3,2,3,3,1,4,649636,0,1
DEMO5K-1289,27,2,3,5,4,5,3,2,4,3,2,3,1,4,1,3,2,4,1,1,2,2,2,3,2,3,2,2,3,4,3,4,4,566853,0,1
DEMO5K-1290,33,1,2,2,2,2,3,4,3,3,3,3,3,3,5,5,4,2,3,1,1,1,1,1,3,3,3,3,4,5,4,3,4,386556,0,1
DEMO5K-1291,25,1,3,2,4,2,4,4,3,4,5,5,4,3,5,4,5,4,3,1,5,3,3,5,2,5,5,4,4,3,3,5,2,607906,0,1
DEMO5K-1292,34,2,1,4,3,4,2,3,4,1,3,3,4,4,4,3,4,2,2,1,1,2,2,2,3,1,4,5,3,4,3,4,4,408217,0,1
DEMO5K-1293,26,2,2,2,3,2,2,3,4,3,2,3,3,4,5,4,5,5,4,1,2,4,3,2,3,4,5,3,4,5,4,3,3,371156,0,1
DEMO5K-1294,20,2,2,2,1,4,2,1,4,2,3,2,3,3,2,3,2,2,1,1,2,2,2,1,2,1,1,4,3,3,1,3,2,497809,0,1
DEMO5K-1295,31,2,3,3,4,1,4,4,3,4,3,4,4,3,3,4,3,2,3,2,4,1,2,2,5,5,2,3,3,3,3,3,3,470814,0,0
DEMO5K-1296,22,2,2,1,3,3,1,2,5,3,4,3,5,2,3,4,5,4,4,5,5,3,3,5,4,5,3,3,3,2,4,2,3,677596,0,0
DEMO5K-1297,34,2,2,2,2,2,2,3,1,3,4,2,3,1,5,3,4,1,3,1,3,4,3,4,5,3,4,2,3,3,2,2,4,486315,0,1
DEMO5K-1298,26,1,3,1,4,3,3,3,4,3,3,3,3,3,2,2,3,2,2,1,1,2,1,3,1,2,3,3,3,3,3,2,3,512014,0,1
DEMO5K-1299,18,1,1,2,1,1,3,5,2,3,3,5,3,5,5,4,4,5,4,5,5,2,3,5,5,3,5,4,3,3,5,3,3,304291,0,0
DEMO5K-1300,32,1,3,4,2,4,3,1,5,2,3,2,3,4,3,4,4,4,3,1,1,2,3,1,2,2,2,4,2,2,3,3,3,395482,0,1
DEMO5K-1301,26,1,2,1,1,1,4,3,2,3,2,3,3,2,3,4,3,2,5,1,3,3,3,2,4,3,5,3,3,4,4,4,3,697858,0,1
DEMO5K-1302,30,1,3,2,3,3,4,2,3,4,3,3,1,3,1,1,3,1,1,5,3,2,4,5,3,2,4,2,3,1,3,1,2,681415,0,0
DEMO5K-1303,30,2,1,4,4,2,3,3,1,4,2,4,5,4,4,4,4,4,1,1,2,2,3,3,2,2,4,3,4,4,4,3,4,306371,0,1
DEMO5K-1304,28,2,1,3,3,5,4,4,2,4,3,2,1,3,2,1,4,1,2,1,5,5,5,5,5,5,1,5,2,4,5,4,5,648561,0,1
DEMO5K-1305,35,1,3,4,3,4,1,2,5,2,3,3,4,3,2,4,3,3,3,1,2,2,3,3,2,2,5,2,3,1,4,5,1,570590,0,1
DEMO5K-1306,17,2,2,3,1,2,1,3,3,3,2,2,2,1,1,3,2,1,2,1,1,2,1,2,3,2,1,3,3,3,2,3,2,654174,0,1
DEMO5K-1307,23,2,3,5,4,3,3,4,2,3,3,5,5,5,5,3,5,5,4,1,4,5,5,5,5,5,3,5,3,2,5,4,5,623164,0,1
DEMO5K-1308,30,1,3,5,1,3,2,2,3,3,3,3,4,5,4,4,2,5,4,1,5,3,3,3,3,2,5,5,4,4,5,3,5,672784,0,1
DEMO5K-1309,18,2,2,2,3,5,2,2,3,2,3,3,3,2,4,2,2,4,1,1,3,2,3,4,4,3,3,2,1,1,3,1,1,47256,1,1
DEMO5K-1310,32,2,2,2,2,4,2,1,5,1,2,1,1,3,2,3,3,2,3,1,3,2,2,3,3,3,3,5,4,3,5,5,3,350860,0,1
DEMO5K-1311,28,1,2,4,3,3,2,4,2,2,3,2,1,2,1,1,3,1,3,1,4,1,4,3,1,1,2,3,2,1,2,1,2,77815,1,1
DEMO5K-1312,30,1,2,5,3,3,2,2,4,2,3,2,3,2,4,2,2,2,1,1,3,3,2,4,4,3,4,3,3,3,3,3,3,553694,0,1
DEMO5K-1313,26,2,2,5,3,2,3,2,5,3,5,3,4,4,3,1,3,4,5,1,4,3,4,5,4,4,4,3,5,4,5,5,4,313012,0,1
DEMO5K-1314,32,1,2,5,1,4,2,2,3,3,3,2,3,1,3,4,2,3,4,1,2,2,3,1,1,1,2,3,3,4,3,3,3,435180,0,1
DEMO5K-1315,17,2,3,4,4,3,4,5,2,5,4,3,1,1,2,3,1,1,2,1,3,3,4,4,2,2,4,5,4,4,4,3,5,458711,0,1
DEMO5K-1316,33,1,2,2,3,2,5,5,1,3,4,5,2,3,3,4,2,3,3,1,5,3,5,3,5,4,4,3,2,2,3,5,5,397824,0,1
DEMO5K-1317,25,2,2,5,3,1,4,4,3,3,4,3,3,2,3,3,4,4,3,1,5,4,4,5,4,4,4,3,4,4,3,3,3,433462,0,1
DEMO5K-1318,35,1,2,1,4,4,1,4,5,1,2,2,2,3,2,1,2,2,2,1,2,4,3,2,3,2,2,2,1,1,1,3,4,528280,0,1
DEMO5K-1319,30,2,3,1,1,4,1,2,3,3,2,3,5,4,1,3,3,3,2,1,2,1,1,1,1,2,1,1,1,2,1,2,2,550979,0,1
DEMO5K-1320,24,1,3,3,3,4,3,1,4,1,1,3,3,1,2,1,1,2,3,1,2,2,4,1,2,4,3,4,3,3,3,3,4,553950,0,1
DEMO5K-1321,21,2,2,1,3,4,4,2,2,3,1,2,2,1,2,1,1,3,2,1,2,2,1,1,1,1,2,1,2,2,2,2,4,511178,0,1
DEMO5K-1322,33,1,2,2,4,2,3,3,1,3,4,4,4,4,4,3,3,3,3,1,3,3,3,4,4,5,2,3,4,2,3,2,2,46914,1,1
DEMO5K-1323,22,2,2,5,2,1,5,5,1,4,5,5,4,5,3,5,4,1,4,1,3,3,2,4,2,5,5,3,5,4,4,5,4,378025,0,1
DEMO5K-1324,26,1,3,5,3,1,5,2,2,4,4,4,4,5,4,4,3,3,5,1,5,5,5,5,5,5,3,3,3,4,2,3,5,558175,0,1
DEMO5K-1325,22,2,2,4,3,3,1,4,3,2,4,3,2,3,3,1,3,1,1,1,1,2,1,2,2,1,2,3,3,1,2,2,3,590999,0,1
DEMO5K-1326,18,1,2,5,2,5,2,2,2,2,2,1,1,2,2,1,3,1,2,1,3,3,3,4,2,3,3,2,1,3,2,1,4,421936,0,1
DEMO5K-1327,24,1,2,1,1,4,3,1,5,3,1,2,3,1,4,4,4,4,3,5,2,3,4,2,3,3,3,4,4,4,4,2,3,475710,0,0
DEMO5K-1328,18,1,3,5,4,4,3,3,1,2,2,3,4,4,2,2,2,3,2,1,2,2,1,2,2,2,4,5,4,4,3,5,4,468091,0,1
DEMO5K-1329,30,1,3,3,4,3,1,2,3,3,3,2,3,1,3,5,1,2,2,1,3,3,3,2,3,3,4,5,3,4,5,4,4,71291,1,1
DEMO5K-1330,34,2,1,4,3,5,2,3,5,1,1,2,3,4,3,2,2,1,2,1,4,4,2,3,4,4,4,4,4,3,3,3,2,494484,0,1
DEMO5K-1331,29,2,3,3,2,4,3,1,2,3,3,3,5,4,5,3,2,1,4,1,3,5,2,4,4,4,4,3,5,5,3,3,5,486015,0,1
DEMO5K-1332,30,2,1,5,1,2,3,4,1,3,3,4,5,4,4,4,5,5,4,1,3,3,4,5,3,3,3,4,2,5,3,3,4,468331,0,1
DEMO5K-1333,34,2,1,1,3,5,1,1,5,1,1,1,1,3,2,1,1,3,2,1,1,1,3,2,1,3,1,1,2,1,3,1,1,629152,0,1
DEMO5K-1334,24,2,2,1,4,3,4,3,3,4,3,3,5,3,3,2,2,5,3,1,2,4,1,3,3,1,4,2,2,5,3,2,3,395905,0,1
DEMO5K-1335,28,2,3,3,3,3,2,5,3,3,5,4,5,4,5,3,4,4,5,1,4,4,4,2,4,3,2,4,3,5,5,3,3,501383,0,1
DEMO5K-1336,27,1,3,2,3,1,5,5,1,5,5,5,3,3,5,4,5,4,5,1,2,3,2,3,4,5,3,3,3,3,5,3,5,643289,0,1
DEMO5K-1337,31,2,3,5,3,1,4,5,4,5,5,5,4,3,5,4,4,3,4,1,5,5,5,3,4,3,3,3,3,2,2,3,2,81078,1,1
DEMO5K-1338,31,1,2,1,2,1,5,3,1,5,2,4,3,3,3,5,1,1,4,1,5,2,5,4,3,2,4,5,4,5,4,4,4,409349,0,1
DEMO5K-1339,35,2,1,2,2,4,3,2,3,3,3,2,2,3,3,2,2,4,1,1,4,3,4,3,2,3,3,4,5,4,4,5,4,345486,0,1
DEMO5K-1340,22,2,1,1,3,2,5,4,1,5,5,5,3,4,4,5,2,2,3,1,3,2,5,3,4,4,3,3,4,4,4,4,4,507742,0,1
DEMO5K-1341,34,2,2,2,2,3,3,2,5,3,3,2,4,4,3,3,2,3,2,3,1,2,2,1,3,4,4,3,5,4,2,5,4,428560,0,0
DEMO5K-1342,29,1,1,5,3,4,5,4,1,3,4,3,4,5,3,3,4,5,4,1,5,5,4,5,5,5,5,3,3,3,3,5,3,322685,0,1
DEMO5K-1343,20,1,3,3,3,4,2,2,3,2,3,1,4,2,2,2,2,3,1,1,2,2,3,4,1,2,3,4,2,3,3,3,2,640608,0,1
DEMO5K-1344,32,1,3,3,4,2,5,5,4,4,4,4,4,4,4,5,3,3,5,1,5,4,5,4,5,3,5,1,4,2,3,3,3,613732,0,1
DEMO5K-1345,18,1,3,2,3,3,4,3,2,3,4,4,2,3,2,4,1,3,4,1,3,5,5,1,3,4,3,4,4,2,3,3,3,76124,1,1
DEMO5K-1346,34,2,3,1,4,4,2,3,4,3,1,3,3,5,4,5,5,5,5,1,1,1,3,1,3,3,3,4,4,3,3,3,4,547791,0,1
DEMO5K-1347,35,2,3,3,3,2,4,4,2,3,3,4,4,4,3,3,5,1,2,1,3,4,4,2,2,5,2,2,3,3,4,4,2,503369,0,1
DEMO5K-1348,21,1,3,1,4,4,3,3,5,3,2,3,4,3,4,4,4,4,3,1,2,2,2,2,3,4,3,5,3,4,3,4,2,462105,0,1
DEMO5K-1349,18,2,3,5,4,4,1,3,4,3,1,3,2,2,3,3,2,4,4,1,4,3,3,3,2,4,2,2,3,1,3,3,3,636049,0,1
DEMO5K-1350,27,2,2,2,1,2,4,1,3,2,5,3,4,3,4,2,4,2,4,1,3,4,3,3,2,3,3,2,4,2,3,3,2,371060,0,1
DEMO5K-1351,21,2,2,2,2,4,3,3,4,3,3,3,2,2,2,2,3,1,4,1,2,3,2,2,1,1,4,3,2,4,2,4,3,537950,0,1
DEMO5K-1352,23,2,2,5,3,3,3,4,2,2,2,2,3,2,3,3,3,4,3,1,3,3,2,5,4,3,3,4,3,4,4,4,3,615964,0,1
DEMO5K-1353,19,2,3,4,4,1,4,5,2,4,3,4,5,2,4,4,3,4,4,4,5,5,4,5,5,5,4,5,5,4,5,4,4,421053,0,0
DEMO5K-1354,20,2,1,5,2,3,2,2,1,2,1,3,3,3,2,4,3,4,4,1,5,2,2,3,2,3,3,3,4,3,5,2,4,456582,0,1
DEMO5K-1355,33,1,3,5,1,3,4,4,1,4,2,4,3,1,2,3,2,3,2,1,2,3,1,2,3,3,4,2,4,3,4,4,5,397748,0,1
DEMO5K-1356,29,1,2,4,3,5,2,3,4,2,4,2,4,5,5,4,5,5,4,1,3,4,4,5,4,5,3,4,3,4,5,3,4,535470,0,1
DEMO5K-1357,25,2,3,3,2,3,2,4,1,3,4,4,1,5,4,5,2,5,5,1,3,3,5,4,3,4,3,5,5,3,5,5,3,514099,0,1
DEMO5K-1358,33,2,2,5,4,3,5,2,4,4,1,4,2,3,3,2,2,1,2,1,2,3,1,4,4,5,2,2,3,3,4,2,4,560999,0,1
DEMO5K-1359,21,1,2,4,2,3,3,4,2,2,3,3,2,2,1,3,2,4,1,1,4,3,4,1,3,2,1,1,2,1,1,1,2,321264,0,1
DEMO5K-1360,20,2,3,4,4,4,2,2,3,3,4,3,3,2,1,1,3,5,2,1,2,4,2,4,4,4,2,3,2,3,2,1,1,620126,0,1
DEMO5K-1361,17,1,2,3,3,3,5,3,4,4,4,3,1,3,1,3,3,3,4,1,4,2,3,4,4,3,4,4,4,4,3,3,3,392745,0,1
DEMO5K-1362,18,1,2,2,3,3,3,3,5,3,1,1,3,3,4,3,3,3,4,1,4,4,2,4,5,5,4,3,2,3,3,4,5,394058,0,1
DEMO5K-1363,31,1,3,1,3,4,3,2,4,1,2,4,2,4,2,4,4,1,4,1,2,1,3,2,3,2,2,4,4,4,2,3,2,483978,0,1
DEMO5K-1364,24,2,2,5,3,2,4,4,2,2,3,3,5,5,5,5,5,5,5,1,4,5,5,5,5,5,5,5,4,5,5,5,5,441836,0,1
DEMO5K-1365,33,2,1,4,3,2,3,4,3,3,2,2,3,2,2,1,1,1,2,1,2,1,2,1,1,1,1,4,4,2,3,1,2,432397,0,1
DEMO5K-1366,33,2,2,2,2,5,3,2,3,2,2,1,4,2,4,3,4,2,4,1,2,3,5,4,2,5,2,1,2,2,2,1,3,418892,0,1
DEMO5K-1367,30,1,3,5,2,3,4,3,3,4,3,3,2,1,3,3,3,1,3,1,3,2,1,3,2,3,4,3,3,2,5,3,3,385376,0,1
DEMO5K-1368,27,2,2,3,1,2,1,3,2,1,4,4,2,2,2,2,1,4,1,1,2,2,4,2,3,2,3,4,1,2,4,3,3,469983,0,1
DEMO5K-1369,26,2,2,3,3,3,3,3,3,2,3,3,4,3,5,3,2,4,2,1,5,3,3,5,4,4,3,3,2,4,2,2,3,45797,1,1
DEMO5K-1370,30,1,1,2,3,4,2,1,5,1,1,3,1,1,2,3,2,1,1,1,2,2,2,3,1,2,3,3,2,1,2,2,3,359081,0,1
DEMO5K-1371,33,2,2,1,3,2,2,4,5,3,2,1,4,3,2,4,2,3,4,1,3,3,3,3,3,1,2,3,4,3,3,4,3,505466,0,1
DEMO5K-1372,28,2,3,1,3,4,1,2,4,3,2,3,4,4,4,2,3,4,4,1,3,5,4,4,4,4,4,3,4,3,4,4,3,363340,0,1
DEMO5K-1373,33,2,3,2,2,4,3,3,4,3,4,4,2,1,2,4,3,3,1,1,3,4,2,2,2,2,1,3,2,1,2,3,1,660297,0,1
DEMO5K-1374,24,2,1,2,2,4,4,3,3,3,4,1,2,3,5,3,4,4,4,1,4,4,3,2,3,3,2,3,1,1,3,2,2,493588,0,1
DEMO5K-1375,25,2,3,1,1,3,2,3,3,4,4,2,3,3,5,5,2,2,4,1,3,2,3,3,4,2,2,3,4,4,3,5,5,571425,0,1
DEMO5K-1376,35,1,1,3,4,4,2,3,5,1,3,3,5,3,4,3,1,4,2,1,4,2,3,2,2,3,3,1,3,2,3,3,2,580540,0,1
DEMO5K-1377,35,1,1,1,2,1,1,2,4,4,4,5,5,5,4,5,5,5,5,1,3,2,2,3,3,4,4,4,5,4,1,5,3,398082,0,1
DEMO5K-1378,20,1,3,2,3,2,3,3,2,5,5,5,3,2,3,2,3,3,4,1,2,1,4,3,3,2,4,3,4,3,2,3,2,423746,0,1
DEMO5K-1379,20,1,2,1,3,2,2,3,2,1,4,2,2,2,2,1,1,3,3,1,3,2,4,4,4,4,1,2,1,1,1,1,3,681261,0,1
DEMO5K-1380,27,2,1,2,1,2,1,2,4,1,1,5,2,3,2,2,4,2,3,1,2,2,3,3,2,2,2,3,2,2,1,2,3,356569,0,1
DEMO5K-1381,34,1,1,5,3,4,4,3,4,3,5,3,2,2,1,4,3,2,4,1,4,3,3,2,4,4,2,1,2,3,4,1,3,321673,0,1
DEMO5K-1382,19,2,3,4,3,1,5,4,2,5,5,5,3,3,5,4,4,4,3,1,5,5,4,5,4,5,5,5,4,4,3,5,4,504726,0,1
DEMO5K-1383,21,1,1,4,4,2,3,3,2,5,5,4,3,1,4,3,4,2,4,1,2,1,3,1,2,4,3,5,4,4,2,3,4,82106,1,1
DEMO5K-1384,33,2,1,3,1,2,4,2,1,4,4,3,3,2,2,2,1,3,3,1,2,5,5,2,3,5,4,5,3,3,3,5,3,622494,0,1
DEMO5K-1385,18,2,1,1,3,4,1,2,3,3,2,4,4,5,4,4,5,5,4,1,2,3,3,4,3,4,5,3,3,3,3,3,3,516749,0,1
DEMO5K-1386,18,2,2,5,3,3,3,3,1,3,3,3,3,3,3,4,3,3,4,1,4,4,5,3,5,3,4,5,3,4,5,5,2,580665,0,1
DEMO5K-1387,34,2,3,2,4,3,3,3,4,2,3,1,4,3,3,3,2,5,3,1,1,2,1,1,1,2,3,1,3,3,3,3,4,525963,0,1
DEMO5K-1388,31,2,1,2,3,1,5,3,3,4,5,4,3,3,2,4,2,2,2,1,2,3,5,3,2,2,3,4,3,5,5,3,3,337271,0,1
DEMO5K-1389,32,1,3,5,4,3,1,3,3,1,2,3,3,2,4,2,2,3,4,1,5,2,4,3,2,3,1,5,4,1,5,4,3,526645,0,1
DEMO5K-1390,24,1,2,5,1,3,2,3,5,1,3,1,3,3,4,4,3,3,3,1,1,2,1,2,2,1,4,4,5,3,5,3,3,565409,0,1
DEMO5K-1391,18,2,2,1,2,3,4,4,2,3,3,3,3,2,2,4,3,4,3,1,4,3,3,4,4,4,4,4,3,3,3,4,5,446779,0,1
DEMO5K-1392,23,2,3,3,3,5,1,2,3,2,2,1,1,5,4,2,4,3,4,1,4,3,3,4,3,3,2,3,1,4,2,3,1,459424,0,1
DEMO5K-1393,25,2,1,3,3,4,4,3,2,4,2,4,2,2,3,2,1,1,2,1,4,4,3,3,5,2,2,4,4,3,3,4,3,313693,0,1
DEMO5K-1394,19,2,2,3,3,2,4,3,1,4,2,2,3,3,3,1,4,3,3,1,3,4,2,2,2,2,3,3,3,5,2,1,3,464376,0,1
DEMO5K-1395,35,2,2,3,4,2,4,1,4,2,3,3,3,4,4,4,2,1,3,1,4,3,1,3,3,2,5,3,4,2,5,4,4,678794,0,1
DEMO5K-1396,33,2,3,3,3,3,4,3,3,5,4,2,3,3,4,4,5,1,3,1,1,4,3,2,2,1,4,2,4,4,3,4,5,306015,0,1
DEMO5K-1397,34,1,1,4,4,4,1,3,4,2,3,3,3,3,3,5,4,4,5,1,1,1,2,3,2,1,3,2,3,4,2,1,4,342237,0,1
DEMO5K-1398,20,2,3,2,3,1,4,4,1,4,5,4,4,4,3,3,4,3,4,1,4,4,5,3,4,4,3,2,3,2,4,2,3,480229,0,1
DEMO5K-1399,29,1,2,1,4,1,2,3,3,1,1,3,1,1,2,2,2,2,1,1,3,2,3,3,1,3,2,3,4,3,3,4,2,659266,0,1
DEMO5K-1400,20,2,3,4,2,2,4,5,2,3,4,4,5,5,5,5,4,3,3,1,4,4,5,5,5,4,4,3,3,3,4,5,4,693954,0,1
DEMO5K-1401,28,1,2,5,4,2,5,5,3,5,5,5,2,3,2,4,3,5,5,1,5,2,2,4,3,2,2,1,2,3,1,2,1,422354,0,1
DEMO5K-1402,31,2,3,2,3,5,3,2,3,2,3,2,2,5,4,5,4,4,3,1,5,4,4,2,2,3,3,2,3,3,2,4,2,505578,0,1
DEMO5K-1403,29,1,3,2,3,3,4,3,3,5,3,4,3,3,3,4,1,4,3,1,3,4,3,4,4,4,5,4,4,5,3,5,5,525411,0,1
DEMO5K-1404,20,1,3,3,3,2,3,2,3,3,4,3,4,4,4,3,3,3,3,3,3,2,5,3,4,4,2,2,1,3,1,2,1,503811,0,0
DEMO5K-1405,27,1,3,5,3,3,2,1,4,4,3,3,2,3,4,1,3,1,3,1,3,4,2,2,3,3,3,4,4,3,5,4,3,626610,0,1
DEMO5K-1406,25,2,2,1,1,5,2,1,2,1,2,1,2,3,1,3,2,3,2,1,3,4,4,4,4,3,4,2,3,5,4,3,3,493072,0,1
DEMO5K-1407,35,1,2,2,3,3,2,2,5,3,1,2,1,1,1,2,1,1,2,1,2,2,2,2,2,3,1,3,1,1,1,1,1,541482,0,1
DEMO5K-1408,31,2,3,4,1,3,2,4,3,3,2,2,3,3,3,3,4,3,4,1,4,3,4,4,3,2,1,4,2,2,4,3,1,335988,0,1
DEMO5K-1409,25,2,1,1,3,3,2,2,5,3,3,1,5,4,3,4,3,4,1,1,2,4,1,1,3,2,3,2,3,1,1,2,1,594974,0,1
DEMO5K-1410,22,2,2,5,2,2,5,4,2,5,4,5,3,2,3,2,2,4,2,1,3,3,3,5,4,4,4,3,4,2,4,4,4,694984,0,1
DEMO5K-1411,28,1,3,1,4,1,3,2,4,2,4,4,4,5,5,3,5,5,5,1,4,3,2,3,4,3,5,4,3,5,4,2,5,427682,0,1
DEMO5K-1412,20,2,2,5,3,2,3,4,2,4,4,4,3,5,1,3,4,3,2,1,3,3,2,3,3,3,3,4,2,3,4,3,4,348452,0,1
DEMO5K-1413,19,2,3,3,2,2,1,2,3,3,2,3,2,3,4,4,2,3,2,1,2,4,4,3,2,4,3,3,2,2,3,3,2,64271,1,1
DEMO5K-1414,33,1,2,4,3,3,1,3,2,1,1,2,3,4,3,4,4,2,2,1,4,3,3,2,2,3,2,5,3,4,3,3,5,363327,0,1
DEMO5K-1415,35,2,3,4,3,4,2,2,5,3,1,2,2,2,4,2,3,2,3,1,2,5,3,4,3,2,3,2,1,1,2,2,3,450873,0,1
DEMO5K-1416,33,2,3,3,1,3,1,2,3,2,1,3,3,4,2,1,3,3,3,1,3,1,2,3,1,2,1,4,2,4,2,2,3,587500,0,1
DEMO5K-1417,22,2,2,5,2,4,1,2,5,1,2,1,3,4,2,3,4,3,3,1,3,3,3,3,2,3,4,1,2,2,1,2,1,454872,0,1
DEMO5K-1418,20,1,3,1,4,3,3,2,5,3,3,1,3,3,3,4,3,2,2,1,1,2,2,1,2,1,3,4,4,3,2,5,3,335928,0,1
DEMO5K-1419,23,2,3,2,2,4,4,3,3,1,4,3,3,3,4,5,3,4,2,1,5,5,4,4,4,4,4,4,5,5,5,4,3,52356,1,1
DEMO5K-1420,26,1,3,3,3,1,3,5,3,2,3,3,3,3,3,3,2,3,2,1,2,4,4,3,2,4,3,2,2,2,4,2,4,688568,0,1
DEMO5K-1421,30,2,1,1,3,4,2,2,5,3,2,2,2,3,3,2,1,2,2,1,2,2,2,3,3,2,4,2,2,3,1,2,1,431682,0,1
DEMO5K-1422,28,1,3,2,4,3,5,4,4,3,4,4,3,3,2,4,2,3,2,1,4,3,4,2,5,3,2,2,1,1,2,3,4,641366,0,1
DEMO5K-1423,19,2,1,5,2,3,2,3,4,3,4,3,5,1,3,4,4,3,2,1,4,2,4,4,3,4,2,3,1,4,2,4,5,695255,0,1
DEMO5K-1424,23,1,2,1,2,2,5,4,2,5,4,3,4,4,3,4,1,5,5,1,4,4,3,4,1,4,4,5,5,4,4,4,4,696388,0,1
DEMO5K-1425,29,2,3,5,1,1,5,4,3,5,5,4,5,3,5,4,3,5,3,1,4,4,5,4,4,3,4,2,5,3,5,3,3,517126,0,1
DEMO5K-1426,25,2,3,1,4,5,2,2,4,2,1,1,4,2,1,1,1,2,2,1,1,3,2,3,1,1,3,4,2,2,4,3,2,676955,0,1
DEMO5K-1427,33,1,3,1,2,4,4,2,3,3,3,5,2,2,1,2,2,2,2,1,2,3,2,2,3,2,4,5,4,5,4,5,5,678788,0,1
DEMO5K-1428,26,1,3,1,4,2,2,2,1,4,4,4,3,3,2,3,5,3,3,1,3,2,4,3,2,4,3,3,4,1,2,4,2,471636,0,1
DEMO5K-1429,34,1,2,4,2,5,4,4,3,4,2,3,2,2,5,4,4,2,4,1,5,2,3,3,3,3,2,3,3,2,1,3,2,581111,0,1
DEMO5K-1430,26,1,3,2,2,3,2,1,4,3,3,2,3,3,2,3,3,4,4,1,4,4,5,3,4,4,4,2,1,4,3,3,4,391769,0,1
DEMO5K-1431,28,2,1,3,3,3,3,4,2,3,4,4,4,4,3,5,4,4,4,1,5,5,5,5,5,5,4,4,5,4,4,3,5,572768,0,1
DEMO5K-1432,21,2,2,2,4,1,5,5,3,5,5,5,5,5,5,4,4,4,1,1,4,3,4,3,4,3,3,4,3,3,5,2,4,486325,0,1
DEMO5K-1433,33,2,2,2,3,3,2,2,4,1,3,3,2,1,2,3,1,1,3,1,3,2,4,2,2,1,2,1,3,1,1,1,3,373309,0,1
DEMO5K-1434,29,2,2,4,3,2,4,3,3,4,3,3,3,1,1,4,2,2,2,1,2,1,1,3,3,2,2,4,5,4,3,2,3,355189,0,1
DEMO5K-1435,24,1,1,2,4,3,3,4,3,5,2,3,4,4,3,2,1,3,3,1,5,5,5,2,3,2,1,4,2,2,2,3,4,79256,1,1
DEMO5K-1436,22,1,3,1,3,2,2,4,3,3,3,2,3,5,3,3,3,3,3,1,2,2,5,3,3,3,4,4,4,5,5,4,1,450809,0,1
DEMO5K-1437,19,2,3,3,3,5,3,3,3,2,2,3,3,3,2,4,2,2,4,1,3,2,2,3,2,3,3,4,4,5,5,5,5,672093,0,1
DEMO5K-1438,22,1,3,4,3,3,3,2,4,2,2,1,4,3,4,3,4,3,5,1,2,3,1,3,3,3,2,2,3,2,4,2,4,608927,0,1
DEMO5K-1439,23,1,1,5,4,3,3,4,4,5,3,3,4,5,2,4,4,2,3,1,3,4,3,3,3,3,2,3,2,5,4,4,3,346051,0,1
DEMO5K-1440,25,2,1,3,1,2,3,4,3,5,3,4,4,4,5,5,4,4,5,1,5,5,3,4,3,3,5,4,3,4,3,5,3,429075,0,1
DEMO5K-1441,28,1,2,3,4,3,5,4,2,4,5,5,3,4,4,3,4,4,4,1,1,3,4,3,2,3,5,4,4,3,3,2,4,480391,0,1
DEMO5K-1442,17,2,3,5,3,2,4,4,2,4,2,3,1,3,3,3,3,2,4,1,3,3,2,5,4,3,1,2,2,2,1,1,1,548953,0,1
DEMO5K-1443,27,2,3,3,3,5,3,3,2,4,3,3,3,3,4,3,2,2,1,1,3,5,4,4,5,4,3,2,2,4,3,3,3,439913,0,1
DEMO5K-1444,25,2,3,3,2,3,5,5,1,4,5,5,5,5,4,4,3,3,3,1,4,4,2,2,3,3,3,5,5,4,4,3,5,439733,0,1
DEMO5K-1445,22,2,1,4,4,3,3,3,4,4,5,3,3,2,1,2,2,3,2,1,3,4,3,4,3,5,2,4,3,3,3,4,3,566934,0,1
DEMO5K-1446,29,1,3,2,4,2,2,2,3,2,3,2,5,3,1,3,2,4,2,5,4,3,5,4,4,3,3,5,2,5,3,4,2,69189,1,0
DEMO5K-1447,19,2,3,1,3,2,3,3,3,1,1,4,4,2,2,1,3,2,2,1,2,2,2,2,2,4,3,5,4,3,3,2,3,525004,0,1
DEMO5K-1448,25,2,2,3,4,2,2,3,3,1,1,2,1,2,2,2,2,1,3,1,4,4,3,3,1,3,2,5,2,2,3,3,3,634433,0,1
DEMO5K-1449,34,2,3,5,1,4,1,1,3,2,2,2,1,1,2,3,2,3,1,1,2,1,2,1,3,3,2,1,3,1,1,1,4,391205,0,1
DEMO5K-1450,26,1,1,1,1,1,4,3,2,4,3,4,4,3,4,4,5,5,4,1,2,3,4,4,4,4,4,3,3,2,3,4,3,388129,0,1
DEMO5K-1451,22,2,1,1,4,1,5,2,3,3,3,2,3,3,2,3,3,4,3,1,4,3,2,4,2,4,3,3,3,3,2,5,3,406143,0,1
DEMO5K-1452,29,2,3,4,4,3,1,2,4,1,2,2,2,4,3,1,3,2,4,1,4,3,3,2,3,4,1,2,3,2,3,2,1,595707,0,1
DEMO5K-1453,22,2,3,1,2,2,3,2,3,2,3,2,2,5,3,3,3,4,3,1,5,3,2,3,2,2,2,3,2,2,3,2,4,83083,1,1
DEMO5K-1454,35,1,1,1,1,3,5,4,3,5,4,3,2,2,3,2,4,3,3,1,3,5,4,2,5,4,5,4,3,3,5,5,5,56723,1,1
DEMO5K-1455,25,2,2,2,1,5,1,1,5,2,1,2,2,2,3,4,3,1,5,1,3,2,2,2,1,2,2,2,1,1,1,2,1,582300,0,1
DEMO5K-1456,31,2,2,1,4,3,2,4,4,4,2,4,3,4,5,3,4,4,4,1,1,2,2,4,2,3,3,1,4,3,3,3,1,75376,1,1
DEMO5K-1457,28,2,2,4,3,4,2,3,3,3,3,2,3,2,3,1,3,4,4,1,4,4,3,3,3,4,3,3,3,3,1,3,3,697928,0,1
DEMO5K-1458,24,2,2,5,2,4,4,2,3,4,4,3,3,3,4,2,5,2,3,1,5,5,3,5,4,4,4,3,4,5,2,4,4,315910,0,1
DEMO5K-1459,20,2,3,4,3,1,2,3,3,3,3,2,3,3,2,3,2,4,3,1,4,3,4,4,3,3,3,3,2,4,3,4,2,671983,0,1
DEMO5K-1460,24,2,1,1,3,3,2,4,4,3,3,3,3,3,1,3,3,3,2,1,2,1,3,2,2,1,1,2,3,3,3,4,3,553909,0,1
DEMO5K-1461,24,2,1,1,3,4,3,3,4,1,2,3,4,4,2,4,4,4,3,1,3,2,2,1,3,1,2,4,2,4,4,3,3,524376,0,1
DEMO5K-1462,35,2,3,4,3,3,1,3,5,1,2,3,2,3,3,3,3,2,3,1,2,2,4,4,3,2,2,3,2,4,4,2,2,458950,0,1
DEMO5K-1463,29,1,1,3,3,3,5,3,1,3,2,4,4,4,4,4,2,3,4,1,4,4,3,5,4,3,1,3,3,3,3,3,3,470666,0,1
DEMO5K-1464,29,1,2,4,3,3,2,3,4,3,3,2,2,4,4,4,5,3,4,1,1,3,1,3,3,4,2,2,2,3,1,1,2,636264,0,1
DEMO5K-1465,23,2,1,5,4,2,4,5,1,4,4,5,3,1,3,2,3,3,4,1,3,3,5,4,5,3,2,3,2,2,3,3,2,424272,0,1
DEMO5K-1466,20,2,2,5,2,2,2,3,3,5,3,3,4,2,3,2,3,3,4,1,3,4,3,2,5,4,3,3,4,5,3,5,3,67369,1,1
DEMO5K-1467,30,2,3,1,4,2,3,3,1,4,2,5,3,3,3,2,4,2,4,1,4,4,3,3,2,4,4,4,3,2,5,3,4,414522,0,1
DEMO5K-1468,27,1,2,1,2,3,2,3,4,2,3,4,2,3,2,2,2,3,3,1,3,3,4,2,5,4,4,4,3,4,4,3,4,626797,0,1
DEMO5K-1469,27,2,3,1,2,2,5,4,2,4,3,5,4,4,4,3,3,4,4,1,2,2,4,2,3,3,5,4,5,5,5,5,5,333783,0,1
DEMO5K-1470,17,1,3,4,3,2,3,4,4,3,5,4,4,3,5,3,5,4,5,1,4,2,4,5,4,4,3,4,3,3,4,4,3,601955,0,1
DEMO5K-1471,21,2,3,3,2,3,3,3,3,4,3,4,4,3,1,3,4,4,1,1,1,1,1,1,1,2,3,3,1,3,2,3,1,493683,0,1
DEMO5K-1472,32,2,3,1,2,3,3,3,3,3,3,3,4,3,5,4,3,4,4,1,3,3,3,2,4,1,1,1,2,3,2,3,2,451855,0,1
DEMO5K-1473,28,2,3,2,4,2,4,4,2,5,4,5,5,5,4,5,5,4,4,2,4,5,3,3,3,3,2,3,4,5,4,2,4,419389,0,0
DEMO5K-1474,28,2,3,5,1,3,1,2,4,1,2,1,1,2,2,1,2,2,2,1,2,2,1,1,3,1,1,1,3,1,1,1,2,554825,0,1
DEMO5K-1475,24,1,1,2,2,2,5,5,3,3,5,4,4,5,5,5,5,5,5,1,5,5,5,5,5,5,3,5,5,5,4,4,4,381142,0,1
DEMO5K-1476,31,2,2,2,1,2,4,4,1,4,4,2,3,4,1,3,4,2,2,1,4,4,5,3,3,3,4,5,5,3,2,3,4,321645,0,1
DEMO5K-1477,21,2,2,1,3,3,3,2,5,3,2,2,3,4,4,3,4,3,3,1,3,4,3,2,2,3,2,3,4,4,2,4,3,458278,0,1
DEMO5K-1478,30,2,3,1,4,1,5,4,3,3,5,3,3,3,2,5,3,3,3,1,3,3,4,2,3,4,3,1,2,5,3,2,2,562780,0,1
DEMO5K-1479,24,1,2,3,3,5,4,3,5,2,2,4,3,2,4,2,1,2,3,1,1,2,2,2,4,2,2,4,3,2,2,3,3,494597,0,1
DEMO5K-1480,17,2,3,4,2,3,3,3,3,3,3,4,3,2,3,4,5,3,2,1,2,2,2,2,3,2,4,1,4,5,2,3,2,519281,0,1
DEMO5K-1481,35,2,2,1,1,3,3,3,4,1,4,1,2,4,3,4,3,3,3,2,3,4,3,4,4,4,4,3,3,4,5,5,4,468739,0,0
DEMO5K-1482,21,1,1,3,2,3,3,3,2,2,3,2,4,5,3,5,4,3,3,1,3,3,3,2,3,1,4,3,2,3,3,2,2,581980,0,1
DEMO5K-1483,32,2,3,2,3,5,2,2,3,3,2,1,3,2,4,2,3,2,3,1,5,4,3,4,4,4,2,4,4,4,3,2,3,63680,1,1
DEMO5K-1484,27,2,2,5,1,3,3,3,2,2,2,4,3,2,3,3,2,4,3,1,5,2,3,4,4,4,4,3,5,2,3,3,5,695404,0,1
DEMO5K-1485,30,2,3,3,4,3,3,5,3,4,3,3,4,2,4,3,4,5,5,1,4,2,4,2,2,4,4,3,2,1,3,3,3,63973,1,1
DEMO5K-1486,32,2,1,2,3,5,2,1,5,2,3,2,2,2,1,1,4,2,2,1,2,2,2,3,2,3,3,3,4,3,3,3,3,644632,0,1
DEMO5K-1487,21,2,1,2,3,2,3,5,1,3,2,3,3,5,4,5,4,3,4,1,3,5,4,4,4,4,5,5,5,4,5,3,3,493517,0,1
DEMO5K-1488,23,1,3,2,3,3,3,3,3,3,4,3,5,2,2,3,4,3,2,1,3,3,3,4,5,2,1,2,2,3,3,2,3,46211,1,1
DEMO5K-1489,26,1,2,2,4,3,4,4,3,3,3,4,1,3,4,3,3,3,1,1,3,2,2,3,2,5,2,3,4,3,2,4,2,442876,0,1
DEMO5K-1490,17,2,1,5,2,5,2,3,4,3,4,3,3,3,1,2,3,1,2,1,3,1,2,1,1,2,2,2,1,1,1,1,3,304777,0,1
DEMO5K-1491,33,2,1,5,2,3,4,4,1,4,5,5,4,2,3,4,3,3,4,1,3,5,5,5,5,4,2,4,3,3,4,3,3,649531,0,1
DEMO5K-1492,28,2,2,1,4,2,4,4,2,2,3,3,4,4,4,3,4,3,3,1,1,2,5,1,2,4,1,3,2,3,3,2,1,416679,0,1
DEMO5K-1493,33,1,3,3,2,2,4,3,1,5,3,4,2,3,4,4,3,4,3,1,3,3,3,2,2,3,2,2,3,3,4,3,2,316116,0,1
DEMO5K-1494,29,2,3,3,2,3,3,4,5,2,3,2,3,3,3,1,3,4,2,1,1,2,3,4,1,2,3,5,5,4,4,4,5,527031,0,1
DEMO5K-1495,30,2,2,4,2,5,1,3,3,3,2,2,3,3,2,3,1,3,1,1,1,2,1,2,2,2,4,4,3,3,3,3,3,555329,0,1
DEMO5K-1496,19,2,1,1,3,4,1,2,4,4,2,3,1,1,1,1,3,2,3,1,3,2,2,2,1,3,4,3,1,2,4,3,4,478813,0,1
DEMO5K-1497,34,2,1,5,1,2,3,3,2,5,1,3,4,2,2,3,2,3,4,1,3,3,2,3,3,2,4,5,2,2,2,4,4,307202,0,1
DEMO5K-1498,26,2,3,5,2,1,5,2,3,3,3,3,2,4,4,3,3,3,4,1,3,3,1,2,2,3,4,2,3,3,4,3,3,397966,0,1
DEMO5K-1499,32,2,2,1,4,1,4,5,2,4,3,5,3,3,1,2,3,5,2,1,2,4,2,2,1,3,4,5,2,3,3,3,4,400517,0,1
DEMO5K-1500,23,1,2,4,3,2,1,1,5,4,1,3,4,3,3,3,3,5,3,1,2,2,2,3,3,3,3,4,3,3,3,3,2,342351,0,1
DEMO5K-1501,19,2,3,4,3,4,2,2,4,2,2,1,1,1,1,1,1,1,1,1,1,1,2,3,1,1,2,1,2,2,3,2,1,449489,0,1
DEMO5K-1502,20,2,2,3,2,3,5,4,1,5,4,5,3,5,2,1,2,1,4,1,4,3,5,5,3,4,5,3,5,4,5,3,5,69060,1,1
DEMO5K-1503,24,2,1,1,3,3,3,2,4,1,3,2,1,2,3,2,1,2,5,1,2,4,3,2,3,2,3,4,3,2,3,4,3,577775,0,1
DEMO5K-1504,32,2,3,5,2,3,3,2,2,2,4,3,2,3,4,4,4,4,3,1,3,2,2,2,2,4,3,1,2,2,2,3,2,316885,0,1
DEMO5K-1505,29,2,2,1,3,2,4,4,1,3,5,4,3,4,2,3,4,4,3,1,4,5,5,3,4,3,4,2,1,3,2,3,3,647047,0,1
DEMO5K-1506,28,1,2,2,4,4,3,3,4,3,4,4,3,2,2,3,2,3,3,1,1,2,2,3,2,4,3,2,2,2,3,3,3,469282,0,1
DEMO5K-1507,29,1,2,2,3,2,4,5,2,3,1,3,3,5,4,5,2,5,5,1,4,4,3,1,3,4,3,5,5,5,4,5,5,635070,0,1
DEMO5K-1508,26,2,3,4,2,1,5,4,2,4,5,5,3,5,5,5,5,3,5,1,4,5,5,5,5,4,5,5,5,4,4,4,5,391732,0,1
DEMO5K-1509,31,2,2,4,4,3,4,3,2,3,4,4,3,3,3,3,3,3,2,1,3,3,3,3,4,2,2,1,3,4,3,2,2,436096,0,1
DEMO5K-1510,24,1,3,2,3,2,2,3,3,3,4,2,3,3,3,3,2,3,4,1,3,4,2,3,3,4,3,4,2,4,3,3,2,560942,0,1
DEMO5K-1511,25,2,2,5,4,3,3,2,2,5,3,3,3,3,1,3,2,3,2,1,2,2,3,3,4,4,2,3,1,1,3,3,2,444182,0,1
DEMO5K-1512,31,1,2,1,1,3,5,4,4,5,5,5,5,4,5,3,4,3,3,1,5,5,5,5,5,4,4,4,3,5,3,3,4,626691,0,1
DEMO5K-1513,22,2,2,5,1,4,3,2,4,2,2,2,4,2,3,3,4,2,2,1,3,4,4,4,4,5,2,2,2,4,2,2,3,392994,0,1
DEMO5K-1514,28,1,2,2,3,4,2,4,1,2,4,1,1,1,2,1,1,1,2,1,2,3,1,2,2,1,1,1,2,2,1,1,1,508616,0,1
DEMO5K-1515,18,2,2,4,3,3,2,3,4,3,1,1,2,2,2,1,2,2,2,3,4,4,4,5,4,5,2,2,1,2,1,3,1,560045,0,0
DEMO5K-1516,31,2,2,3,3,2,3,3,4,3,2,3,2,4,2,2,3,4,4,1,5,1,2,1,3,1,2,2,1,3,3,3,2,83400,1,1
DEMO5K-1517,23,2,2,1,1,3,1,4,3,2,3,1,2,2,3,3,3,2,2,1,3,1,2,3,2,2,3,4,2,1,2,3,3,501898,0,1
DEMO5K-1518,19,1,3,2,3,4,3,1,4,4,4,2,3,2,3,5,4,3,4,1,4,2,5,3,3,3,4,4,4,4,4,5,5,413767,0,1
DEMO5K-1519,28,2,1,2,2,2,2,3,4,2,4,2,1,2,2,2,3,2,2,1,1,3,2,2,3,2,2,2,1,3,1,1,2,427742,0,1
DEMO5K-1520,20,2,2,3,4,5,2,2,3,1,2,2,2,2,1,3,1,3,3,1,2,5,2,3,4,3,2,2,2,4,3,2,4,639736,0,1
DEMO5K-1521,23,1,3,4,3,3,4,4,1,4,3,5,5,3,4,3,3,3,3,1,4,4,4,4,4,3,3,4,2,5,4,5,3,391818,0,1
DEMO5K-1522,33,2,2,5,3,5,3,2,3,2,2,2,1,3,2,2,4,3,4,1,1,1,1,1,2,1,5,2,3,2,4,2,3,74420,1,1
DEMO5K-1523,31,2,3,1,4,4,1,2,3,2,2,2,3,3,3,4,2,3,3,1,3,1,2,1,2,1,2,2,1,1,1,2,2,385459,0,1
DEMO5K-1524,27,1,3,1,3,4,4,4,1,5,3,4,2,1,2,3,2,1,1,1,2,2,3,1,3,3,4,3,4,3,2,3,4,651497,0,1
DEMO5K-1525,26,2,1,1,4,4,3,2,4,2,3,3,4,3,4,4,4,4,4,1,4,4,3,2,4,3,4,2,5,3,1,4,5,605657,0,1
DEMO5K-1526,18,2,3,2,4,4,3,4,2,5,5,4,3,2,2,3,4,2,3,1,2,1,4,3,2,3,3,5,4,5,3,3,3,495626,0,1
DEMO5K-1527,30,2,3,3,2,2,3,3,2,2,3,1,2,2,3,2,1,3,2,1,3,2,3,2,3,5,3,3,4,3,1,1,4,64955,1,1
DEMO5K-1528,20,1,3,3,1,2,3,2,2,3,4,3,3,3,3,2,3,4,4,1,3,3,3,1,3,2,3,4,4,4,5,3,5,376412,0,1
DEMO5K-1529,33,1,3,3,3,2,1,1,3,1,1,3,2,3,4,3,1,3,4,1,4,3,3,3,4,4,3,2,3,2,3,3,3,335850,0,1
DEMO5K-1530,28,2,2,1,4,3,3,1,2,2,3,3,4,5,3,5,5,4,4,1,3,5,4,5,5,5,5,4,4,5,4,4,4,509739,0,1
DEMO5K-1531,21,1,3,1,3,3,2,4,4,2,3,2,2,2,2,2,2,1,2,1,3,4,4,2,3,4,2,1,3,3,1,3,3,484246,0,1
DEMO5K-1532,28,2,2,2,2,5,1,1,5,1,1,1,2,3,4,2,3,3,3,1,4,5,2,2,3,3,4,2,2,1,2,3,3,49579,1,1
DEMO5K-1533,23,1,2,3,1,4,2,2,3,2,2,2,4,5,2,4,2,4,3,1,1,1,2,2,2,2,2,2,2,2,2,2,3,588465,0,1
DEMO5K-1534,22,1,2,4,1,4,3,1,2,2,2,2,3,2,3,2,5,2,3,1,1,1,1,1,1,1,1,2,3,3,1,1,2,580472,0,1
DEMO5K-1535,23,2,2,3,2,3,5,2,2,1,4,3,2,3,3,2,2,2,2,1,3,3,3,1,3,2,4,5,4,3,3,3,3,380286,0,1
DEMO5K-1536,31,2,2,3,3,4,2,1,2,3,3,3,1,2,2,2,1,2,2,1,3,3,2,3,3,4,2,3,2,3,2,2,2,76074,1,1
DEMO5K-1537,30,2,3,4,4,3,3,2,4,3,3,4,2,3,4,4,4,5,3,1,4,5,3,2,5,4,4,3,3,3,3,3,3,526709,0,1
DEMO5K-1538,33,2,2,4,3,4,3,2,3,2,3,2,3,2,3,3,3,3,2,5,1,2,2,2,3,3,3,1,1,2,2,3,3,532275,0,0
DEMO5K-1539,19,1,1,3,3,1,2,2,3,4,3,5,3,2,5,3,4,2,2,1,5,5,4,4,4,5,4,2,3,3,3,3,4,368794,0,1
DEMO5K-1540,26,1,2,1,3,2,4,4,3,5,2,5,5,5,5,5,4,5,3,1,2,3,5,3,3,3,5,5,4,3,3,5,3,69384,1,1
DEMO5K-1541,32,2,3,5,2,2,3,5,3,4,2,2,4,4,4,3,3,4,2,1,1,4,3,3,4,2,3,5,5,5,2,4,4,488521,0,1
DEMO5K-1542,22,2,2,2,4,2,4,4,3,2,3,2,5,5,4,4,2,3,3,1,5,3,4,3,3,2,3,1,3,3,1,2,1,586598,0,1
DEMO5K-1543,19,2,3,5,3,2,5,3,2,5,4,4,2,3,3,2,3,4,3,1,2,4,3,4,3,3,4,5,3,4,4,4,5,593922,0,1
DEMO5K-1544,23,1,2,3,3,3,4,3,2,3,4,4,3,3,4,4,4,2,1,1,3,3,2,2,5,3,3,3,3,3,4,3,3,628253,0,1
DEMO5K-1545,30,1,1,2,1,4,3,3,4,3,3,3,2,4,3,4,2,2,5,1,4,3,5,4,5,4,1,3,3,2,2,1,3,609769,0,1
DEMO5K-1546,33,2,3,5,4,3,3,2,5,4,2,3,1,1,2,3,5,1,3,1,4,5,3,2,3,4,3,2,3,3,5,2,4,689013,0,1
DEMO5K-1547,20,2,2,3,3,3,3,5,2,2,5,3,2,2,2,2,2,4,3,1,2,2,2,3,2,3,3,2,3,2,3,3,1,522233,0,1
DEMO5K-1548,23,1,1,2,4,2,2,1,2,4,5,2,3,2,2,2,1,2,3,1,2,2,2,1,2,4,1,3,2,2,4,2,1,60595,1,1
DEMO5K-1549,17,2,3,1,3,4,2,4,4,2,3,2,3,3,4,4,4,4,3,1,2,3,5,2,2,5,1,2,3,1,1,2,1,317727,0,1
DEMO5K-1550,30,1,2,4,3,5,2,1,4,1,2,2,1,2,1,2,2,2,1,1,3,2,2,2,2,3,2,3,3,4,4,3,3,413594,0,1
DEMO5K-1551,24,2,3,5,4,2,3,4,2,2,5,4,3,1,4,3,2,4,5,1,4,4,4,4,4,4,5,3,4,3,4,4,3,505729,0,1
DEMO5K-1552,28,2,2,1,2,3,4,3,5,4,2,5,3,2,4,3,5,2,4,1,3,3,2,4,4,3,4,4,3,3,3,5,4,471045,0,1
DEMO5K-1553,24,2,1,1,4,3,3,5,3,3,4,2,3,3,3,4,5,5,3,1,4,5,3,3,3,4,4,5,4,4,5,5,3,417371,0,1
DEMO5K-1554,20,1,2,2,2,5,2,1,4,3,1,2,2,2,1,1,1,2,4,1,2,1,4,2,2,1,2,2,2,3,3,3,1,363843,0,1
DEMO5K-1555,17,2,2,3,3,4,4,2,4,3,3,2,1,3,3,3,3,4,1,1,3,5,3,4,3,2,3,3,3,1,3,1,2,592460,0,1
DEMO5K-1556,19,2,2,1,3,3,2,2,3,1,1,4,1,3,3,3,2,4,4,1,2,2,2,4,3,2,1,1,3,2,2,4,4,57816,1,1
DEMO5K-1557,32,1,3,4,4,2,3,2,2,4,4,4,3,3,3,4,3,4,4,1,3,2,2,3,3,3,4,3,4,4,4,5,3,624055,0,1
DEMO5K-1558,32,1,3,4,2,5,1,2,5,2,2,4,1,3,4,2,3,2,2,1,2,4,5,2,3,1,3,3,1,2,2,1,3,518090,0,1
DEMO5K-1559,26,2,2,5,3,3,3,3,4,3,3,3,3,1,4,2,4,2,2,1,4,5,4,4,4,4,2,3,3,3,2,5,2,684310,0,1
DEMO5K-1560,29,2,3,5,3,4,2,5,2,2,2,4,3,3,3,1,1,1,2,1,2,3,3,1,2,1,3,1,3,5,3,3,4,331542,0,1
DEMO5K-1561,32,1,2,5,3,1,4,5,2,4,4,3,1,2,2,2,3,4,3,1,4,4,2,4,1,3,4,3,4,3,2,4,2,75797,1,1
DEMO5K-1562,26,1,1,2,4,5,4,3,3,4,4,3,3,3,5,5,5,3,4,1,1,4,4,1,4,3,5,5,5,5,3,4,4,320579,0,1
DEMO5K-1563,26,1,1,5,3,3,3,4,3,2,2,4,2,3,3,3,2,2,3,1,2,3,2,4,2,2,1,2,1,2,1,3,1,618434,0,1
DEMO5K-1564,27,2,1,2,3,3,1,1,5,3,3,1,2,1,3,2,4,1,3,1,3,3,1,3,2,4,2,1,3,1,3,4,1,329504,0,1
DEMO5K-1565,33,1,2,4,3,5,3,2,4,3,3,3,1,1,2,2,3,1,1,1,2,3,1,2,2,3,1,1,1,1,1,2,3,589860,0,1
DEMO5K-1566,32,1,3,3,3,3,2,1,3,2,2,1,2,3,1,2,3,1,3,1,4,1,1,1,2,1,1,3,1,1,1,1,2,300359,0,1
DEMO5K-1567,22,1,2,3,2,3,2,5,3,4,1,3,5,4,3,2,3,3,4,1,3,4,3,3,3,4,4,5,4,3,5,5,5,520891,0,1
DEMO5K-1568,29,2,2,3,4,4,3,2,2,2,3,1,4,4,1,4,4,3,5,1,3,1,2,4,4,3,4,1,3,5,4,3,3,523088,0,1
DEMO5K-1569,27,1,3,2,4,4,3,1,2,4,2,1,4,4,4,4,4,4,3,1,4,4,3,2,4,2,5,4,4,4,4,4,4,84783,1,1
DEMO5K-1570,32,1,2,1,1,3,3,4,4,3,3,2,2,2,2,1,2,1,4,1,3,3,1,3,4,4,4,2,3,5,5,2,1,605562,0,1
DEMO5K-1571,18,1,2,3,4,2,4,4,2,3,5,4,3,3,4,4,4,5,3,1,4,5,3,2,3,3,5,5,5,5,5,5,4,559919,0,1
DEMO5K-1572,32,2,3,4,2,4,3,2,4,1,1,3,3,3,3,2,3,2,3,1,4,4,4,1,2,2,5,5,3,5,3,5,3,489002,0,1
DEMO5K-1573,29,1,3,5,3,3,3,3,5,4,3,1,2,4,4,2,2,3,3,1,3,4,4,3,2,5,2,2,1,1,1,2,2,538327,0,1
DEMO5K-1574,18,2,1,4,4,4,5,3,4,2,3,2,2,2,2,2,2,3,1,1,3,2,3,3,4,4,3,4,2,3,3,1,2,598608,0,1
DEMO5K-1575,33,2,2,2,2,2,2,4,3,3,3,3,3,3,2,3,4,2,2,1,2,3,5,4,4,3,4,3,4,3,3,4,2,571582,0,1
DEMO5K-1576,34,2,1,2,3,4,4,3,3,1,2,2,2,2,3,2,3,3,3,1,3,2,3,1,1,4,1,1,1,1,1,1,1,606056,0,1
DEMO5K-1577,23,2,3,2,2,4,1,3,4,2,2,4,3,3,4,2,2,3,2,1,2,2,3,2,2,1,3,2,3,2,3,3,2,492915,0,1
DEMO5K-1578,21,2,1,3,4,4,3,3,4,3,4,3,3,2,2,3,2,1,3,1,4,2,3,3,3,3,2,5,3,3,4,4,4,381394,0,1
DEMO5K-1579,23,2,1,1,3,1,4,3,4,2,5,5,5,4,5,5,4,3,4,1,5,3,3,3,3,2,4,5,5,3,3,5,5,573559,0,1
DEMO5K-1580,33,2,2,2,3,3,4,3,2,3,3,2,5,5,5,3,4,5,5,1,4,5,5,5,5,4,5,4,4,5,3,3,3,544189,0,1
DEMO5K-1581,28,1,2,2,3,2,2,3,1,4,3,4,4,2,2,4,2,4,4,1,3,2,2,3,3,1,1,2,3,1,2,1,1,341878,0,1
DEMO5K-1582,34,2,3,5,3,2,5,3,3,3,4,2,3,3,2,1,2,1,2,1,1,1,4,2,2,2,4,2,3,2,2,5,1,60684,1,1
DEMO5K-1583,27,2,1,5,3,3,3,1,4,4,3,4,2,1,1,1,2,2,1,1,3,3,4,3,3,4,3,1,1,4,4,1,1,427052,0,1
DEMO5K-1584,29,1,1,1,4,3,2,1,5,1,1,1,2,2,4,1,3,2,3,1,2,1,3,1,3,3,1,1,1,1,1,2,1,416897,0,1
DEMO5K-1585,20,1,1,1,2,3,3,4,2,4,5,4,3,3,4,2,2,2,4,1,2,1,1,3,3,2,2,1,3,2,3,3,2,692919,0,1
DEMO5K-1586,21,1,3,3,2,2,5,5,1,5,4,4,4,4,5,5,4,3,4,1,4,4,4,4,3,4,4,4,2,3,4,3,2,387865,0,1
DEMO5K-1587,19,1,1,4,4,2,5,4,1,5,4,5,5,5,5,4,3,5,4,1,4,3,4,3,3,3,3,5,4,4,4,4,4,429500,0,1
DEMO5K-1588,22,2,1,5,1,3,2,2,4,1,1,1,2,2,2,2,1,1,1,1,2,3,2,2,1,2,5,2,2,3,3,3,4,437859,0,1
DEMO5K-1589,25,2,2,3,2,2,4,5,2,4,5,5,4,4,4,1,5,3,5,1,3,5,5,5,5,5,2,5,3,3,3,4,3,322542,0,1
DEMO5K-1590,33,1,3,2,4,3,4,4,4,3,3,3,5,4,5,5,5,5,5,1,5,4,5,3,2,3,5,3,4,2,4,3,5,472013,0,1
DEMO5K-1591,20,1,2,3,1,2,3,5,2,4,3,3,3,4,4,5,4,3,5,1,2,3,1,1,1,2,3,5,4,5,5,4,3,607490,0,1
DEMO5K-1592,20,2,2,2,2,4,2,1,5,1,2,3,3,2,2,1,2,2,4,1,2,3,3,2,2,2,1,1,2,3,2,1,2,343655,0,1
DEMO5K-1593,19,2,1,2,4,2,3,5,3,5,4,5,5,3,5,4,5,5,5,1,4,4,3,4,3,5,1,3,3,3,3,3,4,534585,0,1
DEMO5K-1594,25,2,3,5,3,1,5,4,3,4,3,3,3,4,4,4,3,3,3,1,4,2,2,3,4,3,5,5,5,5,4,5,4,438850,0,1
DEMO5K-1595,22,1,1,1,1,2,1,3,4,3,4,4,5,3,1,3,3,3,2,1,4,3,3,1,3,3,1,3,3,2,4,2,3,643034,0,1
DEMO5K-1596,32,2,1,4,3,4,3,1,3,1,2,2,3,3,2,5,4,5,2,1,2,3,3,2,4,2,2,5,2,2,1,2,2,551714,0,1
DEMO5K-1597,35,1,2,3,3,3,1,4,3,2,1,3,1,2,1,1,1,1,2,2,4,2,2,2,3,1,2,3,3,3,2,2,4,557991,0,0
DEMO5K-1598,34,2,2,2,3,4,3,2,2,4,4,3,4,4,3,5,2,5,5,1,3,1,4,3,2,2,3,3,3,2,4,2,3,555478,0,1
DEMO5K-1599,29,2,2,2,3,2,5,5,1,4,5,5,4,4,2,3,3,3,3,1,3,4,5,4,4,2,3,4,4,3,3,4,3,693573,0,1
DEMO5K-1600,19,1,3,3,2,4,4,4,3,4,2,3,5,3,3,4,2,3,3,1,4,3,3,3,4,3,1,2,1,1,1,4,2,434882,0,1
DEMO5K-1601,34,1,1,2,2,4,1,1,2,3,3,2,4,3,2,3,2,2,3,1,1,2,3,1,1,2,4,3,4,2,3,3,5,454608,0,1
DEMO5K-1602,22,2,2,1,4,2,4,3,2,5,3,5,4,4,5,5,5,4,5,1,4,5,4,3,3,4,3,2,4,2,3,1,2,308441,0,1
DEMO5K-1603,25,1,1,1,3,5,2,3,3,1,3,2,3,4,4,1,4,2,3,1,3,3,2,2,3,2,1,3,3,1,2,3,3,312078,0,1
DEMO5K-1604,31,2,3,5,1,2,3,3,2,2,3,2,4,2,3,4,4,3,2,1,3,2,2,2,2,2,2,1,5,3,1,3,2,647961,0,1
DEMO5K-1605,20,2,3,4,3,4,1,1,5,1,1,3,2,2,2,3,3,2,2,1,2,2,1,3,1,2,1,1,2,3,2,1,1,422218,0,1
DEMO5K-1606,24,2,3,4,3,2,3,1,4,1,4,2,4,4,5,5,4,5,4,1,4,3,2,5,3,3,4,4,3,4,5,3,4,550043,0,1
DEMO5K-1607,30,1,2,5,1,4,4,3,4,3,3,3,1,1,2,2,2,2,2,1,2,2,4,4,3,4,2,4,4,3,4,5,2,553333,0,1
DEMO5K-1608,22,1,2,5,2,2,3,4,3,3,3,4,4,4,4,3,5,5,5,1,5,5,5,4,5,5,4,5,4,3,4,4,5,372975,0,1
DEMO5K-1609,32,1,2,1,2,2,5,5,2,5,4,5,4,4,4,5,4,3,2,1,2,3,2,3,3,3,3,4,5,5,3,4,4,588248,0,1
DEMO5K-1610,27,2,3,1,4,1,4,3,2,4,3,3,3,3,4,2,3,1,3,1,4,3,4,3,4,4,3,4,4,3,4,3,3,613605,0,1
DEMO5K-1611,22,1,1,4,3,4,5,5,1,3,2,3,2,5,5,5,3,5,3,1,4,3,3,2,3,2,4,4,4,2,4,5,5,626171,0,1
DEMO5K-1612,31,2,3,1,2,3,4,3,1,4,5,4,4,3,4,4,5,5,3,1,3,3,3,4,3,3,5,3,3,4,4,3,4,622066,0,1
DEMO5K-1613,17,1,2,5,2,2,4,3,3,3,2,4,3,4,3,4,4,4,3,1,2,4,3,2,1,3,2,3,3,3,4,3,4,443267,0,1
DEMO5K-1614,28,2,2,2,1,4,3,1,4,2,3,2,3,3,2,2,1,1,2,1,4,5,4,3,4,4,3,1,1,1,1,1,1,676168,0,1
DEMO5K-1615,22,1,2,3,3,3,1,1,4,1,1,1,2,3,1,2,2,2,2,1,2,3,4,2,2,2,4,2,3,3,3,3,3,373072,0,1
DEMO5K-1616,26,1,1,1,3,2,4,4,3,3,3,4,3,4,1,2,3,3,1,1,3,2,4,3,4,2,2,3,1,5,1,3,3,548773,0,1
DEMO5K-1617,31,2,2,3,2,4,2,1,3,3,3,2,3,4,1,3,4,1,3,1,2,2,4,3,3,3,4,3,3,3,2,4,2,657348,0,1
DEMO5K-1618,21,2,2,5,2,3,4,3,3,3,2,4,4,4,3,4,2,2,4,1,2,3,2,2,2,3,4,3,4,4,5,5,4,682162,0,1
DEMO5K-1619,31,2,3,2,3,2,1,5,3,3,4,2,1,2,1,1,2,3,4,1,1,2,2,1,1,3,4,4,3,4,4,4,4,546834,0,1
DEMO5K-1620,29,1,3,2,2,4,2,3,4,4,2,2,3,4,3,1,4,4,2,1,2,2,1,3,2,3,2,3,2,3,1,1,2,63979,1,1
DEMO5K-1621,21,2,3,2,3,4,2,4,3,2,2,2,4,3,4,3,2,5,5,1,2,1,2,3,4,2,1,4,2,3,5,3,4,403455,0,1
DEMO5K-1622,24,1,3,3,4,5,1,1,4,1,1,2,1,2,1,2,1,2,1,1,1,2,2,1,2,3,3,3,2,1,2,2,1,354924,0,1
DEMO5K-1623,28,1,3,2,3,3,2,5,3,4,5,3,5,4,1,5,3,2,4,1,3,5,5,5,5,5,5,4,5,5,4,4,2,568622,0,1
DEMO5K-1624,32,2,2,3,3,2,4,3,2,3,3,5,4,5,2,3,4,3,4,1,1,3,2,3,1,2,5,3,4,4,3,4,3,619334,0,1
DEMO5K-1625,18,2,1,3,4,2,3,4,4,3,3,4,2,3,3,2,4,5,4,1,3,3,2,5,2,4,2,2,3,2,3,2,2,486605,0,1
DEMO5K-1626,29,2,3,5,4,1,3,4,3,3,2,4,1,1,2,3,2,3,2,1,5,3,2,3,4,1,5,3,2,3,5,4,5,638535,0,1
DEMO5K-1627,25,2,2,1,1,3,2,4,4,3,4,2,3,3,3,3,3,3,2,2,3,4,4,2,4,3,2,2,1,3,4,4,3,565809,0,0
DEMO5K-1628,28,2,1,5,3,2,2,4,1,2,2,2,2,2,3,1,3,2,2,1,2,3,3,4,1,4,4,4,3,4,3,3,3,395457,0,1
DEMO5K-1629,23,1,1,3,3,4,4,4,2,5,5,5,3,4,5,3,4,5,4,1,5,5,5,5,3,5,4,5,5,5,4,5,5,503394,0,1
DEMO5K-1630,20,2,2,1,2,2,5,4,1,5,4,5,3,4,3,1,3,2,3,1,2,4,4,2,4,3,4,3,3,2,4,3,4,453818,0,1
DEMO5K-1631,26,2,2,5,3,1,2,4,3,3,3,4,4,4,4,3,3,5,3,1,1,3,3,3,3,2,3,4,5,4,4,3,5,590092,0,1
DEMO5K-1632,24,1,2,1,4,2,4,3,3,3,4,3,3,4,3,3,3,2,2,1,1,3,1,2,1,2,1,1,1,2,1,1,1,395220,0,1
DEMO5K-1633,32,1,2,4,3,1,4,5,2,5,5,3,5,4,5,5,3,3,5,1,3,5,5,4,3,3,5,5,5,5,5,5,5,325975,0,1
DEMO5K-1634,27,1,2,5,2,1,4,5,2,3,4,2,2,2,4,3,3,3,2,1,5,2,3,4,3,1,4,4,2,4,5,4,3,697814,0,1
DEMO5K-1635,28,2,1,4,1,1,4,4,3,4,5,3,4,4,5,3,4,4,3,1,3,4,3,2,3,2,4,3,4,4,2,3,4,662112,0,1
DEMO5K-1636,18,2,1,3,3,4,2,1,4,3,2,1,3,3,3,2,2,3,4,1,2,2,2,3,5,4,5,4,3,4,5,3,4,447517,0,1
DEMO5K-1637,31,1,3,3,2,3,3,2,4,2,2,1,3,2,4,2,4,4,4,1,1,3,4,2,3,4,5,3,4,1,4,4,4,394725,0,1
DEMO5K-1638,34,2,2,3,3,2,5,3,3,5,3,3,5,1,2,3,3,2,1,1,2,4,4,5,4,4,2,2,3,2,2,2,1,356763,0,1
DEMO5K-1639,35,1,3,1,3,1,4,3,3,4,4,2,2,2,3,4,2,2,2,1,1,1,3,1,1,1,2,2,1,2,1,2,2,483776,0,1
DEMO5K-1640,18,1,2,3,3,2,3,3,4,3,4,5,4,3,2,1,4,3,3,1,3,5,3,4,5,3,2,3,2,3,3,3,3,429143,0,1
DEMO5K-1641,28,2,2,2,3,2,4,3,2,4,3,4,5,5,3,4,4,3,5,1,3,5,4,2,3,4,4,3,2,3,5,3,4,607232,0,1
DEMO5K-1642,24,2,2,4,2,5,3,2,3,3,3,2,3,1,4,3,4,3,5,1,4,5,4,3,3,3,4,3,4,3,4,4,4,487773,0,1
DEMO5K-1643,28,1,1,4,4,4,5,2,3,3,2,3,4,3,5,4,5,5,4,1,1,2,2,3,3,2,4,2,3,3,2,4,4,318608,0,1
DEMO5K-1644,19,1,3,4,4,3,3,3,4,3,2,2,1,1,1,1,3,3,3,1,2,1,1,1,1,2,3,2,1,3,2,3,3,473887,0,1
DEMO5K-1645,22,2,3,2,3,3,3,3,1,4,4,2,4,3,3,5,4,3,4,1,4,3,3,2,3,3,2,2,3,3,4,3,3,407334,0,1
DEMO5K-1646,21,2,3,3,3,3,3,4,1,3,3,4,4,4,5,2,5,4,4,1,3,3,2,4,4,4,5,3,5,3,3,3,4,529119,0,1
DEMO5K-1647,34,1,3,3,3,2,4,4,2,2,1,4,3,2,2,1,1,2,2,1,2,4,4,3,5,2,3,3,2,2,3,4,1,394749,0,1
DEMO5K-1648,18,2,1,1,2,2,4,5,3,4,5,3,3,4,2,4,3,4,2,1,4,4,3,3,1,5,3,1,2,3,2,4,2,443520,0,1
DEMO5K-1649,22,2,1,4,2,2,4,2,3,3,5,2,4,2,2,3,2,3,2,1,1,3,2,2,4,3,4,1,4,2,4,3,3,525368,0,1
DEMO5K-1650,31,1,2,4,3,4,4,4,1,4,5,4,2,4,2,3,4,4,2,1,4,5,2,4,4,3,4,3,4,2,4,2,3,545564,0,1
DEMO5K-1651,17,2,2,4,1,2,3,2,5,3,4,3,3,2,3,1,1,2,4,1,3,4,4,2,4,5,1,3,2,1,1,3,2,340325,0,1
DEMO5K-1652,20,1,2,2,3,3,3,5,3,2,4,4,1,2,2,2,3,3,2,1,2,4,1,2,3,2,2,3,3,4,3,1,4,411835,0,1
DEMO5K-1653,19,1,1,1,3,2,5,4,3,3,3,3,4,3,4,3,3,4,2,1,3,4,4,3,4,4,2,2,1,2,2,2,3,574818,0,1
DEMO5K-1654,23,2,2,4,3,5,3,1,4,2,2,1,1,2,3,4,4,2,3,1,3,3,3,2,3,5,4,2,4,3,3,4,5,460347,0,1
DEMO5K-1655,27,1,2,3,3,3,3,2,3,3,3,5,2,4,4,4,4,5,3,1,2,5,4,2,4,3,4,4,3,4,4,4,3,377775,0,1
DEMO5K-1656,30,2,1,4,3,3,3,1,3,4,2,3,4,2,1,4,4,2,3,1,3,2,3,2,1,2,5,4,4,4,3,4,5,396317,0,1
DEMO5K-1657,31,2,2,3,4,3,2,3,4,3,2,3,2,3,4,3,3,3,4,1,4,2,3,2,3,1,4,1,2,3,3,4,4,379238,0,1
DEMO5K-1658,35,2,2,4,2,2,3,2,5,3,5,4,3,4,3,3,2,3,1,1,2,3,2,1,3,3,2,4,3,3,4,5,3,557709,0,1
DEMO5K-1659,31,2,1,1,2,4,2,1,5,3,4,3,3,3,2,3,3,4,3,1,5,2,1,1,3,3,4,2,4,4,3,4,3,396129,0,1
DEMO5K-1660,26,1,1,5,4,2,4,4,2,5,2,5,4,4,2,4,3,4,3,1,2,3,4,3,5,4,5,3,2,3,3,3,3,492215,0,1
DEMO5K-1661,24,2,2,4,4,2,5,4,1,4,4,4,4,3,4,5,3,5,3,1,5,4,3,4,3,5,2,3,3,2,2,4,3,675420,0,1
DEMO5K-1662,18,2,1,2,1,1,5,5,1,5,5,5,5,4,4,2,3,2,3,1,4,5,5,5,5,4,5,5,5,5,5,3,2,695464,0,1
DEMO5K-1663,33,1,1,5,3,3,3,3,3,2,3,2,2,2,1,3,2,1,2,1,2,3,3,2,4,3,1,2,3,2,2,2,3,624958,0,1
DEMO5K-1664,24,1,2,4,3,4,4,3,1,4,5,4,4,5,3,3,5,1,5,1,3,4,5,3,4,4,1,3,5,1,2,2,2,350492,0,1
DEMO5K-1665,30,1,2,1,4,3,1,3,5,2,2,2,1,3,2,3,3,3,3,1,3,3,3,3,3,3,1,3,3,2,2,2,2,500761,0,1
DEMO5K-1666,34,1,1,5,3,4,3,3,2,3,4,3,2,2,3,2,2,1,2,1,5,4,5,4,2,4,5,4,5,3,5,3,3,651978,0,1
DEMO5K-1667,21,2,2,4,4,4,1,1,5,2,2,2,2,2,1,2,4,3,3,1,2,3,2,2,5,4,2,1,3,2,3,1,2,512384,0,1
DEMO5K-1668,33,2,3,3,2,3,3,4,4,1,2,3,3,3,2,2,4,3,4,1,5,4,4,4,3,4,3,3,3,4,4,3,2,427304,0,1
DEMO5K-1669,26,1,2,4,4,5,2,4,2,5,3,2,4,3,3,4,3,2,4,1,3,3,1,2,3,2,3,4,4,4,3,3,3,83641,1,1
DEMO5K-1670,32,2,3,1,2,3,2,4,3,3,3,3,4,3,2,2,4,4,4,1,3,1,1,1,3,3,4,5,5,3,4,5,4,514288,0,1
DEMO5K-1671,24,1,1,4,4,3,4,5,1,5,3,5,3,5,4,4,5,5,5,1,3,3,5,4,4,4,5,5,5,5,4,5,5,504214,0,1
DEMO5K-1672,20,1,2,4,2,3,2,3,3,1,1,2,1,1,2,2,3,3,2,1,3,2,3,3,4,2,1,3,2,1,2,3,1,534532,0,1
DEMO5K-1673,18,2,3,5,4,3,2,3,3,2,4,2,3,3,4,3,3,3,2,1,3,3,2,2,1,3,2,2,2,3,2,2,2,386171,0,1
DEMO5K-1674,21,1,3,1,3,5,2,2,3,1,1,1,1,3,2,2,1,2,4,1,1,2,2,1,2,3,5,5,4,4,1,4,1,83979,1,1
DEMO5K-1675,21,1,2,1,3,2,4,4,2,3,4,3,4,4,2,4,4,5,5,1,5,5,3,4,4,4,4,5,5,5,5,5,4,62808,1,1
DEMO5K-1676,27,1,2,4,3,2,4,3,3,5,5,5,3,2,3,1,3,1,3,1,3,3,2,3,5,4,3,4,3,1,3,3,2,679640,0,1
DEMO5K-1677,34,2,3,1,4,4,3,5,3,3,3,1,3,3,2,3,3,4,4,1,4,4,3,3,2,3,3,3,3,4,4,3,3,84293,1,1
DEMO5K-1678,32,1,1,2,2,3,4,5,3,5,3,4,4,4,3,4,3,3,5,1,3,3,4,4,4,3,4,4,5,4,4,4,3,561592,0,1
DEMO5K-1679,32,1,2,5,3,3,2,2,4,1,2,3,1,2,4,2,4,2,4,1,2,2,4,3,3,3,2,2,3,1,2,1,1,472667,0,1
DEMO5K-1680,26,2,3,3,1,3,3,3,5,1,2,4,5,4,4,3,4,3,2,1,4,2,2,5,3,5,4,4,3,4,4,3,3,373357,0,1
DEMO5K-1681,35,2,2,4,4,5,2,2,3,5,3,3,2,4,3,3,2,3,2,1,3,1,1,1,3,1,3,3,4,2,4,1,2,336133,0,1
DEMO5K-1682,32,1,2,4,3,1,5,5,1,3,5,5,5,4,3,5,5,4,5,1,2,2,2,2,2,1,4,4,3,2,1,2,1,49072,1,1
DEMO5K-1683,19,1,2,2,3,3,3,5,2,3,4,3,2,4,4,3,1,3,5,1,4,4,4,3,5,5,3,3,4,3,4,3,4,609277,0,1
DEMO5K-1684,32,2,2,3,3,3,4,5,2,4,3,3,2,3,3,2,3,2,3,1,3,3,3,3,3,2,3,4,3,1,3,2,2,364256,0,1
DEMO5K-1685,21,1,3,1,2,3,1,2,5,1,2,2,2,1,3,1,1,2,3,1,3,2,2,3,1,3,5,4,3,4,1,3,3,685996,0,1
DEMO5K-1686,17,2,2,3,3,4,3,4,3,3,5,3,3,2,3,4,3,2,3,1,5,4,3,4,3,4,4,4,3,2,3,3,4,369523,0,1
DEMO5K-1687,24,2,1,1,4,3,3,4,1,5,5,5,4,3,4,4,4,5,3,1,3,3,4,2,3,4,4,4,4,4,5,2,2,352609,0,1
DEMO5K-1688,28,2,2,3,4,3,2,4,3,4,4,3,2,4,3,3,5,3,2,1,5,2,3,3,2,3,2,3,2,2,3,2,2,693411,0,1
DEMO5K-1689,30,2,1,5,4,4,4,4,3,4,3,3,1,3,1,1,3,2,3,1,3,2,2,4,2,1,3,2,3,1,2,1,1,63070,1,1
DEMO5K-1690,35,1,2,1,2,3,4,4,2,3,3,5,4,5,3,3,4,5,4,1,3,5,3,5,4,4,3,4,4,2,4,3,3,531734,0,1
DEMO5K-1691,19,2,2,5,4,2,2,3,4,3,4,3,2,4,1,2,2,3,1,1,3,3,1,2,1,1,1,3,2,1,2,1,1,336141,0,1
DEMO5K-1692,32,1,3,4,1,4,2,5,2,2,2,2,1,1,2,1,2,2,1,1,3,4,3,3,3,3,3,3,1,3,4,2,2,493905,0,1
DEMO5K-1693,35,2,2,1,2,3,1,4,2,2,3,5,4,4,3,3,4,3,3,3,1,3,2,3,2,3,4,4,4,2,4,3,4,601679,0,0
DEMO5K-1694,21,2,3,4,3,4,2,2,4,2,3,3,2,2,3,2,3,2,1,1,4,4,3,3,3,2,4,2,3,3,3,2,2,677275,0,1
DEMO5K-1695,29,1,2,2,1,2,5,3,2,3,2,3,3,1,3,3,3,4,2,1,5,5,5,3,4,3,4,1,3,3,4,4,3,434749,0,1
DEMO5K-1696,23,1,2,3,2,4,2,2,4,4,1,3,2,3,4,4,3,1,4,1,4,5,4,3,5,2,3,3,2,3,2,2,1,619773,0,1
DEMO5K-1697,27,2,2,2,2,4,2,3,3,3,2,4,3,3,3,2,2,1,2,1,1,3,1,2,4,3,2,2,3,5,4,1,3,663752,0,1
DEMO5K-1698,34,1,1,1,4,3,4,3,4,2,2,3,2,3,3,3,3,3,3,1,3,2,2,3,3,3,2,3,2,1,1,3,1,63981,1,1
DEMO5K-1699,24,1,2,4,4,3,3,4,5,2,3,3,3,3,3,3,1,4,3,1,3,3,4,3,4,4,2,3,3,4,3,3,4,664164,0,1
DEMO5K-1700,33,1,3,5,2,4,2,4,2,1,4,5,2,3,5,3,3,3,3,1,4,2,2,3,1,1,2,2,3,4,3,2,2,54112,1,1
DEMO5K-1701,32,2,2,4,4,5,3,2,4,2,1,2,4,3,5,2,1,3,4,1,4,4,4,4,2,4,4,4,3,3,4,3,4,494894,0,1
DEMO5K-1702,21,2,2,3,3,4,2,1,5,2,1,4,3,2,3,3,3,2,3,1,1,3,1,2,2,1,2,3,4,1,2,3,3,566218,0,1
DEMO5K-1703,35,2,3,4,3,1,4,4,2,4,3,5,3,5,3,5,2,4,4,1,4,4,4,3,2,3,5,3,2,4,2,3,3,527792,0,1
DEMO5K-1704,33,2,1,1,3,2,4,4,3,4,3,4,1,1,3,2,2,3,3,1,3,1,3,4,4,3,5,3,2,2,4,2,3,579527,0,1
DEMO5K-1705,24,2,2,1,2,5,2,1,5,1,1,1,4,5,3,5,5,4,4,1,1,2,2,2,2,1,3,2,4,3,4,1,1,334721,0,1
DEMO5K-1706,22,2,1,4,3,2,3,2,1,4,3,3,4,5,3,4,4,3,4,1,3,1,1,2,1,2,4,5,4,5,5,4,5,650804,0,1
DEMO5K-1707,24,2,1,3,2,4,1,2,4,3,2,2,3,3,4,4,4,1,5,1,1,1,1,1,1,1,5,3,4,4,4,2,5,397145,0,1
DEMO5K-1708,29,2,2,1,3,3,5,4,1,3,4,3,3,4,3,4,3,4,4,1,4,5,4,3,4,3,3,4,3,4,5,3,4,669894,0,1
DEMO5K-1709,26,1,3,1,3,2,3,1,3,3,3,3,3,2,1,1,2,1,1,1,1,3,1,1,1,1,2,1,2,2,2,1,4,521183,0,1
DEMO5K-1710,32,2,3,1,2,3,4,4,3,2,2,4,4,5,5,3,4,3,3,1,4,3,4,4,3,3,1,2,3,2,2,2,1,312108,0,1
DEMO5K-1711,27,2,2,1,2,2,2,2,3,3,3,2,1,3,3,2,3,2,2,1,3,4,2,4,3,2,2,2,3,2,4,2,3,634089,0,1
DEMO5K-1712,24,2,3,3,2,3,4,2,3,2,1,3,3,1,2,1,2,3,2,1,2,4,4,4,4,5,1,2,3,2,1,1,2,590626,0,1
DEMO5K-1713,35,2,1,3,3,5,1,1,4,2,2,3,3,2,2,3,2,2,2,1,1,4,3,2,2,4,3,4,2,2,3,3,4,643875,0,1
DEMO5K-1714,35,2,3,1,3,5,4,4,2,4,3,2,3,4,3,3,3,4,4,1,1,3,4,2,3,4,5,5,4,3,5,4,4,329165,0,1
DEMO5K-1715,25,2,1,4,1,4,4,3,4,3,2,4,3,1,4,1,4,2,3,1,4,5,3,2,3,4,3,3,4,2,3,1,4,406479,0,1
DEMO5K-1716,23,2,3,5,3,2,3,3,3,2,4,3,4,3,5,5,3,5,5,1,5,4,4,4,4,5,4,5,4,3,2,3,4,365768,0,1
DEMO5K-1717,23,2,2,1,2,1,5,5,1,5,5,5,3,4,3,5,2,3,4,1,3,5,3,4,4,2,1,3,4,5,3,3,3,642962,0,1
DEMO5K-1718,32,2,3,5,3,2,4,3,2,4,5,3,4,4,3,5,3,4,4,1,4,3,4,4,2,5,2,2,3,3,2,2,3,669989,0,1
DEMO5K-1719,23,1,1,4,3,3,2,2,3,4,1,2,4,4,4,4,3,5,5,1,5,5,3,4,3,3,2,3,3,2,3,3,4,475889,0,1
DEMO5K-1720,25,1,2,5,3,3,4,4,3,5,4,3,3,4,2,3,2,4,3,1,2,3,3,3,2,3,4,2,3,5,1,2,3,670099,0,1
DEMO5K-1721,27,1,2,5,3,5,5,4,3,5,2,2,4,4,3,4,3,2,4,1,3,4,3,3,4,2,5,4,3,4,5,5,4,697264,0,1
DEMO5K-1722,25,2,2,3,1,5,2,3,5,3,1,1,2,3,4,4,5,4,2,3,1,3,3,3,3,3,3,3,4,3,3,4,3,658292,0,0
DEMO5K-1723,23,2,1,2,3,4,2,1,3,3,4,4,1,2,1,3,2,3,3,1,3,1,1,2,1,2,1,3,4,1,1,3,3,660817,0,1
DEMO5K-1724,18,2,3,1,2,5,3,2,4,2,3,1,2,4,2,3,1,3,2,1,2,4,3,3,3,2,2,3,3,3,5,4,5,484260,0,1
DEMO5K-1725,33,1,2,3,3,5,2,2,4,2,2,1,2,3,1,4,3,3,3,1,3,1,4,1,2,2,2,1,3,1,1,1,1,582175,0,1
DEMO5K-1726,17,2,2,5,2,4,3,3,1,3,3,4,4,3,4,3,4,3,3,1,5,3,4,4,2,4,2,3,4,4,4,3,3,468635,0,1
DEMO5K-1727,30,1,3,2,3,2,1,3,5,2,3,3,3,3,3,1,1,1,1,1,2,1,1,2,1,1,1,1,2,1,2,1,1,631289,0,1
DEMO5K-1728,28,2,1,4,2,5,1,1,4,1,3,4,3,2,2,2,1,3,3,1,2,4,5,3,3,3,4,1,3,4,3,3,4,552595,0,1
DEMO5K-1729,24,2,3,3,4,4,2,2,4,3,1,2,4,4,3,3,1,4,3,1,2,3,2,2,2,3,4,2,3,2,2,4,3,469829,0,1
DEMO5K-1730,29,1,3,5,3,4,1,2,5,3,2,2,3,3,5,4,3,3,3,1,5,5,3,4,5,4,3,1,3,2,2,3,3,51563,1,1
DEMO5K-1731,35,2,3,2,1,3,1,2,4,2,1,2,3,3,3,3,3,4,2,1,2,2,1,2,2,2,5,4,3,2,3,3,2,624879,0,1
DEMO5K-1732,25,1,2,4,4,4,4,4,3,4,3,3,3,2,4,3,3,5,4,1,2,3,4,4,5,2,2,3,3,3,2,5,3,540881,0,1
DEMO5K-1733,23,1,1,5,2,3,3,4,3,3,2,2,3,2,4,4,4,4,2,1,3,3,1,4,3,3,1,2,1,2,1,2,1,622880,0,1
DEMO5K-1734,27,1,2,2,2,1,3,4,3,4,4,5,2,1,2,3,3,3,1,1,2,4,3,4,1,3,2,5,4,4,5,5,4,406889,0,1
DEMO5K-1735,22,1,3,2,3,3,3,3,1,3,3,2,4,2,4,3,5,4,3,1,3,1,2,2,3,5,3,4,3,1,4,3,5,409376,0,1
DEMO5K-1736,24,2,3,5,3,2,4,4,3,2,4,3,1,3,4,1,3,1,2,1,3,5,4,3,3,3,1,3,2,2,3,1,4,459015,0,1
DEMO5K-1737,18,2,3,3,2,4,2,2,4,3,4,3,3,2,4,2,2,2,3,1,3,1,1,2,3,1,3,3,3,2,3,2,4,651867,0,1
DEMO5K-1738,22,2,1,4,1,3,2,3,3,2,3,2,3,3,2,2,2,2,2,1,3,3,5,2,1,3,4,5,3,4,1,5,4,463177,0,1
DEMO5K-1739,24,2,2,4,3,4,3,4,5,3,2,1,3,3,2,1,2,3,3,1,4,2,4,1,4,3,3,3,4,2,2,2,3,369221,0,1
DEMO5K-1740,20,2,1,1,4,2,5,5,1,5,5,5,5,5,5,3,5,4,5,1,3,4,5,4,3,2,5,3,4,4,3,4,4,593004,0,1
DEMO5K-1741,17,1,3,5,3,3,2,5,4,3,3,4,4,2,5,2,4,3,3,1,5,5,5,5,5,4,3,5,4,3,2,5,4,537838,0,1
DEMO5K-1742,35,2,2,1,4,2,5,4,1,5,4,4,5,4,5,5,4,5,5,1,2,5,5,5,5,4,5,4,5,4,5,4,4,557956,0,1
DEMO5K-1743,21,2,2,2,2,4,1,2,4,1,1,2,5,4,2,4,5,4,4,1,1,3,1,2,2,1,2,3,1,2,1,1,2,387494,0,1
DEMO5K-1744,19,1,3,2,3,3,2,5,3,3,4,5,5,3,5,5,5,5,5,1,4,3,3,3,4,4,3,4,4,3,2,2,1,504666,0,1
DEMO5K-1745,25,2,3,4,1,3,1,1,3,1,1,2,2,2,2,3,1,2,3,1,2,1,2,1,1,2,3,1,3,1,1,3,2,657043,0,1
DEMO5K-1746,25,2,3,4,3,2,4,4,3,2,5,3,3,4,1,2,3,2,3,1,3,4,4,2,3,4,5,5,4,3,4,3,4,65182,1,1
DEMO5K-1747,30,2,3,4,3,1,5,5,1,5,4,4,4,5,3,3,4,3,4,1,5,4,3,3,2,3,3,3,2,4,2,5,3,338108,0,1
DEMO5K-1748,23,2,3,1,4,3,2,1,1,3,2,2,2,4,4,2,2,2,3,1,3,3,3,4,4,3,3,2,1,5,3,3,3,473098,0,1
DEMO5K-1749,35,2,2,2,3,2,5,2,4,3,2,2,5,4,4,5,4,5,4,1,5,5,4,5,4,3,4,4,2,3,3,4,3,425747,0,1
DEMO5K-1750,34,2,3,5,3,2,3,2,4,3,1,4,2,2,2,3,4,5,4,1,4,5,3,3,4,3,2,4,4,4,3,5,4,423604,0,1
DEMO5K-1751,22,2,1,3,3,3,2,2,5,3,2,3,1,4,3,4,3,3,4,1,4,3,3,2,4,4,4,5,2,4,4,3,4,582431,0,1
DEMO5K-1752,24,2,3,5,2,5,2,3,3,2,3,3,5,3,5,4,5,2,3,1,4,2,2,4,2,3,4,4,4,5,4,4,4,647945,0,1
DEMO5K-1753,35,2,2,5,2,3,2,1,5,3,2,2,3,2,2,2,1,3,1,1,3,3,2,4,1,3,3,3,3,1,2,2,3,309653,0,1
DEMO5K-1754,20,1,2,5,3,4,2,3,4,4,3,2,3,2,2,1,3,2,2,1,2,3,3,4,3,1,3,3,2,1,3,2,3,549994,0,1
DEMO5K-1755,33,1,3,2,1,4,2,3,4,1,4,3,5,3,4,4,4,3,2,1,4,2,3,3,2,4,2,2,4,2,1,2,2,336700,0,1
DEMO5K-1756,30,1,2,5,1,3,1,2,4,3,1,4,3,3,3,3,2,4,3,1,2,1,1,1,1,2,4,4,2,2,3,2,3,455340,0,1
DEMO5K-1757,18,2,1,5,2,4,1,1,5,1,1,3,3,2,4,1,1,2,2,1,3,2,3,2,3,3,2,2,3,3,3,3,3,609853,0,1
DEMO5K-1758,28,2,3,1,2,1,4,5,3,5,3,4,3,4,4,3,4,5,4,1,4,4,4,3,4,5,3,4,4,4,4,5,4,653471,0,1
DEMO5K-1759,17,1,3,3,3,4,3,4,3,4,4,4,5,5,5,4,5,5,4,1,4,4,4,4,4,5,5,5,4,4,4,5,5,536001,0,1
DEMO5K-1760,24,1,3,2,3,2,3,3,4,3,3,5,2,2,2,2,3,1,2,1,3,3,3,4,3,4,3,3,3,4,4,3,2,601777,0,1
DEMO5K-1761,34,1,1,5,3,5,2,3,5,1,2,1,5,4,4,4,4,4,4,1,3,3,4,3,4,4,1,3,3,2,2,3,3,52915,1,1
DEMO5K-1762,34,2,2,2,3,3,3,3,1,3,5,5,4,5,5,5,4,5,5,1,5,5,5,4,4,5,5,4,3,4,4,4,4,422244,0,1
DEMO5K-1763,31,2,2,3,4,5,1,3,4,2,4,3,1,1,1,1,1,1,2,1,1,3,1,3,1,2,4,3,5,3,3,3,5,323772,0,1
DEMO5K-1764,21,2,3,3,2,3,3,3,4,3,1,4,3,5,4,3,3,3,3,1,5,3,3,3,1,3,3,4,3,2,2,3,5,389862,0,1
DEMO5K-1765,20,1,3,3,3,5,2,2,1,3,5,3,3,3,4,3,4,2,3,1,1,2,2,1,3,3,1,2,1,1,3,1,3,497524,0,1
DEMO5K-1766,21,1,2,4,1,2,4,3,3,3,2,2,4,4,4,3,4,3,4,1,1,4,3,3,2,4,4,4,4,3,3,4,2,373628,0,1
DEMO5K-1767,31,1,3,4,1,4,4,1,2,4,3,3,3,2,3,2,2,3,1,1,2,3,2,3,1,3,3,1,5,3,3,2,3,508354,0,1
DEMO5K-1768,18,1,2,5,2,2,3,4,3,3,4,4,4,4,3,5,4,2,5,1,5,4,5,5,5,4,5,4,5,5,5,5,4,436702,0,1
DEMO5K-1769,25,2,3,4,2,3,4,2,3,4,4,4,2,4,3,1,3,4,2,1,2,2,1,1,2,3,3,2,2,4,3,4,3,416899,0,1
DEMO5K-1770,28,1,3,4,3,3,3,2,1,3,3,2,4,4,4,4,4,4,4,1,5,5,5,3,5,5,4,4,3,3,4,4,5,683231,0,1
DEMO5K-1771,18,2,3,4,4,3,1,2,2,3,2,2,4,4,3,3,5,5,4,1,2,3,3,3,1,2,2,3,5,4,5,4,3,71440,1,1
DEMO5K-1772,19,2,3,5,1,3,4,3,3,1,4,2,3,2,2,2,2,2,2,1,3,3,4,3,3,3,2,5,5,4,3,3,5,349382,0,1
DEMO5K-1773,32,1,3,4,4,3,5,5,1,4,4,5,4,4,3,5,3,3,3,1,4,4,3,3,3,4,5,5,5,5,5,5,4,699810,0,1
DEMO5K-1774,19,2,1,3,3,1,3,3,1,5,5,3,1,3,3,4,4,2,4,1,3,3,5,3,4,5,3,4,3,2,1,5,4,563690,0,1
DEMO5K-1775,18,2,3,2,1,2,4,4,3,2,3,4,1,3,3,3,3,3,1,1,2,2,3,2,2,2,5,3,3,3,2,3,4,688057,0,1
DEMO5K-1776,29,2,3,1,3,1,1,1,5,2,2,3,5,5,5,3,5,5,4,1,4,3,2,3,3,4,3,2,4,4,1,4,3,579156,0,1
DEMO5K-1777,30,1,1,2,3,4,3,2,4,2,2,2,3,1,1,3,3,3,2,1,3,3,4,2,4,4,4,3,3,3,2,3,3,651181,0,1
DEMO5K-1778,29,2,2,5,4,4,3,4,3,3,3,2,4,3,3,3,3,4,5,1,3,3,3,2,3,2,2,3,3,3,3,2,1,329241,0,1
DEMO5K-1779,17,1,2,1,2,1,4,3,4,5,4,4,4,1,5,4,3,5,2,1,3,3,3,2,1,2,3,2,2,2,2,2,3,516604,0,1
DEMO5K-1780,24,2,3,2,1,4,3,3,5,2,2,3,1,3,2,2,3,1,3,1,3,1,2,2,2,2,3,2,4,3,3,3,3,338055,0,1
DEMO5K-1781,17,2,3,4,4,3,4,5,2,4,3,3,4,5,4,3,5,4,5,1,5,4,3,3,2,4,5,5,3,3,5,4,5,510298,0,1
DEMO5K-1782,31,2,2,3,1,3,3,3,2,3,2,4,2,3,2,1,3,3,2,1,3,3,3,3,2,2,4,3,3,3,3,3,3,66104,1,1
DEMO5K-1783,25,2,3,4,2,3,3,3,4,2,4,3,3,3,1,3,2,3,4,1,4,4,5,4,4,4,3,5,4,4,5,3,4,635631,0,1
DEMO5K-1784,28,2,2,2,4,3,5,4,3,4,2,3,4,4,4,3,4,2,3,1,4,4,3,2,2,1,4,2,4,3,4,2,4,536651,0,1
DEMO5K-1785,35,2,2,3,2,2,2,2,3,1,1,3,2,4,2,2,2,4,3,1,2,2,2,3,3,1,1,2,3,2,1,1,2,461620,0,1
DEMO5K-1786,22,1,3,1,4,2,3,3,4,4,4,3,4,4,3,4,3,2,2,1,2,4,4,2,3,3,4,3,4,3,3,3,5,699737,0,1
DEMO5K-1787,30,1,2,1,1,3,3,4,1,5,4,5,3,3,2,2,1,3,2,1,5,4,4,4,3,2,1,2,3,3,3,4,4,414339,0,1
DEMO5K-1788,28,1,1,4,3,2,3,2,4,2,2,3,4,2,2,2,3,2,1,1,1,1,1,3,1,3,2,4,4,4,3,4,4,423668,0,1
DEMO5K-1789,24,2,1,1,4,4,2,3,3,2,3,3,1,3,3,3,2,3,2,2,1,1,1,1,3,2,1,2,3,2,2,3,1,649492,0,0
DEMO5K-1790,28,2,2,1,2,3,2,4,2,3,3,2,3,3,3,3,5,2,3,1,4,3,3,3,3,2,2,2,3,2,3,1,2,422325,0,1
DEMO5K-1791,23,1,2,2,1,1,3,3,2,2,3,4,3,3,3,3,3,3,4,1,5,3,2,3,4,4,2,3,2,4,4,3,3,640021,0,1
DEMO5K-1792,32,1,2,1,3,4,3,2,4,2,2,2,4,2,4,2,2,4,2,1,4,4,1,4,4,1,2,3,4,4,2,4,3,685110,0,1
DEMO5K-1793,27,2,3,2,3,2,5,5,1,5,5,4,3,3,4,4,3,5,4,1,4,4,5,5,4,4,3,5,4,4,4,5,3,548549,0,1
DEMO5K-1794,27,1,1,1,3,2,3,4,3,5,3,3,3,2,4,5,5,4,5,3,2,2,3,4,3,2,3,4,3,4,4,4,4,699757,0,0
DEMO5K-1795,30,2,3,1,3,2,4,4,2,3,5,5,5,5,5,5,5,5,5,1,5,5,5,5,5,5,3,4,3,3,3,4,2,466237,0,1
DEMO5K-1796,18,2,3,5,3,4,3,2,3,3,3,3,4,4,3,3,3,4,3,1,3,4,4,4,3,5,4,4,4,4,5,4,4,344715,0,1
DEMO5K-1797,18,1,3,3,3,1,5,5,2,5,5,5,5,3,5,4,4,3,5,1,3,2,2,5,4,3,2,3,4,2,3,3,3,438091,0,1
DEMO5K-1798,30,2,2,2,4,1,5,5,1,5,5,5,4,4,5,5,4,5,4,1,3,4,5,4,2,4,4,3,4,5,3,4,3,394704,0,1
DEMO5K-1799,21,2,3,2,1,5,1,1,4,1,2,1,1,1,2,1,3,1,3,1,2,2,1,1,2,2,1,1,2,1,1,1,1,660241,0,1
DEMO5K-1800,25,2,2,3,2,2,3,5,2,4,5,4,4,2,1,1,1,2,1,1,4,5,4,5,3,5,2,4,4,3,4,4,2,386583,0,1
DEMO5K-1801,23,2,3,4,2,3,4,3,3,4,3,5,3,4,4,5,2,2,3,1,5,5,5,5,5,4,3,5,4,4,3,4,4,366236,0,1
DEMO5K-1802,30,1,2,4,1,2,3,3,3,1,4,4,2,4,4,5,3,5,4,1,2,2,4,2,4,3,3,3,3,3,4,4,2,599086,0,1
DEMO5K-1803,34,2,1,5,4,2,2,2,3,4,2,4,3,4,3,3,2,1,1,1,2,3,4,3,2,2,3,3,3,5,1,2,3,697988,0,1
DEMO5K-1804,24,2,1,2,2,2,4,3,2,4,3,3,2,3,3,3,3,3,2,1,3,3,3,2,1,1,4,5,4,3,5,4,5,616665,0,1
DEMO5K-1805,31,2,2,5,4,2,3,1,3,2,4,4,3,2,3,2,2,4,2,2,3,2,2,2,2,2,2,1,3,2,2,3,1,410680,0,0
DEMO5K-1806,25,2,1,1,4,4,2,3,3,2,3,3,4,4,3,2,2,3,3,1,5,4,5,3,5,4,3,3,5,2,4,4,4,498669,0,1
DEMO5K-1807,21,2,2,2,2,3,2,2,4,3,2,2,2,4,4,3,5,4,2,1,4,3,5,5,4,3,5,5,4,3,2,3,4,590718,0,1
DEMO5K-1808,32,1,3,4,4,3,3,2,5,2,2,3,4,4,4,3,4,3,2,1,3,4,4,2,3,2,4,4,5,5,3,4,3,491208,0,1
DEMO5K-1809,26,2,1,5,2,1,3,3,1,5,3,2,3,5,4,2,3,5,4,1,3,2,4,4,4,3,2,2,3,3,3,2,1,440082,0,1
DEMO5K-1810,20,2,1,1,4,2,4,3,4,4,4,4,1,4,5,3,3,3,4,1,2,4,3,4,4,2,2,3,5,5,3,4,2,570294,0,1
DEMO5K-1811,32,1,1,3,4,3,3,1,4,3,3,4,5,3,5,5,4,3,5,1,4,5,3,4,5,5,4,5,5,5,4,5,4,432261,0,1
DEMO5K-1812,30,2,1,4,1,1,5,3,1,5,3,3,5,4,4,3,3,3,3,1,5,4,4,4,4,4,3,4,4,5,2,4,3,407286,0,1
DEMO5K-1813,26,2,2,2,3,2,1,2,2,3,4,3,3,5,5,3,4,3,4,1,4,4,5,5,4,3,5,3,1,3,4,4,4,505116,0,1
DEMO5K-1814,22,1,2,5,3,3,3,3,4,4,3,2,2,4,4,1,3,2,1,1,3,4,4,3,3,3,1,3,2,2,2,4,3,574702,0,1
DEMO5K-1815,30,1,3,3,3,3,4,4,3,3,4,3,2,2,4,5,4,5,3,1,3,3,4,3,3,4,2,3,2,3,4,3,3,461755,0,1
DEMO5K-1816,33,2,2,2,4,3,4,2,4,3,4,3,4,4,4,4,5,4,3,1,5,5,5,5,4,5,4,1,4,3,3,2,5,479342,0,1
DEMO5K-1817,24,1,2,3,4,2,4,3,2,4,3,5,4,5,3,4,5,4,4,1,4,5,5,3,4,3,2,2,3,3,3,4,3,412163,0,1
DEMO5K-1818,35,2,1,4,2,4,1,3,5,1,4,3,3,1,2,3,1,2,2,1,2,2,4,2,3,3,4,3,3,3,3,2,3,597413,0,1
DEMO5K-1819,27,2,3,1,3,4,2,3,4,2,2,3,2,2,4,3,4,3,2,1,1,2,3,1,2,3,1,3,3,3,1,3,2,636688,0,1
DEMO5K-1820,34,1,2,3,3,3,1,2,4,4,1,2,4,3,2,2,2,2,3,1,3,3,2,3,2,2,1,1,1,1,2,1,1,682126,0,1
DEMO5K-1821,32,2,2,5,1,2,3,2,3,3,2,3,3,3,4,4,3,3,2,1,4,3,3,4,4,5,2,5,3,4,4,3,5,417438,0,1
DEMO5K-1822,23,1,2,4,1,3,2,3,5,3,3,4,4,4,2,3,1,3,2,1,3,3,3,3,3,4,4,3,2,2,1,2,2,416610,0,1
DEMO5K-1823,21,1,1,2,3,1,4,3,4,4,2,3,4,2,2,3,3,4,5,1,4,3,3,3,3,2,4,3,4,2,3,4,4,409212,0,1
DEMO5K-1824,35,2,3,1,3,3,1,3,4,1,3,5,2,4,4,5,4,5,3,1,4,4,3,5,5,3,3,4,3,4,3,5,3,505979,0,1
DEMO5K-1825,20,1,2,5,2,4,3,2,3,3,2,4,3,2,2,1,3,3,2,1,4,2,2,3,2,1,3,5,3,4,5,5,2,549371,0,1
DEMO5K-1826,18,1,1,5,4,5,1,1,5,1,1,2,1,1,1,2,2,1,1,1,1,3,2,2,2,1,1,2,1,3,2,1,4,305518,0,1
DEMO5K-1827,33,2,1,5,3,2,2,2,4,4,3,4,4,4,4,3,2,4,4,1,4,2,1,2,3,4,4,3,2,3,5,3,3,324272,0,1
DEMO5K-1828,19,1,1,2,3,4,3,3,4,1,4,2,4,3,3,5,3,2,4,5,3,3,3,3,3,5,2,1,2,3,3,3,4,494335,0,0
DEMO5K-1829,18,1,2,1,2,2,4,3,4,4,2,4,3,1,3,1,2,2,4,1,5,4,5,2,4,3,3,4,2,3,4,4,2,473029,0,1
DEMO5K-1830,24,2,2,5,4,2,4,4,4,2,2,2,2,3,3,3,4,3,2,1,2,2,2,2,1,3,2,2,1,1,1,3,2,653503,0,1
DEMO5K-1831,30,2,1,2,3,5,1,1,4,2,2,1,4,3,4,4,2,3,2,1,3,3,2,3,3,2,1,2,1,1,3,1,1,602420,0,1
DEMO5K-1832,34,2,1,3,1,3,3,5,1,4,3,3,2,3,2,2,3,2,3,1,1,3,2,3,1,4,4,3,4,3,4,4,3,324259,0,1
DEMO5K-1833,28,1,3,1,3,4,2,4,4,4,1,3,5,3,3,4,3,5,2,1,5,5,5,5,4,4,4,4,2,4,5,4,5,76470,1,1
DEMO5K-1834,35,1,3,3,2,5,1,1,4,2,1,2,2,3,2,2,2,4,1,1,2,3,4,4,2,2,2,3,2,3,4,1,4,492686,0,1
DEMO5K-1835,30,1,1,4,3,5,1,1,5,1,1,2,2,2,2,2,4,2,3,1,4,1,3,2,2,1,1,3,2,1,1,2,3,359574,0,1
DEMO5K-1836,18,2,1,3,3,2,5,4,1,5,5,4,5,4,5,5,5,5,4,1,5,3,5,5,4,5,5,4,3,5,5,3,4,331557,0,1
DEMO5K-1837,29,2,3,2,3,5,4,4,3,3,3,3,4,3,4,4,3,5,5,1,2,5,3,4,2,5,2,3,4,4,3,3,2,649404,0,1
DEMO5K-1838,28,2,2,2,4,3,5,4,3,5,3,5,2,4,5,4,3,3,4,1,4,4,5,2,3,4,1,2,1,1,5,3,2,654866,0,1
DEMO5K-1839,31,2,3,1,1,5,3,2,3,3,4,2,4,4,4,4,5,5,4,1,3,4,3,4,3,2,4,4,2,4,3,2,3,72690,1,1
DEMO5K-1840,25,2,2,4,3,4,2,3,4,1,2,2,1,3,4,4,2,3,1,1,3,2,1,2,2,2,3,2,4,2,3,2,3,460197,0,1
DEMO5K-1841,20,2,3,2,3,3,5,3,3,2,3,4,3,4,4,4,1,4,3,1,2,3,3,3,3,5,5,4,4,3,4,4,3,510291,0,1
DEMO5K-1842,33,1,3,5,3,3,4,5,1,2,3,3,1,2,1,2,1,2,1,1,4,2,2,2,1,1,1,2,2,3,3,2,2,472429,0,1
DEMO5K-1843,23,1,1,4,2,3,3,3,4,3,3,4,3,5,3,4,1,5,3,1,5,4,3,4,3,4,3,2,1,4,3,4,2,374707,0,1
DEMO5K-1844,29,2,2,3,3,1,5,3,1,4,3,5,5,5,4,5,4,5,5,1,4,5,5,5,5,3,5,4,4,5,5,4,4,664097,0,1
DEMO5K-1845,21,2,3,4,4,2,5,5,3,3,4,4,3,5,2,5,3,4,5,1,2,4,4,3,2,4,4,1,3,5,3,5,2,361494,0,1
DEMO5K-1846,17,2,3,1,3,3,4,3,2,2,2,3,1,2,2,3,1,2,1,3,2,2,3,3,3,3,1,3,3,2,3,3,3,602439,0,0
DEMO5K-1847,19,2,1,1,3,3,1,3,5,2,3,2,5,4,5,5,5,4,4,1,2,4,4,2,3,1,3,3,5,2,4,3,5,367334,0,1
DEMO5K-1848,30,2,2,3,2,4,2,4,2,4,4,3,5,4,4,4,5,3,4,1,3,3,4,5,3,2,2,1,3,1,2,2,2,641411,0,1
DEMO5K-1849,33,2,2,2,4,1,4,3,4,4,4,5,4,4,5,4,4,4,5,1,3,2,1,4,3,4,3,4,2,5,3,5,5,510281,0,1
DEMO5K-1850,22,2,3,2,3,5,4,5,3,3,1,4,2,3,3,4,1,3,2,1,2,2,1,1,3,1,5,3,2,5,3,5,4,82136,1,1
DEMO5K-1851,19,2,3,3,4,2,1,3,3,3,3,3,3,1,4,2,3,2,2,1,4,4,4,3,2,3,3,3,2,2,1,2,3,488104,0,1
DEMO5K-1852,25,1,3,1,4,3,2,4,5,2,3,2,2,2,2,3,1,1,1,1,4,2,4,2,3,3,4,2,2,4,1,3,3,561738,0,1
DEMO5K-1853,22,2,3,5,3,3,2,2,2,2,3,4,3,2,3,3,3,1,2,1,3,1,3,4,2,1,2,3,3,3,4,3,1,425903,0,1
DEMO5K-1854,29,2,3,5,4,1,5,4,1,5,4,5,4,3,3,3,4,5,5,1,5,4,2,5,3,5,3,2,3,3,3,2,3,625653,0,1
DEMO5K-1855,28,1,1,3,2,2,5,4,2,2,5,3,4,5,5,5,5,5,5,1,5,5,3,5,5,5,4,3,4,4,2,4,4,405300,0,1
DEMO5K-1856,18,2,3,2,3,5,4,2,5,5,3,2,1,4,2,2,1,4,3,1,3,1,1,3,2,4,1,1,2,2,1,1,3,311842,0,1
DEMO5K-1857,19,1,2,1,1,2,3,4,4,2,4,3,3,4,5,4,3,3,5,1,5,4,3,5,5,5,5,2,4,3,3,5,4,493995,0,1
DEMO5K-1858,24,2,2,3,3,3,2,2,4,1,1,3,3,3,2,1,1,3,4,1,2,1,1,2,1,2,3,1,1,1,2,2,1,592541,0,1
DEMO5K-1859,35,1,2,2,3,2,4,4,1,4,4,5,4,4,2,3,4,2,3,1,3,3,3,2,3,1,3,4,5,3,4,3,5,571164,0,1
DEMO5K-1860,17,2,3,4,2,3,2,3,4,2,1,3,4,2,4,3,4,3,3,1,3,5,2,2,5,4,5,4,4,4,5,3,5,465654,0,1
DEMO5K-1861,18,2,2,2,4,5,2,3,4,2,1,1,2,2,3,1,4,2,2,1,5,5,3,3,4,5,3,3,3,3,4,3,3,626219,0,1
DEMO5K-1862,26,2,3,1,4,2,4,4,2,3,3,3,2,2,2,1,2,1,1,1,2,3,3,1,2,2,3,3,3,4,4,2,4,657444,0,1
DEMO5K-1863,17,2,2,2,4,5,2,4,3,3,3,4,3,4,4,4,4,3,5,1,4,3,3,3,4,5,5,5,5,5,5,3,5,415639,0,1
DEMO5K-1864,19,1,2,5,2,4,3,1,5,3,3,1,2,4,3,4,3,3,3,1,3,3,3,3,3,1,4,2,3,4,4,2,4,463635,0,1
DEMO5K-1865,29,1,2,5,3,5,3,3,4,1,2,3,2,1,1,3,2,2,2,1,5,3,2,3,4,4,1,3,2,2,2,1,2,410679,0,1
DEMO5K-1866,29,1,2,3,2,2,4,4,3,3,5,3,3,1,2,4,2,2,1,1,2,3,4,3,5,2,4,2,2,5,3,4,3,348744,0,1
DEMO5K-1867,21,2,1,1,2,4,1,3,4,3,2,2,4,3,3,3,2,3,3,1,3,2,4,3,4,2,3,3,2,3,2,3,1,687699,0,1
DEMO5K-1868,23,2,2,3,4,3,5,5,3,3,5,4,3,5,3,5,3,5,5,1,3,5,3,3,4,3,5,4,4,5,5,5,4,561927,0,1
DEMO5K-1869,17,1,1,1,2,2,4,4,2,3,3,3,3,4,3,4,4,1,3,1,3,3,4,2,3,4,4,4,3,4,5,5,5,351626,0,1
DEMO5K-1870,27,1,2,2,1,2,3,4,1,4,5,3,3,3,3,1,1,2,2,1,3,2,3,4,3,5,1,2,1,1,3,3,3,621569,0,1
DEMO5K-1871,23,2,3,3,3,3,4,3,3,3,1,3,2,3,2,2,3,2,1,4,3,5,3,5,4,2,2,1,2,2,1,2,1,404265,0,0
DEMO5K-1872,19,2,2,5,2,1,4,5,1,5,3,4,1,3,3,1,4,3,4,1,2,5,4,5,3,5,2,4,2,2,2,4,4,696089,0,1
DEMO5K-1873,33,1,2,5,2,3,3,4,2,4,4,4,2,3,3,3,3,1,3,1,5,4,4,5,5,5,2,3,5,3,2,4,2,76756,1,1
DEMO5K-1874,28,1,2,5,2,4,4,3,4,4,4,5,2,3,1,3,3,3,2,1,1,1,3,3,2,3,2,3,4,3,3,2,4,685116,0,1
DEMO5K-1875,19,2,3,2,1,5,1,1,3,1,2,2,5,3,3,4,3,3,3,1,2,3,2,2,1,2,3,3,3,2,3,2,4,503582,0,1
DEMO5K-1876,24,1,3,2,3,4,2,2,3,1,1,1,4,3,3,4,3,5,3,1,3,4,2,3,3,2,1,2,2,1,1,2,1,406157,0,1
DEMO5K-1877,21,2,3,2,4,3,3,3,3,3,4,5,2,1,2,3,3,3,3,1,1,1,2,2,2,1,3,2,2,1,2,1,1,558553,0,1
DEMO5K-1878,28,2,3,1,4,4,4,4,2,4,3,3,4,4,3,3,3,4,3,1,3,3,5,2,5,4,4,3,3,4,3,3,2,383744,0,1
DEMO5K-1879,17,2,2,5,3,4,3,4,1,5,3,3,2,3,2,1,2,3,3,1,3,2,2,2,2,4,2,2,2,3,2,3,4,319496,0,1
DEMO5K-1880,31,1,2,3,4,5,2,1,5,1,2,1,1,1,1,1,1,2,1,1,2,2,3,2,2,1,1,2,1,1,1,1,1,525954,0,1
DEMO5K-1881,25,2,1,2,2,5,2,1,5,1,1,2,4,2,1,3,3,3,3,1,2,3,3,3,2,2,1,2,1,1,1,1,1,438950,0,1
DEMO5K-1882,23,1,3,5,2,5,1,2,3,2,2,1,2,1,3,2,2,2,2,1,3,2,3,2,3,3,2,3,2,2,2,3,3,504941,0,1
DEMO5K-1883,17,2,2,3,4,3,2,3,5,5,1,4,1,3,2,3,2,3,2,1,3,2,2,3,4,3,3,3,2,1,2,3,2,483729,0,1
DEMO5K-1884,24,2,3,4,1,3,3,2,2,2,4,2,2,2,2,2,4,1,2,1,3,3,3,4,2,3,2,2,2,3,2,2,3,506599,0,1
DEMO5K-1885,32,1,3,3,4,2,2,3,2,4,4,5,4,4,4,3,5,5,1,1,3,5,3,2,4,2,2,3,4,2,3,3,1,587055,0,1
DEMO5K-1886,23,1,2,2,2,1,4,4,2,4,3,5,3,4,3,4,3,4,4,1,3,5,2,5,2,3,2,4,3,5,3,5,1,323563,0,1
DEMO5K-1887,32,1,3,2,2,5,1,1,5,2,1,2,4,2,2,3,3,3,3,1,2,3,1,4,2,2,2,3,1,1,3,3,2,524367,0,1
DEMO5K-1888,19,1,3,1,4,2,4,4,3,4,5,5,4,3,2,2,1,2,2,1,3,5,4,4,3,4,4,3,4,3,4,2,3,668192,0,1
DEMO5K-1889,23,2,1,2,1,2,2,2,5,2,4,3,3,4,3,4,4,3,3,1,3,2,1,1,1,1,5,4,3,5,5,3,3,537796,0,1
DEMO5K-1890,17,1,2,3,2,3,4,4,3,4,3,3,3,4,1,3,3,3,1,1,3,2,3,2,4,2,3,2,3,4,4,2,3,364852,0,1
DEMO5K-1891,33,2,2,2,1,3,3,3,3,3,5,4,3,3,2,5,4,3,4,1,5,2,5,5,5,4,5,4,4,3,2,4,3,343904,0,1
DEMO5K-1892,28,2,3,3,3,4,4,3,2,2,2,3,3,4,3,2,5,5,3,1,4,3,3,4,5,4,3,3,5,3,2,3,3,401223,0,1
DEMO5K-1893,20,2,3,3,3,3,3,3,4,2,2,3,3,2,1,4,3,3,2,1,3,3,3,3,3,3,1,2,1,1,2,2,1,401358,0,1
DEMO5K-1894,35,1,2,1,3,3,5,5,3,5,4,4,3,3,3,3,2,3,3,1,3,5,3,2,5,2,3,3,2,2,3,3,1,524650,0,1
DEMO5K-1895,34,1,2,3,3,4,3,3,4,1,4,1,2,4,2,3,2,2,4,1,3,2,2,3,4,2,4,2,4,4,4,4,4,455219,0,1
DEMO5K-1896,21,2,3,1,4,2,4,3,2,4,4,2,3,3,3,3,3,3,2,1,4,3,3,3,3,2,3,4,4,3,2,2,3,57180,1,1
DEMO5K-1897,28,1,2,5,3,4,1,2,3,3,1,2,3,2,2,1,2,2,2,1,1,1,1,1,1,1,3,1,2,2,3,2,1,618504,0,1
DEMO5K-1898,19,1,2,2,3,3,2,1,4,2,4,2,3,3,3,2,2,2,2,1,2,2,2,1,1,2,3,3,2,2,3,3,3,434868,0,1
DEMO5K-1899,23,1,3,3,3,4,3,3,4,3,2,2,4,3,5,4,4,3,4,1,2,1,2,1,1,2,2,1,2,1,1,1,2,314457,0,1
DEMO5K-1900,17,2,1,5,3,3,2,2,5,3,3,3,3,4,3,4,3,5,3,1,2,4,2,1,4,2,3,3,1,2,1,1,4,359476,0,1
DEMO5K-1901,35,2,3,5,2,4,3,3,3,4,2,3,2,2,1,3,2,1,3,1,1,2,3,2,2,3,2,4,3,2,2,3,2,664619,0,1
DEMO5K-1902,28,2,2,5,3,3,3,4,3,3,4,4,3,4,4,3,3,3,3,1,2,2,3,3,2,4,5,2,4,5,4,5,5,461114,0,1
DEMO5K-1903,29,1,3,5,1,4,2,2,5,2,2,3,1,3,2,3,3,1,1,1,3,3,3,4,3,3,2,2,4,1,2,2,3,413257,0,1
DEMO5K-1904,23,2,3,2,2,2,3,1,3,4,5,4,4,3,4,4,4,5,5,1,5,3,3,3,3,4,3,4,3,5,4,3,5,577407,0,1
DEMO5K-1905,18,2,2,4,4,1,3,3,2,2,2,2,2,5,3,2,3,3,2,1,3,3,3,3,5,5,4,4,4,5,4,3,3,668324,0,1
DEMO5K-1906,28,1,2,5,2,2,4,4,4,3,3,3,4,3,4,2,3,3,3,1,3,2,3,2,4,4,5,3,3,3,5,2,3,408611,0,1
DEMO5K-1907,18,2,2,5,4,2,5,3,1,4,4,3,4,5,4,4,4,4,4,4,5,5,4,4,5,5,2,5,4,4,4,3,2,489461,0,0
DEMO5K-1908,31,2,3,3,2,5,3,3,3,3,2,4,3,1,2,2,2,2,2,1,4,3,4,3,3,3,3,1,2,3,3,3,3,555013,0,1
DEMO5K-1909,35,2,1,2,4,1,3,2,4,3,4,1,1,1,2,2,2,3,1,4,2,3,2,3,1,3,1,1,1,1,2,1,1,596485,0,0
DEMO5K-1910,28,1,3,4,4,3,4,2,5,3,3,3,5,5,3,3,5,3,3,1,1,2,1,3,1,1,2,3,2,2,3,1,1,471249,0,1
DEMO5K-1911,31,2,2,4,4,5,3,4,4,3,4,4,4,5,5,4,5,4,4,1,5,4,5,4,5,2,4,3,3,2,3,3,3,426042,0,1
DEMO5K-1912,25,1,3,4,3,5,2,1,2,2,3,2,4,3,3,4,3,3,4,1,3,2,1,3,2,2,1,1,2,2,3,3,2,367899,0,1
DEMO5K-1913,22,2,3,4,3,4,4,5,3,3,4,4,1,1,3,1,1,2,1,1,3,2,2,2,2,4,3,1,4,1,4,4,4,53181,1,1
DEMO5K-1914,23,1,2,5,4,3,1,2,3,2,2,2,3,2,4,4,2,4,2,1,4,3,3,3,3,3,1,1,1,3,1,2,2,308879,0,1
DEMO5K-1915,27,2,3,2,1,3,2,3,3,3,2,2,2,5,4,3,3,4,2,1,1,3,1,2,2,4,5,2,2,3,2,3,3,653526,0,1
DEMO5K-1916,22,2,2,3,2,3,3,1,4,2,2,3,4,4,5,3,3,3,5,1,3,3,3,2,3,1,3,2,3,4,5,4,4,627529,0,1
DEMO5K-1917,30,2,3,5,3,3,3,3,2,3,3,2,3,3,2,1,1,2,1,1,3,3,3,3,4,2,4,3,4,4,3,2,3,527070,0,1
DEMO5K-1918,21,2,3,4,4,3,4,3,2,4,4,4,3,1,3,3,3,3,3,1,4,3,4,3,5,3,3,4,3,3,3,4,3,333597,0,1
DEMO5K-1919,32,2,2,2,3,2,4,2,5,3,2,4,5,4,5,4,4,5,3,1,3,3,4,4,4,4,4,3,4,4,5,3,4,54631,1,1
DEMO5K-1920,34,1,2,5,3,3,1,3,3,2,4,3,2,3,1,2,2,2,1,1,1,1,1,1,2,2,2,3,1,1,2,1,2,438516,0,1
DEMO5K-1921,31,1,1,5,1,3,5,2,3,3,2,4,3,2,3,4,2,4,4,1,1,3,2,3,2,3,3,3,3,2,2,4,3,674557,0,1
DEMO5K-1922,27,1,2,2,3,3,3,2,3,2,4,3,5,4,5,5,5,5,5,1,3,4,3,4,4,5,3,3,4,3,4,4,4,329854,0,1
DEMO5K-1923,26,2,2,2,3,2,1,2,2,2,2,2,3,4,5,4,5,4,4,1,2,5,2,3,3,3,2,4,3,3,4,3,3,444407,0,1
DEMO5K-1924,26,1,3,5,3,3,4,3,3,4,3,2,3,2,3,2,4,5,3,1,3,3,4,2,2,2,2,3,4,3,2,2,2,606991,0,1
DEMO5K-1925,35,1,3,1,2,3,2,1,5,3,1,2,2,2,2,3,4,3,1,1,3,3,3,3,2,2,3,2,4,2,4,4,5,486204,0,1
DEMO5K-1926,24,2,2,4,2,3,3,1,3,4,3,3,1,3,3,2,1,3,4,1,5,3,3,4,5,3,3,2,2,1,2,2,3,301945,0,1
DEMO5K-1927,21,2,3,3,3,4,2,3,3,1,2,3,3,4,5,3,3,3,4,1,2,1,2,3,2,3,5,4,4,4,4,4,4,542486,0,1
DEMO5K-1928,24,2,1,5,3,3,4,3,3,4,4,3,4,2,4,3,2,4,2,1,2,4,3,4,4,1,4,3,2,4,4,3,4,585262,0,1
DEMO5K-1929,29,2,3,3,2,2,3,2,3,2,3,2,4,3,2,2,2,4,2,1,2,3,4,1,3,4,4,3,3,4,4,2,3,694501,0,1
DEMO5K-1930,34,1,3,5,2,4,1,2,4,3,1,1,4,4,3,1,3,2,3,1,4,2,2,1,3,3,3,5,2,3,2,3,3,572248,0,1
DEMO5K-1931,32,2,2,4,2,3,3,3,1,2,2,1,1,3,3,1,3,1,4,1,3,4,1,2,3,2,3,2,4,5,1,2,2,446524,0,1
DEMO5K-1932,19,2,3,4,3,2,2,1,3,5,2,4,3,3,2,3,1,3,2,1,3,4,1,4,4,2,3,3,3,4,4,2,3,570183,0,1
DEMO5K-1933,19,2,3,1,2,4,3,3,3,2,2,3,1,3,2,3,3,2,2,1,2,2,4,2,1,4,1,4,3,2,4,3,3,613113,0,1
DEMO5K-1934,30,2,3,5,2,3,2,3,3,2,4,3,2,2,3,3,1,2,3,1,2,4,3,2,3,2,2,4,4,3,3,4,5,595463,0,1
DEMO5K-1935,32,2,1,2,2,1,4,5,2,5,3,5,5,5,4,5,5,5,5,1,4,5,4,4,3,4,5,2,5,4,3,5,3,499528,0,1
DEMO5K-1936,18,2,3,5,3,4,1,2,3,3,3,3,5,3,4,4,3,4,5,1,4,4,4,3,5,4,4,2,2,3,5,2,3,509198,0,1
DEMO5K-1937,35,2,2,5,4,1,1,4,2,4,3,4,3,1,2,3,2,2,2,1,4,5,4,5,5,5,4,3,3,3,4,3,3,533745,0,1
DEMO5K-1938,27,2,2,1,1,3,4,3,4,3,3,4,4,4,4,3,3,3,4,1,3,4,3,5,5,3,2,3,3,3,4,3,3,397067,0,1
DEMO5K-1939,24,1,2,5,4,2,2,4,2,3,2,2,3,5,3,4,3,4,4,1,2,3,3,2,4,2,2,3,3,3,3,3,3,688201,0,1
DEMO5K-1940,23,1,2,2,3,4,2,2,4,2,1,3,2,2,2,3,4,2,2,1,3,1,3,2,4,2,4,3,2,5,2,3,4,639670,0,1
DEMO5K-1941,26,1,2,5,3,5,1,2,2,1,2,3,3,3,3,2,1,1,2,1,4,4,3,5,5,4,4,3,4,2,4,4,5,534151,0,1
DEMO5K-1942,33,1,3,3,2,3,4,5,2,3,4,5,5,5,5,5,4,5,5,1,4,3,4,5,4,5,3,2,3,4,3,4,3,337118,0,1
DEMO5K-1943,26,2,3,5,3,3,3,2,4,2,1,3,4,3,2,2,3,3,3,1,1,4,3,5,4,5,5,3,4,3,5,4,4,639094,0,1
DEMO5K-1944,32,2,2,5,3,5,3,3,3,3,2,2,4,4,2,4,3,4,3,1,3,2,3,3,1,2,2,4,3,3,2,2,2,521914,0,1
DEMO5K-1945,30,1,2,3,2,1,5,4,2,5,4,5,3,5,2,5,4,5,4,1,4,2,1,2,2,4,3,3,5,3,1,3,3,623579,0,1
DEMO5K-1946,23,1,3,5,3,2,4,4,3,3,3,4,3,4,2,3,3,4,1,1,2,3,3,3,3,3,2,4,3,2,2,4,2,638958,0,1
DEMO5K-1947,23,1,1,1,2,3,3,2,4,3,4,2,3,5,3,5,3,2,3,1,2,1,3,2,3,1,5,4,4,4,3,2,4,470719,0,1
DEMO5K-1948,21,1,3,3,3,1,3,5,3,4,5,4,4,5,4,3,2,4,4,1,5,5,1,5,4,3,4,4,4,5,4,4,4,69247,1,1
DEMO5K-1949,20,2,3,4,2,3,2,3,3,3,4,4,3,4,3,5,1,4,4,1,3,3,2,1,2,2,3,4,4,4,5,2,3,406518,0,1
DEMO5K-1950,18,1,1,2,4,3,1,1,4,3,2,2,5,2,3,3,3,3,3,1,3,4,2,1,3,2,2,2,3,2,3,2,2,643619,0,1
DEMO5K-1951,33,2,2,5,1,2,3,4,2,5,5,3,3,3,3,3,4,4,4,1,3,3,4,3,4,2,5,4,3,5,4,5,4,325918,0,1
DEMO5K-1952,25,2,1,3,4,4,2,2,4,2,3,3,2,3,2,3,2,5,2,1,3,1,3,3,3,2,4,4,4,2,5,2,4,338151,0,1
DEMO5K-1953,22,2,2,4,4,1,4,4,1,5,4,5,3,4,3,4,3,3,2,1,3,4,3,4,3,2,5,5,4,5,3,5,5,536003,0,1
DEMO5K-1954,25,1,2,3,4,4,1,5,3,4,4,2,3,2,4,3,3,4,4,2,2,5,4,3,5,3,2,2,2,4,1,2,3,381004,0,0
DEMO5K-1955,29,2,2,4,3,4,4,2,3,2,3,4,3,3,3,4,3,3,3,1,3,4,4,5,4,4,3,4,3,3,4,4,5,672749,0,1
DEMO5K-1956,21,2,3,2,2,4,5,1,5,1,4,3,3,1,3,4,1,3,2,1,2,3,2,3,2,4,1,2,1,1,2,1,1,562878,0,1
DEMO5K-1957,26,2,2,2,4,2,3,5,1,3,3,3,3,3,4,3,5,5,4,1,4,3,4,3,4,4,3,3,4,3,2,4,3,547768,0,1
DEMO5K-1958,34,1,2,1,4,2,2,2,3,2,4,2,1,4,4,3,3,3,4,1,1,2,1,3,3,1,4,5,3,5,5,3,2,584956,0,1
DEMO5K-1959,21,2,1,4,2,2,4,4,3,5,4,4,2,3,4,5,2,3,3,1,3,3,4,2,3,3,2,5,2,3,2,2,3,346048,0,1
DEMO5K-1960,29,1,2,5,2,2,3,4,3,4,4,3,3,1,4,3,2,3,2,1,3,5,3,3,3,3,2,2,3,3,3,1,4,534286,0,1
DEMO5K-1961,18,2,3,1,1,3,2,1,2,2,2,3,4,2,5,4,4,2,5,1,3,3,3,3,4,4,2,3,4,3,3,1,3,560665,0,1
DEMO5K-1962,24,1,1,4,3,3,4,2,2,4,5,3,3,2,2,3,2,3,4,1,3,3,3,4,4,2,3,3,5,1,3,3,3,493167,0,1
DEMO5K-1963,18,1,3,1,2,2,1,2,3,2,3,1,3,4,2,2,2,4,3,1,1,1,2,3,3,1,3,1,2,3,2,2,2,526040,0,1
DEMO5K-1964,32,1,3,1,3,2,4,4,3,3,2,2,4,4,4,4,2,5,3,1,5,4,4,5,5,5,4,3,5,1,4,5,3,334442,0,1
DEMO5K-1965,23,2,3,5,3,2,2,4,4,3,3,2,3,4,3,4,4,3,1,1,3,3,2,2,3,5,5,1,2,4,3,2,3,689265,0,1
DEMO5K-1966,19,1,2,1,4,3,2,3,2,2,4,3,4,3,5,3,3,5,4,1,4,4,2,3,3,3,3,2,5,4,5,5,3,530782,0,1
DEMO5K-1967,34,1,2,4,4,3,3,1,3,1,3,2,4,4,4,4,4,3,3,1,3,1,2,4,3,3,2,4,3,4,3,2,4,470941,0,1
DEMO5K-1968,24,1,1,1,4,4,3,5,4,3,5,3,3,4,3,4,5,3,3,1,3,3,3,4,2,5,4,4,5,3,3,3,2,387710,0,1
DEMO5K-1969,34,1,3,5,2,5,4,4,2,2,4,4,4,5,4,3,5,3,4,1,4,4,5,2,3,2,4,4,4,3,3,3,2,303241,0,1
DEMO5K-1970,29,1,2,2,4,5,3,1,2,2,2,2,4,3,5,3,3,4,4,1,4,3,5,3,3,3,3,2,5,3,2,3,4,583240,0,1
DEMO5K-1971,17,1,3,1,2,3,2,1,5,1,1,2,5,5,2,4,4,4,2,1,1,2,1,2,2,1,4,4,3,3,2,5,3,358226,0,1
DEMO5K-1972,28,2,2,2,2,3,1,2,3,1,2,3,3,1,5,3,2,2,3,2,2,3,4,4,3,5,5,4,5,3,5,4,3,689102,0,0
DEMO5K-1973,27,2,2,5,3,1,5,2,3,5,2,2,2,3,1,3,3,2,3,1,2,2,3,2,3,2,5,4,3,3,3,3,3,627927,0,1
DEMO5K-1974,17,2,2,3,2,4,2,1,3,2,3,2,1,2,2,2,2,1,1,1,1,1,2,2,2,1,1,4,3,2,2,3,1,697631,0,1
DEMO5K-1975,32,2,3,4,3,4,2,3,4,2,2,3,2,4,3,4,4,4,3,1,2,3,3,4,4,2,5,4,4,3,2,4,3,400047,0,1
DEMO5K-1976,21,1,2,4,2,4,4,3,1,4,4,5,5,4,4,2,2,3,2,1,2,3,2,1,1,3,4,4,4,4,3,3,3,459641,0,1
DEMO5K-1977,30,2,2,1,2,1,5,5,2,5,3,3,3,3,3,2,5,5,3,4,2,4,2,4,3,4,1,2,3,3,4,2,4,350717,0,0
DEMO5K-1978,32,2,1,5,3,4,3,4,3,3,4,3,2,2,4,2,3,2,2,1,4,2,3,3,4,2,1,3,2,3,3,4,4,346923,0,1
DEMO5K-1979,34,2,2,5,2,3,4,4,3,5,2,4,4,3,5,4,4,4,3,1,4,4,4,4,3,2,3,4,3,3,5,4,4,57640,1,1
DEMO5K-1980,18,2,2,2,2,4,3,3,1,3,2,2,1,2,1,3,4,2,4,1,2,2,3,2,2,3,2,3,2,3,2,2,2,586848,0,1
DEMO5K-1981,31,1,1,2,4,3,3,5,2,3,2,3,3,2,2,2,3,3,3,1,4,3,3,3,4,4,4,3,2,4,2,2,5,83213,1,1
DEMO5K-1982,33,1,2,3,2,4,2,3,4,2,2,1,1,1,2,1,1,2,3,1,1,1,1,1,1,2,2,1,1,1,2,1,1,585061,0,1
DEMO5K-1983,25,2,3,2,3,2,3,2,2,3,2,2,3,2,3,3,4,4,3,1,4,3,4,1,5,5,3,3,5,3,4,3,5,549233,0,1
DEMO5K-1984,26,1,3,1,1,2,4,3,2,3,3,2,4,4,2,4,4,4,4,1,1,2,3,2,2,2,5,3,3,5,5,3,5,645493,0,1
DEMO5K-1985,31,2,3,1,1,1,4,2,1,4,4,4,5,4,3,4,3,5,3,1,5,4,3,2,5,4,5,2,4,5,3,4,1,625799,0,1
DEMO5K-1986,34,1,3,4,2,4,2,3,2,2,2,1,4,3,3,3,4,4,3,1,4,2,2,3,4,2,2,1,2,2,2,2,3,631762,0,1
DEMO5K-1987,29,2,3,2,3,5,1,2,4,2,2,3,2,1,1,2,2,2,2,1,3,2,3,1,3,1,1,3,3,2,4,2,2,69059,1,1
DEMO5K-1988,26,1,2,3,1,2,2,1,2,4,3,3,4,5,4,4,5,5,5,1,4,3,5,5,3,3,4,3,4,3,5,4,3,693445,0,1
DEMO5K-1989,21,2,2,3,1,2,4,3,2,2,5,4,3,4,5,3,4,3,4,1,4,4,5,5,5,4,2,5,4,5,4,4,4,567651,0,1
DEMO5K-1990,33,1,3,4,4,4,2,2,4,3,2,2,1,1,1,1,3,1,1,1,3,2,5,3,5,3,3,2,1,1,2,2,2,618228,0,1
DEMO5K-1991,18,2,1,1,3,5,1,2,4,2,1,1,4,2,2,4,2,2,2,1,5,3,3,4,4,2,2,2,1,3,2,4,2,361862,0,1
DEMO5K-1992,18,2,1,3,3,4,1,1,5,2,1,2,2,1,2,2,2,3,1,1,2,2,4,2,2,2,2,2,3,3,2,5,3,82538,1,1
DEMO5K-1993,18,1,2,2,2,3,3,4,2,4,5,4,3,3,1,2,1,3,1,1,4,3,3,3,3,4,1,3,3,1,3,1,3,434601,0,1
DEMO5K-1994,29,1,2,1,3,5,5,4,2,5,2,3,2,4,3,2,2,2,3,1,4,5,2,3,3,1,2,4,3,3,4,3,2,412355,0,1
DEMO5K-1995,31,2,2,1,1,3,4,4,3,2,5,3,4,2,2,2,3,3,3,1,3,4,4,4,3,4,2,4,3,3,3,4,3,49948,1,1
DEMO5K-1996,28,2,2,3,2,2,4,4,2,3,3,5,2,5,4,4,4,4,4,1,5,3,4,4,4,4,4,5,5,3,4,5,4,450656,0,1
DEMO5K-1997,18,2,2,3,3,4,4,4,4,3,3,2,4,5,3,4,4,4,2,1,3,3,4,2,4,2,4,3,5,4,3,3,3,378424,0,1
DEMO5K-1998,34,1,3,2,3,2,3,3,3,2,3,2,4,2,2,3,2,2,4,1,4,3,3,3,3,3,3,2,3,2,2,3,3,652445,0,1
DEMO5K-1999,35,1,3,3,2,3,1,2,3,3,2,3,2,4,3,3,5,4,2,1,3,2,2,3,3,3,5,4,3,4,5,5,3,311601,0,1
DEMO5K-2000,24,1,3,5,2,4,3,2,4,3,1,1,2,3,3,2,4,2,2,1,2,2,2,3,3,2,2,3,1,1,2,3,3,651127,0,1
DEMO5K-2001,20,2,3,5,4,3,5,3,2,3,3,5,4,3,4,3,4,4,4,1,2,3,3,2,3,3,3,1,3,3,3,4,3,405723,0,1
DEMO5K-2002,24,2,2,4,1,5,3,1,3,1,2,3,5,5,3,4,3,4,4,1,4,3,2,2,2,5,3,4,2,4,3,3,3,342056,0,1
DEMO5K-2003,20,2,1,5,4,3,3,3,4,5,4,3,3,2,3,2,2,1,2,1,3,3,2,4,2,3,3,3,4,2,2,3,2,485393,0,1
DEMO5K-2004,35,2,3,2,4,3,2,1,3,2,2,3,3,3,2,3,3,3,3,1,2,3,3,2,4,3,4,2,4,1,1,2,2,636379,0,1
DEMO5K-2005,32,2,3,4,2,3,3,3,3,4,4,4,2,2,2,1,1,3,2,1,3,3,3,4,2,4,4,5,5,4,5,4,5,300259,0,1
DEMO5K-2006,20,2,1,1,1,1,5,5,1,5,5,5,3,5,4,5,5,5,4,1,4,3,3,5,5,5,5,5,5,5,5,5,5,355277,0,1
DEMO5K-2007,23,2,1,3,3,2,2,3,2,2,5,5,3,3,2,3,3,3,1,1,3,4,4,2,2,3,2,2,1,3,3,2,4,318313,0,1
DEMO5K-2008,24,1,2,4,3,3,3,3,1,4,3,2,2,3,2,3,3,2,2,1,1,1,1,3,1,2,2,2,2,1,2,4,2,619421,0,1
DEMO5K-2009,34,1,2,5,3,5,3,4,3,3,3,4,4,1,4,3,3,4,3,1,3,5,3,4,3,3,1,4,2,3,3,3,3,80353,1,1
DEMO5K-2010,34,2,2,3,4,3,2,1,5,2,1,2,4,4,5,3,5,5,2,1,3,3,2,3,3,4,4,5,5,3,4,4,4,432196,0,1
DEMO5K-2011,35,1,2,1,1,3,2,3,3,4,3,2,2,3,2,3,4,1,3,4,1,1,1,2,2,4,4,1,4,3,3,3,2,45796,1,0
DEMO5K-2012,23,2,2,3,3,2,2,3,3,3,2,1,5,3,4,2,3,4,2,1,4,4,5,4,4,3,3,4,4,2,5,4,4,446556,0,1
DEMO5K-2013,23,2,2,2,4,2,5,5,3,4,4,5,4,2,3,4,3,3,3,1,3,5,5,5,5,4,3,5,5,2,4,3,3,663254,0,1
DEMO5K-2014,32,1,3,5,4,2,4,3,2,5,4,3,3,2,3,2,3,3,2,1,3,3,4,3,4,4,2,3,4,3,2,3,4,497256,0,1
DEMO5K-2015,27,1,3,2,3,2,3,4,4,3,1,4,2,2,2,3,3,4,2,1,3,4,2,3,4,2,3,3,4,2,5,3,4,356513,0,1
DEMO5K-2016,26,1,2,1,2,1,5,2,1,3,4,1,2,2,4,1,1,1,4,1,5,2,4,2,2,1,3,4,2,4,3,4,2,368276,0,1
DEMO5K-2017,27,2,1,3,3,5,4,2,2,5,4,4,4,4,3,1,3,4,4,1,3,5,3,5,3,4,4,3,3,4,4,5,5,495785,0,1
DEMO5K-2018,27,1,1,5,1,4,3,1,4,2,2,2,2,2,3,1,2,1,2,1,1,1,3,1,2,2,2,3,1,1,1,1,1,439843,0,1
DEMO5K-2019,19,2,2,3,3,2,5,5,1,5,3,5,5,4,5,5,5,5,5,1,5,5,4,5,5,4,5,5,5,5,5,5,5,316669,0,1
DEMO5K-2020,29,2,3,5,3,3,3,3,5,4,2,3,5,4,5,4,4,5,2,1,4,4,3,4,2,4,3,4,1,2,3,1,3,342070,0,1
DEMO5K-2021,27,2,2,5,4,2,4,3,2,4,2,3,2,3,2,2,2,2,3,1,1,3,4,2,3,3,3,4,5,5,4,3,4,491616,0,1
DEMO5K-2022,18,2,3,3,2,4,2,3,3,3,3,2,4,4,3,3,2,4,4,1,3,2,4,1,2,2,3,3,2,4,3,4,4,327379,0,1
DEMO5K-2023,22,2,1,5,3,2,3,3,4,1,2,1,2,1,1,1,1,1,1,1,3,2,3,2,2,3,2,5,2,4,2,4,3,504709,0,1
DEMO5K-2024,27,1,1,3,4,1,4,4,2,5,5,4,1,3,3,4,1,2,3,1,2,2,2,3,4,2,3,3,5,3,5,2,3,434565,0,1
DEMO5K-2025,19,2,2,5,2,5,2,2,5,3,3,2,4,1,3,3,2,2,3,1,3,2,3,3,2,3,4,4,5,4,5,4,4,80538,1,1
DEMO5K-2026,26,1,3,1,2,3,1,2,3,3,2,2,2,1,4,3,3,3,2,1,3,3,2,3,3,3,3,3,3,4,5,3,4,77308,1,1
DEMO5K-2027,17,1,3,4,3,5,2,3,3,2,1,2,4,3,5,3,4,3,4,1,3,3,4,3,2,3,3,3,4,3,2,4,4,600295,0,1
DEMO5K-2028,24,1,1,3,4,3,2,2,1,3,4,2,5,3,4,5,1,4,2,1,3,2,2,3,3,2,5,4,4,4,5,5,4,542883,0,1
DEMO5K-2029,19,2,3,1,3,2,5,5,3,2,4,3,5,4,4,4,4,3,4,1,4,5,3,2,2,3,5,3,3,5,5,5,3,674595,0,1
DEMO5K-2030,19,1,3,5,4,1,5,5,2,5,3,3,5,5,4,5,3,5,5,1,4,3,2,4,3,3,3,3,4,4,3,3,4,490955,0,1
DEMO5K-2031,30,2,2,1,1,4,3,4,4,3,3,1,2,4,3,2,2,2,2,1,3,3,3,3,3,3,3,2,4,3,3,1,3,595830,0,1
DEMO5K-2032,21,2,3,1,3,3,3,2,3,5,3,2,3,4,2,1,3,1,2,1,1,1,1,1,1,1,3,3,2,1,4,3,4,369319,0,1
DEMO5K-2033,31,2,3,3,1,2,4,3,1,4,5,3,4,4,4,3,4,3,4,1,3,4,3,4,3,2,3,4,5,2,1,4,3,355661,0,1
DEMO5K-2034,24,2,3,1,3,4,2,3,2,2,1,3,2,4,3,2,2,1,2,1,4,2,2,4,2,4,3,4,3,3,2,2,4,553972,0,1
DEMO5K-2035,20,1,1,1,3,1,4,5,2,5,5,4,5,5,5,5,5,5,5,1,5,5,4,3,4,4,3,3,4,2,4,4,2,555312,0,1
DEMO5K-2036,19,1,3,5,2,4,3,3,2,2,3,2,4,3,3,3,4,4,4,1,3,3,2,4,4,4,2,2,2,2,2,3,3,371432,0,1
DEMO5K-2037,29,1,1,3,3,3,2,4,3,2,3,3,1,2,3,3,3,2,1,1,2,3,1,1,2,3,2,4,3,3,2,3,1,327519,0,1
DEMO5K-2038,19,1,3,3,2,1,5,5,2,5,5,5,4,4,4,4,3,3,5,1,3,5,5,5,5,4,4,3,5,5,2,2,5,81773,1,1
DEMO5K-2039,22,1,2,5,3,3,2,2,3,2,4,4,5,4,1,3,5,3,2,1,4,2,1,3,1,1,2,3,3,3,3,2,2,608945,0,1
DEMO5K-2040,18,2,1,1,3,5,2,3,5,2,4,4,1,2,2,1,2,2,4,1,2,3,2,4,3,2,3,1,3,2,3,1,2,675711,0,1
DEMO5K-2041,28,1,3,5,2,2,5,3,3,2,3,1,1,2,1,1,2,2,1,1,1,2,3,2,1,3,1,5,4,4,3,2,3,62193,1,1
DEMO5K-2042,28,1,1,5,4,2,3,4,4,3,3,4,3,3,4,4,3,1,4,1,5,3,1,4,4,3,1,4,3,4,4,4,4,301641,0,1
DEMO5K-2043,23,1,3,2,4,4,1,1,5,1,1,1,3,2,1,1,2,2,2,1,2,3,1,2,3,2,2,2,2,1,2,1,2,544168,0,1
DEMO5K-2044,20,1,2,1,1,2,3,2,3,3,3,2,2,1,3,2,2,3,1,1,4,4,5,2,5,2,2,3,4,5,3,1,2,495080,0,1
DEMO5K-2045,34,2,3,2,2,3,4,4,2,3,3,4,3,5,5,5,5,3,5,3,5,4,5,3,4,4,1,4,3,4,3,2,2,334186,0,0
DEMO5K-2046,34,1,1,2,1,3,4,4,1,2,3,4,4,5,3,4,2,5,2,1,5,4,3,4,5,4,4,3,2,2,5,4,5,508454,0,1
DEMO5K-2047,21,2,1,1,3,2,3,2,4,3,4,5,5,5,5,5,4,5,5,1,2,5,5,5,4,4,5,4,4,4,4,3,3,450967,0,1
DEMO5K-2048,21,1,2,1,4,3,3,1,2,2,2,1,4,5,4,3,4,4,2,1,3,2,3,3,2,1,3,4,3,5,4,5,4,416872,0,1
DEMO5K-2049,23,1,1,2,2,1,3,5,2,5,3,5,5,4,5,4,3,5,5,1,4,4,4,4,5,4,5,5,5,4,3,5,5,356490,0,1
DEMO5K-2050,25,2,2,5,1,5,2,4,4,3,2,2,4,3,3,3,3,2,2,1,1,2,3,2,3,3,2,3,2,3,3,1,4,663827,0,1
DEMO5K-2051,31,2,3,3,3,2,3,3,2,4,3,5,2,2,2,2,4,3,5,1,4,3,5,5,3,4,4,3,5,2,3,4,4,389334,0,1
DEMO5K-2052,30,1,2,5,1,4,4,4,4,4,3,5,1,2,4,2,3,3,3,1,3,2,3,3,4,2,2,4,3,2,3,4,3,306059,0,1
DEMO5K-2053,17,2,2,4,4,4,3,3,3,3,4,4,4,3,4,3,4,2,4,1,3,2,4,3,3,1,5,4,3,4,4,5,5,390280,0,1
DEMO5K-2054,27,2,3,1,2,4,3,1,2,2,4,3,2,3,2,2,2,2,1,1,2,3,4,2,5,3,1,2,1,2,1,2,2,337844,0,1
DEMO5K-2055,26,2,3,3,2,4,1,3,3,3,2,2,3,3,4,4,3,3,3,1,2,2,3,3,1,3,4,5,4,5,3,5,5,557992,0,1
DEMO5K-2056,19,1,3,5,4,3,3,3,4,2,4,2,3,5,4,4,2,3,4,1,3,3,2,4,2,2,4,4,5,4,3,3,5,525128,0,1
DEMO5K-2057,30,2,3,2,3,4,2,4,4,4,4,2,4,5,3,4,3,3,1,1,2,2,4,2,2,4,3,3,3,4,3,3,3,422116,0,1
DEMO5K-2058,22,2,3,5,1,4,3,3,3,2,1,2,3,3,2,3,4,2,2,1,3,3,2,4,3,3,3,4,4,2,3,2,4,561746,0,1
DEMO5K-2059,32,2,3,1,3,4,3,4,4,3,3,4,3,4,4,5,5,4,5,1,2,4,3,2,2,5,3,2,3,2,3,2,2,447029,0,1
DEMO5K-2060,34,1,1,5,1,3,2,1,4,2,3,3,2,4,4,2,4,2,4,2,3,2,4,3,2,5,3,3,2,2,4,2,2,638605,0,0
DEMO5K-2061,26,2,1,1,1,4,2,2,3,4,2,3,3,1,4,1,1,2,4,1,1,2,2,2,2,3,5,2,2,2,4,2,5,507737,0,1
DEMO5K-2062,35,2,3,3,4,3,3,4,2,2,3,4,4,4,3,4,4,3,2,1,4,4,4,3,4,3,3,3,2,2,5,5,4,544205,0,1
DEMO5K-2063,32,2,3,5,3,4,3,2,2,2,2,2,4,2,4,3,3,2,4,1,2,1,1,2,2,1,2,2,3,3,5,2,3,691433,0,1
DEMO5K-2064,34,2,3,1,3,4,3,1,3,3,3,1,3,3,4,2,4,3,5,1,2,2,1,3,1,3,3,4,1,2,2,2,3,394849,0,1
DEMO5K-2065,35,1,3,3,3,1,3,4,3,4,4,4,2,3,3,2,2,5,1,1,3,1,2,2,2,2,4,3,3,2,4,3,1,412178,0,1
DEMO5K-2066,30,2,2,1,1,5,1,2,5,2,1,1,2,2,1,1,2,2,1,1,2,1,1,2,2,1,1,1,1,4,3,2,1,509512,0,1
DEMO5K-2067,28,1,1,5,1,1,4,4,3,3,2,2,1,2,2,3,4,2,1,1,4,2,3,4,4,2,3,3,5,3,3,1,2,606458,0,1
DEMO5K-2068,17,2,1,3,3,3,4,5,3,4,5,3,4,5,3,1,4,5,4,1,4,3,4,5,5,5,5,5,5,4,5,5,4,602122,0,1
DEMO5K-2069,33,1,2,5,4,3,1,2,5,1,1,2,3,3,3,2,5,5,2,1,2,4,4,3,3,2,3,4,3,3,3,3,2,521620,0,1
DEMO5K-2070,19,2,1,4,3,2,3,2,3,2,2,3,3,2,2,2,3,4,2,1,1,3,1,1,2,2,3,1,3,2,2,2,3,421571,0,1
DEMO5K-2071,25,2,1,5,2,3,4,4,3,3,3,4,2,3,4,4,2,2,2,1,3,3,5,3,3,3,4,5,4,3,5,5,5,533758,0,1
DEMO5K-2072,23,2,3,3,1,3,3,3,5,1,4,2,2,3,3,4,4,3,3,1,3,4,2,3,2,2,1,2,2,1,2,1,1,339612,0,1
DEMO5K-2073,20,2,3,1,3,3,3,5,3,4,3,2,4,2,3,3,3,3,4,1,5,4,5,5,3,3,2,1,2,1,2,2,2,502809,0,1
DEMO5K-2074,26,2,2,3,1,3,2,2,4,3,1,4,3,3,2,3,2,3,3,1,2,1,1,3,2,1,2,3,4,2,2,4,2,561913,0,1
DEMO5K-2075,28,1,2,3,2,3,4,3,2,4,5,3,2,2,4,4,3,4,3,1,4,5,4,5,4,5,4,3,5,4,2,3,5,573217,0,1
DEMO5K-2076,32,1,2,4,3,3,4,2,3,2,2,1,3,1,1,3,1,3,3,1,4,3,3,2,4,3,5,4,3,4,4,3,2,668252,0,1
DEMO5K-2077,35,2,3,1,3,2,4,4,1,3,4,3,4,2,4,5,3,4,2,1,4,4,4,3,5,5,4,4,3,3,4,3,3,555011,0,1
DEMO5K-2078,20,1,1,2,2,4,1,2,5,1,2,3,2,2,3,3,1,2,1,1,4,4,3,2,3,3,2,1,1,1,2,1,1,411226,0,1
DEMO5K-2079,32,2,3,2,2,1,3,4,3,5,2,5,4,4,5,4,4,5,5,1,4,3,3,4,5,5,4,2,2,3,4,2,2,69375,1,1
DEMO5K-2080,18,2,2,5,2,4,1,3,3,2,1,2,2,1,1,2,1,2,2,1,2,3,2,3,2,2,4,3,3,3,3,4,3,540284,0,1
DEMO5K-2081,30,1,1,3,4,4,1,3,2,3,1,3,4,5,2,3,2,2,2,1,2,4,2,1,1,3,3,2,3,3,3,3,3,324432,0,1
DEMO5K-2082,33,1,3,5,1,3,4,2,3,3,3,3,4,3,4,3,4,4,5,1,5,4,3,4,5,4,3,2,1,2,1,1,2,684178,0,1
DEMO5K-2083,19,1,3,3,1,1,3,3,5,3,3,2,2,4,4,3,3,3,3,5,3,3,4,5,5,3,3,2,3,4,2,3,4,679144,0,0
DEMO5K-2084,21,2,3,1,3,2,3,2,3,5,3,3,2,2,2,1,1,2,1,1,2,3,2,2,3,2,4,3,4,1,5,3,3,647748,0,1
DEMO5K-2085,19,1,3,3,1,4,1,1,4,3,3,4,3,2,3,3,2,2,3,1,3,3,2,2,4,3,2,2,4,3,3,2,2,596134,0,1
DEMO5K-2086,25,1,1,1,3,1,5,5,1,5,5,5,5,4,5,4,2,3,4,1,5,5,5,5,5,4,3,4,5,3,5,4,4,62041,1,1
DEMO5K-2087,21,2,2,5,3,1,5,5,3,4,4,4,4,3,4,4,5,2,4,1,5,4,3,4,4,3,4,5,4,4,5,4,4,517765,0,1
DEMO5K-2088,32,2,1,3,2,4,2,2,3,2,2,1,4,4,3,4,5,3,4,1,3,4,4,4,4,4,3,5,4,5,3,4,3,578124,0,1
DEMO5K-2089,26,2,3,4,3,3,4,2,2,2,1,3,2,2,2,5,3,2,3,1,5,5,5,3,3,4,4,4,4,4,4,4,4,438910,0,1
DEMO5K-2090,17,2,3,1,4,3,4,3,3,4,3,3,3,2,4,2,4,3,5,1,2,3,4,3,3,3,3,5,4,3,4,3,5,480230,0,1
DEMO5K-2091,28,2,2,5,3,2,2,4,2,4,4,4,3,2,2,3,3,3,3,1,3,3,3,1,3,2,3,3,2,3,2,3,2,324390,0,1
DEMO5K-2092,17,1,3,5,3,3,3,1,4,1,3,3,2,2,3,3,3,4,3,1,3,4,3,3,3,3,2,2,3,3,3,3,1,630301,0,1
DEMO5K-2093,35,2,2,4,3,4,3,1,5,2,3,3,3,1,2,2,5,3,4,1,2,2,2,2,2,2,3,1,1,1,1,1,1,325057,0,1
DEMO5K-2094,32,1,3,5,2,2,4,3,1,4,3,5,5,4,4,5,4,4,4,1,4,3,4,4,4,5,3,3,3,2,5,1,2,54974,1,1
DEMO5K-2095,23,2,3,2,4,3,2,2,3,4,2,2,5,5,5,2,3,4,5,1,3,3,3,4,1,3,1,1,3,2,2,3,3,342669,0,1
DEMO5K-2096,19,1,1,5,1,4,1,2,3,2,2,2,2,2,2,2,4,3,2,1,2,1,2,2,2,3,4,3,4,3,2,1,2,657257,0,1
DEMO5K-2097,30,1,3,2,3,3,1,2,3,2,2,2,2,2,3,2,3,3,3,1,2,2,2,2,2,1,2,1,1,3,3,2,1,581853,0,1
DEMO5K-2098,32,2,3,1,3,2,4,3,3,3,4,3,4,5,4,4,4,2,4,1,5,3,4,2,3,2,3,3,2,3,4,4,3,688942,0,1
DEMO5K-2099,35,2,3,2,4,3,4,4,2,5,4,4,4,3,4,2,3,3,2,1,3,5,3,2,3,2,4,4,3,5,4,3,2,364739,0,1
DEMO5K-2100,34,2,3,5,3,1,3,4,1,4,4,5,4,4,3,2,4,3,4,1,2,3,4,3,3,2,2,3,3,3,3,4,4,671828,0,1
DEMO5K-2101,27,2,2,3,3,4,3,4,3,3,2,2,3,3,3,5,3,2,4,1,3,5,4,2,2,2,2,4,2,3,2,5,2,319675,0,1
DEMO5K-2102,24,1,3,3,3,4,4,3,1,5,4,4,4,5,4,4,4,3,4,1,3,2,4,3,4,3,2,4,2,3,3,3,4,51712,1,1
DEMO5K-2103,35,1,3,3,4,4,3,4,3,1,3,4,3,2,1,3,1,1,3,1,3,3,3,4,1,3,4,5,3,5,5,4,2,642478,0,1
DEMO5K-2104,25,1,2,5,4,2,4,3,1,5,3,3,4,5,5,5,4,5,5,1,3,3,3,4,5,3,4,3,4,5,4,2,5,612433,0,1
DEMO5K-2105,19,1,2,1,2,2,5,2,2,5,3,5,4,4,5,1,4,2,2,1,3,3,2,1,2,4,3,2,4,2,2,3,3,369157,0,1
DEMO5K-2106,18,1,3,4,4,2,2,3,4,2,2,2,1,3,2,3,2,4,3,1,3,4,3,3,2,2,1,3,1,1,1,1,1,359847,0,1
DEMO5K-2107,26,2,2,1,4,3,1,4,3,2,2,4,3,5,5,5,5,4,2,1,2,2,4,2,5,3,1,1,1,2,1,2,1,402024,0,1
DEMO5K-2108,23,2,3,4,4,5,1,1,3,1,1,1,3,3,3,3,3,5,2,1,2,1,4,2,3,1,2,2,2,4,4,3,3,347524,0,1
DEMO5K-2109,35,2,1,1,3,5,1,1,5,1,1,1,2,2,2,2,2,1,3,4,1,1,1,2,1,2,1,1,1,2,1,1,1,675335,0,0
DEMO5K-2110,35,1,3,4,2,4,3,4,1,1,5,3,2,3,2,3,2,1,2,1,4,3,4,3,4,1,3,3,3,3,2,4,5,640503,0,1
DEMO5K-2111,21,2,3,1,3,4,2,3,2,3,2,3,3,3,2,5,4,3,3,1,3,1,2,2,3,3,3,2,2,1,2,2,3,613773,0,1
DEMO5K-2112,30,2,1,2,4,4,2,4,3,3,3,3,3,2,4,2,3,3,2,1,3,4,2,3,3,2,5,5,4,4,4,2,5,611078,0,1
DEMO5K-2113,30,2,3,4,4,5,3,2,3,2,4,2,5,3,4,5,5,5,5,1,4,2,2,1,2,4,3,3,3,4,5,5,4,332646,0,1
DEMO5K-2114,32,2,3,1,2,3,2,3,4,3,3,3,2,2,2,2,3,2,1,1,3,4,4,3,4,4,2,4,4,5,4,4,4,528341,0,1
DEMO5K-2115,35,1,3,3,2,4,3,2,4,4,2,1,4,3,5,4,4,4,4,1,1,3,3,2,3,4,2,2,3,2,3,2,2,456182,0,1
DEMO5K-2116,29,1,3,2,2,2,4,5,1,4,4,5,3,2,2,4,3,3,2,1,4,3,4,3,3,3,3,2,3,2,3,2,2,404869,0,1
DEMO5K-2117,27,1,2,2,3,2,3,4,3,5,4,4,4,5,3,4,4,4,4,1,4,3,5,2,4,4,4,3,4,5,5,4,4,62173,1,1
DEMO5K-2118,22,1,2,4,3,1,2,4,2,2,4,3,3,2,1,3,4,3,2,3,3,2,3,3,3,3,2,1,3,3,2,2,1,695648,0,0
DEMO5K-2119,34,2,3,3,2,1,1,4,3,2,2,3,3,4,2,3,3,2,3,1,2,3,4,4,4,3,2,3,3,4,3,3,4,452865,0,1
DEMO5K-2120,26,2,2,2,3,2,4,2,2,4,5,5,5,4,4,3,4,4,4,1,3,3,4,3,3,5,3,4,3,3,1,4,3,563683,0,1
DEMO5K-2121,31,2,2,1,2,3,2,4,3,4,2,3,4,3,4,3,4,3,2,2,3,2,2,3,2,2,2,1,3,3,3,1,2,590655,0,0
DEMO5K-2122,21,2,3,1,2,2,3,4,3,2,3,3,4,4,4,5,3,5,4,1,4,3,2,3,3,2,5,4,3,3,3,2,2,568815,0,1
DEMO5K-2123,34,2,2,5,2,3,4,5,3,4,5,4,2,5,4,4,4,3,4,1,4,5,3,4,4,5,4,3,4,2,4,4,3,664890,0,1
DEMO5K-2124,31,2,3,5,3,3,3,2,1,3,2,1,1,1,2,2,4,3,2,1,2,3,3,2,2,2,1,1,2,1,1,1,1,411501,0,1
DEMO5K-2125,19,2,2,5,1,3,3,3,3,4,3,4,3,5,4,2,3,3,3,1,4,5,4,4,3,4,5,3,3,5,4,4,3,615313,0,1
DEMO5K-2126,19,1,1,2,2,3,4,2,3,4,2,4,2,1,2,2,2,3,1,1,2,3,4,4,3,4,1,3,2,3,2,3,1,61228,1,1
DEMO5K-2127,31,2,2,5,2,1,4,3,2,4,5,4,5,5,4,4,5,3,3,1,5,5,4,4,4,4,4,3,4,5,4,2,5,308238,0,1
DEMO5K-2128,25,2,3,1,3,4,2,3,2,2,2,2,5,2,2,3,2,4,3,1,4,2,3,4,3,5,2,2,2,3,2,2,4,456773,0,1
DEMO5K-2129,32,2,3,5,2,2,3,2,2,3,3,2,4,3,1,4,2,4,5,5,2,3,4,3,4,2,3,5,3,4,3,5,5,558575,0,0
DEMO5K-2130,34,1,2,2,4,1,3,3,1,2,3,4,4,3,4,3,2,4,4,1,3,5,3,4,3,3,3,4,3,3,3,2,4,540655,0,1
DEMO5K-2131,22,1,2,5,2,4,3,3,5,1,3,2,3,2,5,3,3,2,1,1,4,3,4,2,5,3,3,2,4,5,4,3,4,359676,0,1
DEMO5K-2132,27,2,2,3,2,2,2,3,3,1,2,3,1,2,2,3,1,2,2,5,4,3,5,4,4,4,3,3,2,5,1,2,1,627831,0,0
DEMO5K-2133,23,2,1,4,2,4,2,2,4,2,3,2,4,4,3,4,3,5,3,1,4,4,4,3,3,2,3,2,3,2,3,2,2,552317,0,1
DEMO5K-2134,30,1,3,2,4,5,2,2,4,2,2,3,4,3,3,3,2,3,3,1,2,5,2,3,2,4,3,2,3,3,3,2,2,673095,0,1
DEMO5K-2135,17,2,3,2,2,4,2,3,3,2,2,3,5,4,3,3,4,4,3,1,3,5,4,3,3,4,2,3,2,4,4,1,3,451540,0,1
DEMO5K-2136,26,2,2,2,3,3,3,4,2,3,2,3,5,4,4,4,3,4,5,1,4,3,3,3,4,4,4,3,2,2,5,3,3,633892,0,1
DEMO5K-2137,23,2,1,2,1,4,2,3,1,3,2,3,2,2,3,2,2,2,3,1,3,3,3,3,3,3,2,1,3,1,2,2,1,468761,0,1
DEMO5K-2138,21,2,2,4,3,1,3,4,1,3,4,3,2,3,4,3,3,1,3,1,4,4,4,3,4,2,4,2,1,2,2,2,1,339241,0,1
DEMO5K-2139,26,2,3,2,4,3,3,2,2,1,3,3,3,3,4,4,4,4,5,3,3,2,2,4,2,4,2,3,3,1,2,1,2,73720,1,0
DEMO5K-2140,22,1,3,4,3,2,2,3,5,2,2,2,1,2,2,2,3,1,1,1,3,4,3,5,3,3,4,3,3,4,4,2,4,450437,0,1
DEMO5K-2141,17,1,3,4,4,2,4,2,3,3,4,3,3,4,3,4,4,3,4,1,3,3,3,3,4,4,2,2,2,4,4,5,3,450161,0,1
DEMO5K-2142,23,1,3,5,4,4,3,1,4,3,3,2,3,4,2,2,4,2,4,1,3,4,3,4,3,3,2,2,4,2,1,2,2,433706,0,1
DEMO5K-2143,19,1,2,3,3,3,2,2,3,3,2,3,4,3,2,3,4,4,5,1,2,4,3,3,4,4,3,3,3,3,2,3,1,644056,0,1
DEMO5K-2144,17,2,1,2,2,4,3,3,3,3,3,3,1,3,1,1,2,1,2,1,3,2,3,2,2,2,1,3,2,4,2,2,2,301759,0,1
DEMO5K-2145,34,2,3,1,4,2,3,2,3,2,3,3,2,1,2,1,2,1,1,1,2,1,2,3,3,2,3,2,2,2,1,1,1,491695,0,1
DEMO5K-2146,35,1,3,4,3,1,3,3,4,3,5,4,3,3,3,4,3,3,4,1,1,1,1,2,1,3,2,1,1,2,2,1,2,397452,0,1
DEMO5K-2147,34,2,3,5,1,4,2,2,3,3,1,2,3,3,2,3,2,2,4,1,2,2,2,3,1,2,1,2,2,1,1,1,2,589925,0,1
DEMO5K-2148,32,2,1,1,2,3,4,4,3,3,5,4,3,3,4,4,3,2,3,1,3,4,4,3,5,5,3,4,5,4,4,3,4,639556,0,1
DEMO5K-2149,30,2,2,3,3,5,2,2,5,2,5,2,1,1,2,1,1,3,2,1,3,5,3,2,4,5,3,3,2,1,1,3,2,482294,0,1
DEMO5K-2150,22,2,2,1,3,4,2,4,2,1,4,1,3,1,4,2,1,1,2,1,3,2,2,1,1,4,3,2,1,2,2,2,2,586615,0,1
DEMO5K-2151,28,1,3,2,3,3,3,3,3,4,3,4,2,2,5,3,2,2,3,1,3,2,3,4,3,3,3,2,2,5,4,3,2,360287,0,1
DEMO5K-2152,25,1,2,2,3,4,1,3,4,2,3,3,1,4,5,4,2,3,3,2,2,2,2,1,2,1,2,2,1,3,3,1,3,626579,0,0
DEMO5K-2153,22,2,2,4,2,2,3,4,3,3,2,4,2,3,3,3,3,3,2,1,4,4,2,3,4,4,3,3,3,1,4,4,3,649308,0,1
DEMO5K-2154,35,2,1,5,1,3,3,3,2,3,5,3,3,3,1,4,2,4,4,1,5,5,4,2,3,4,3,5,3,4,3,4,2,405992,0,1
DEMO5K-2155,20,2,2,2,4,3,2,5,4,4,4,1,5,4,5,3,4,4,3,1,3,2,3,3,2,2,2,2,2,1,2,1,2,420960,0,1
DEMO5K-2156,29,1,2,5,4,4,2,2,2,2,1,2,1,2,3,2,3,3,4,1,4,3,4,4,5,4,3,1,2,1,2,3,2,500316,0,1
DEMO5K-2157,22,2,2,5,2,1,2,3,3,4,1,3,4,4,3,4,2,2,5,1,4,3,3,4,5,4,3,4,4,3,3,5,4,363788,0,1
DEMO5K-2158,34,1,1,5,3,1,5,5,3,3,4,1,4,4,4,3,4,4,5,1,3,3,4,3,3,3,3,3,3,3,3,3,2,531704,0,1
DEMO5K-2159,21,1,3,1,1,2,4,3,4,4,2,3,1,4,3,2,4,2,3,1,2,3,4,3,3,3,3,3,2,4,4,5,3,653916,0,1
DEMO5K-2160,23,2,3,2,4,2,5,4,1,5,4,5,5,4,4,5,4,4,3,1,5,3,4,5,5,4,3,4,2,4,5,5,3,409824,0,1
DEMO5K-2161,29,1,3,2,2,3,1,1,3,1,3,1,2,2,3,3,3,3,3,1,2,1,1,1,2,1,2,3,3,1,3,3,3,530752,0,1
DEMO5K-2162,35,1,2,5,2,5,2,2,3,3,5,1,3,4,2,3,3,5,2,1,3,3,3,1,3,4,2,3,3,2,4,2,3,662809,0,1
DEMO5K-2163,20,2,2,3,3,2,4,5,2,4,3,5,3,3,4,2,5,5,4,1,4,3,4,4,5,4,3,4,1,2,2,2,1,369208,0,1
DEMO5K-2164,18,2,1,2,3,4,1,3,4,3,2,2,1,2,3,3,2,4,1,1,1,2,1,1,1,2,1,3,3,1,4,4,2,622367,0,1
DEMO5K-2165,20,2,1,5,2,1,2,2,3,2,2,2,1,2,2,2,1,1,2,1,3,2,2,2,3,2,3,2,4,4,2,3,2,318800,0,1
DEMO5K-2166,34,1,1,5,3,4,3,2,3,2,2,3,4,4,2,2,2,2,2,1,4,4,3,1,3,3,3,5,5,4,4,3,3,385241,0,1
DEMO5K-2167,33,1,3,3,3,3,2,3,2,3,3,2,4,4,2,3,3,1,4,1,4,2,1,4,2,5,2,4,2,3,2,3,3,658153,0,1
DEMO5K-2168,25,1,3,2,3,3,4,4,3,5,3,4,3,4,5,4,4,4,5,1,3,5,1,3,4,5,2,1,3,3,2,2,3,558310,0,1
DEMO5K-2169,34,1,3,1,2,2,2,4,1,4,3,4,3,3,3,5,5,2,3,1,3,2,4,4,3,2,4,2,4,4,5,3,3,697648,0,1
DEMO5K-2170,25,2,3,2,3,2,2,1,1,2,4,4,2,1,3,1,4,2,2,1,4,4,4,5,4,4,3,2,2,3,2,3,3,590389,0,1
DEMO5K-2171,24,1,3,3,2,3,3,3,5,3,3,2,3,3,1,3,2,3,2,4,3,3,5,4,4,4,2,2,2,3,4,2,3,57650,1,0
DEMO5K-2172,30,2,2,3,1,2,4,2,1,1,3,3,1,5,1,4,3,4,3,1,3,3,3,3,2,4,4,2,3,3,3,3,4,330567,0,1
DEMO5K-2173,26,1,3,5,4,3,4,3,3,4,2,5,3,5,3,3,3,3,4,1,2,4,4,4,1,2,4,3,4,3,3,3,2,601972,0,1
DEMO5K-2174,29,1,3,4,4,4,3,5,3,4,4,4,2,3,4,2,3,3,3,1,4,3,4,3,2,4,4,4,5,3,3,3,4,67808,1,1
DEMO5K-2175,32,1,2,4,4,4,4,3,3,3,3,5,4,3,4,3,2,5,3,1,4,4,3,4,4,3,5,2,2,3,2,3,2,578037,0,1
DEMO5K-2176,22,2,1,2,2,3,3,4,3,2,4,3,3,2,1,2,1,1,2,1,2,2,3,2,4,1,2,1,2,1,3,2,1,505609,0,1
DEMO5K-2177,20,2,3,3,4,2,2,4,3,2,1,1,4,3,3,3,5,4,3,1,4,2,3,4,3,3,2,2,3,1,1,2,2,600012,0,1
DEMO5K-2178,23,2,3,3,4,1,2,3,2,5,4,5,4,5,5,3,4,4,3,1,3,3,4,5,2,4,3,2,3,3,4,3,4,380252,0,1
DEMO5K-2179,23,2,3,5,4,4,3,4,4,2,2,1,1,2,1,1,1,1,1,1,2,3,3,2,3,2,3,1,1,2,2,3,2,685675,0,1
DEMO5K-2180,25,2,3,5,4,3,1,2,5,2,3,4,3,1,2,1,2,2,3,1,2,4,1,4,3,2,3,1,3,2,2,2,3,303871,0,1
DEMO5K-2181,22,1,2,1,4,4,2,3,3,2,3,3,5,4,3,4,5,5,5,1,4,4,5,3,4,4,2,1,3,3,3,2,2,314214,0,1
DEMO5K-2182,23,1,3,1,2,1,4,2,3,4,3,2,1,3,2,1,3,1,1,1,3,3,1,2,1,2,4,3,5,5,4,4,5,698328,0,1
DEMO5K-2183,33,2,2,5,2,3,2,3,3,2,1,3,3,1,2,3,2,1,1,1,2,1,2,2,1,3,3,1,3,3,2,3,1,680225,0,1
DEMO5K-2184,20,2,2,4,4,3,2,4,5,3,3,2,1,2,2,4,4,4,4,1,1,2,1,4,1,1,2,3,2,1,2,3,3,81067,1,1
DEMO5K-2185,24,1,2,2,3,5,1,2,3,3,2,1,4,2,1,2,1,2,2,1,3,3,3,3,3,3,2,2,1,1,3,3,1,622129,0,1
DEMO5K-2186,22,1,3,3,3,3,3,4,2,3,3,5,4,5,3,4,3,3,5,1,4,5,5,3,5,3,4,5,3,4,4,4,5,53789,1,1
DEMO5K-2187,24,1,1,2,4,2,2,4,4,3,2,3,3,3,1,2,4,2,3,1,3,5,5,4,4,4,3,4,4,3,2,3,5,570413,0,1
DEMO5K-2188,32,1,2,4,3,5,1,2,4,1,1,1,2,4,3,3,3,2,2,1,2,4,2,3,2,4,2,3,2,1,1,1,3,540737,0,1
DEMO5K-2189,27,2,1,1,2,2,4,5,1,4,5,4,2,4,1,3,3,1,3,1,4,3,2,4,3,3,2,3,4,2,3,3,4,319329,0,1
DEMO5K-2190,17,1,3,1,3,2,5,2,3,4,4,4,2,3,2,3,4,1,2,1,5,4,5,4,2,4,2,3,3,2,2,2,3,509057,0,1
DEMO5K-2191,28,2,3,3,2,3,3,1,4,2,3,3,3,3,4,3,2,4,4,1,3,2,4,2,3,4,4,3,5,2,5,4,3,510196,0,1
DEMO5K-2192,18,1,2,4,3,3,3,4,3,4,4,5,4,4,4,4,4,4,3,1,5,2,2,1,3,3,4,4,4,5,4,5,3,480214,0,1
DEMO5K-2193,25,2,3,1,3,4,1,1,5,2,1,1,2,1,2,1,2,1,2,1,1,2,2,2,3,1,1,4,2,3,4,3,3,663507,0,1
DEMO5K-2194,26,2,2,4,2,5,1,2,4,1,3,2,2,3,3,3,3,2,2,1,1,3,2,5,3,3,4,1,3,2,3,2,2,682292,0,1
DEMO5K-2195,29,1,2,1,1,2,3,2,3,2,4,4,2,2,3,3,3,2,4,1,4,3,4,4,4,4,5,4,5,4,4,4,3,53517,1,1
DEMO5K-2196,21,2,3,3,2,3,5,3,2,5,3,3,5,4,4,5,5,5,4,1,3,4,5,2,2,4,4,3,2,4,3,3,2,580761,0,1
DEMO5K-2197,17,1,3,4,4,5,1,1,4,2,1,1,1,3,2,2,1,1,1,1,4,4,1,3,2,4,4,4,3,5,4,3,2,358770,0,1
DEMO5K-2198,28,2,3,5,4,5,2,2,5,2,2,2,4,5,4,3,4,3,3,1,1,2,1,1,1,2,2,3,4,3,4,3,3,412338,0,1
DEMO5K-2199,22,1,2,1,4,3,5,3,3,5,4,4,4,4,5,4,4,5,3,1,4,5,5,5,4,5,5,4,5,4,4,5,5,344514,0,1
DEMO5K-2200,29,2,2,2,2,2,3,5,1,5,4,4,4,4,2,4,4,4,4,1,3,5,4,5,5,5,4,4,5,4,4,5,4,47305,1,1
DEMO5K-2201,29,2,3,3,4,4,4,5,2,4,5,4,5,3,5,5,2,3,3,1,3,3,4,3,3,4,1,3,3,3,3,2,2,466320,0,1
DEMO5K-2202,28,1,3,4,2,3,1,4,2,3,3,2,5,5,5,3,4,3,4,1,3,3,2,3,3,2,4,4,2,2,2,4,4,317711,0,1
DEMO5K-2203,29,2,2,2,1,3,4,3,1,2,5,4,2,2,2,3,3,2,3,1,5,4,4,3,4,5,3,3,4,3,2,3,3,74501,1,1
DEMO5K-2204,30,2,3,5,2,3,2,3,3,4,3,4,1,3,2,3,3,2,3,1,3,4,5,3,2,3,2,2,2,2,2,2,3,680260,0,1
DEMO5K-2205,30,2,1,4,2,3,3,4,3,1,1,1,3,3,1,3,1,2,1,1,2,1,1,1,2,2,3,1,3,3,4,4,1,698848,0,1
DEMO5K-2206,33,1,2,5,3,5,2,1,3,1,3,3,2,3,2,2,5,2,2,1,3,2,3,2,1,2,4,4,1,3,3,4,5,694509,0,1
DEMO5K-2207,20,2,3,1,3,1,4,3,3,4,3,4,3,2,3,3,3,3,5,1,1,2,3,3,3,2,5,5,3,4,4,5,4,530110,0,1
DEMO5K-2208,29,1,3,1,4,3,3,2,4,2,4,1,4,3,1,2,1,2,3,1,3,2,2,4,2,2,4,4,1,2,3,4,3,527921,0,1
DEMO5K-2209,32,1,2,2,1,4,3,2,4,2,3,4,3,3,2,2,3,2,1,1,5,5,3,5,4,4,3,3,3,2,3,3,2,353760,0,1
DEMO5K-2210,19,1,2,3,2,2,3,5,2,4,3,4,3,4,3,3,5,4,3,1,3,2,2,2,4,3,5,5,5,3,4,5,4,658610,0,1
DEMO5K-2211,30,2,3,4,4,2,1,3,4,2,4,1,3,1,3,1,4,2,3,5,4,3,3,5,2,2,2,3,1,3,2,2,2,389904,0,0
DEMO5K-2212,22,1,3,4,1,3,2,3,3,2,1,1,3,4,4,2,4,2,4,2,2,3,3,2,3,3,4,1,3,2,5,3,3,480117,0,0
DEMO5K-2213,23,2,2,1,1,3,3,2,2,2,3,3,2,1,2,1,2,2,2,1,2,2,4,4,3,5,2,2,4,2,4,2,1,417345,0,1
DEMO5K-2214,30,1,3,4,3,5,4,4,2,4,5,4,4,4,4,3,3,4,3,1,3,2,4,4,3,4,3,2,4,2,3,3,2,379887,0,1
DEMO5K-2215,28,2,2,3,1,2,4,4,1,4,1,4,2,2,3,3,2,3,3,1,3,4,5,1,5,3,3,4,4,4,3,5,4,416290,0,1
DEMO5K-2216,25,2,3,1,3,4,3,4,4,4,3,3,3,5,3,3,3,3,4,1,2,3,4,4,3,2,4,3,3,3,3,5,3,611035,0,1
DEMO5K-2217,25,2,2,3,3,2,1,2,4,2,2,1,4,4,3,4,5,4,3,1,4,4,3,2,2,5,1,2,1,2,1,2,1,646624,0,1
DEMO5K-2218,23,2,1,5,3,3,4,4,2,3,2,4,5,5,3,4,4,5,4,1,3,4,3,4,2,5,3,4,4,3,1,3,3,345050,0,1
DEMO5K-2219,33,2,3,2,2,4,3,1,4,3,4,3,4,3,4,4,3,3,3,1,5,4,4,5,4,4,4,3,2,4,5,3,4,509876,0,1
DEMO5K-2220,32,1,1,4,1,2,3,3,5,3,3,2,2,3,3,4,1,2,3,1,2,2,1,2,1,4,4,3,3,2,5,3,3,561654,0,1
DEMO5K-2221,19,1,2,5,3,3,3,2,1,3,1,3,3,4,3,3,1,4,3,1,4,2,1,1,2,1,4,2,2,3,4,3,4,401104,0,1
DEMO5K-2222,18,1,3,4,4,5,1,3,5,2,3,2,3,1,5,3,3,2,4,1,4,3,4,4,2,3,3,3,4,3,2,3,5,585474,0,1
DEMO5K-2223,32,2,2,5,3,3,4,5,1,4,3,3,4,2,3,3,1,3,2,1,3,4,4,4,3,3,5,3,3,5,3,5,3,627426,0,1
DEMO5K-2224,25,2,2,4,4,4,4,4,3,3,4,4,4,3,3,3,3,2,5,1,3,3,3,3,2,3,1,2,2,4,3,2,2,352012,0,1
DEMO5K-2225,22,1,2,2,3,3,4,4,3,5,4,2,3,1,2,3,1,1,2,1,2,4,4,4,3,4,2,3,2,2,3,1,2,589552,0,1
DEMO5K-2226,23,2,2,3,2,2,4,3,3,4,4,3,4,4,2,2,2,1,3,1,2,4,4,3,2,4,3,1,3,2,3,2,2,554249,0,1
DEMO5K-2227,18,2,3,3,2,5,5,3,2,5,5,3,4,3,4,2,2,4,3,1,4,4,5,5,4,5,2,3,2,3,3,2,2,431869,0,1
DEMO5K-2228,19,1,2,4,4,4,4,3,2,3,3,3,3,4,3,2,3,3,3,1,1,2,3,3,3,2,1,1,4,3,2,5,1,373411,0,1
DEMO5K-2229,22,2,3,5,3,4,4,1,3,3,2,1,3,5,2,3,5,5,5,1,1,1,4,4,2,3,4,3,2,5,4,4,4,659655,0,1
DEMO5K-2230,34,2,3,2,2,2,2,3,3,4,3,5,3,3,4,4,1,2,2,1,2,2,2,2,2,1,3,1,2,3,4,3,1,458782,0,1
DEMO5K-2231,29,2,1,3,2,4,3,1,3,4,3,2,2,2,1,2,1,2,2,1,4,4,3,3,2,3,2,5,2,4,2,2,3,51396,1,1
DEMO5K-2232,20,2,1,2,2,3,4,2,3,2,2,3,2,3,5,2,3,2,5,1,5,4,5,4,4,4,3,4,4,4,4,5,4,485646,0,1
DEMO5K-2233,23,1,2,3,2,3,5,4,4,3,3,4,4,5,4,5,5,4,4,1,4,3,4,4,5,4,4,5,5,3,4,5,5,324680,0,1
DEMO5K-2234,33,2,2,5,3,2,4,4,3,5,3,3,4,2,3,2,3,5,4,1,5,2,3,4,3,3,3,3,2,3,4,3,3,674962,0,1
DEMO5K-2235,23,1,3,3,4,3,1,3,4,3,3,3,1,3,2,1,2,3,3,1,3,3,4,3,2,2,3,2,3,3,3,1,3,667411,0,1
DEMO5K-2236,35,1,3,3,4,5,1,2,4,1,2,3,3,2,4,3,2,2,3,1,3,1,2,2,3,3,2,2,1,2,3,2,3,494513,0,1
DEMO5K-2237,23,2,1,2,4,3,1,3,4,3,2,1,1,2,3,1,1,3,1,1,2,1,1,1,2,3,3,2,2,2,4,2,4,317243,0,1
DEMO5K-2238,28,2,3,3,4,2,4,2,5,4,4,2,2,2,1,1,2,1,2,1,1,2,3,4,2,3,3,1,1,2,2,1,2,379344,0,1
DEMO5K-2239,26,2,2,2,2,4,4,3,1,4,3,3,3,3,3,2,3,1,4,1,1,2,5,2,2,4,3,4,2,2,3,3,4,382530,0,1
DEMO5K-2240,25,1,2,3,4,2,2,3,2,3,2,4,2,3,3,4,3,4,4,1,4,3,1,4,2,3,2,2,5,2,3,2,2,573211,0,1
DEMO5K-2241,17,1,2,1,1,2,2,4,3,2,4,3,3,3,2,3,2,2,2,1,3,4,3,4,4,3,2,2,4,3,3,2,2,64442,1,1
DEMO5K-2242,25,2,2,5,2,3,3,2,5,1,2,4,4,4,3,3,4,4,5,1,3,1,1,1,1,2,3,2,2,2,1,2,2,63640,1,1
DEMO5K-2243,33,2,2,3,3,1,4,2,2,2,5,4,1,2,2,2,3,3,4,1,4,3,4,3,2,5,3,4,4,5,3,2,3,84336,1,1
DEMO5K-2244,22,2,2,2,2,5,1,3,4,3,3,4,2,3,3,3,1,4,3,1,2,1,4,3,2,1,4,1,2,2,4,2,1,460887,0,1
DEMO5K-2245,18,2,2,3,3,1,5,5,1,5,5,3,3,2,4,3,2,1,3,1,3,4,5,4,4,4,4,2,5,3,4,4,4,599138,0,1
DEMO5K-2246,28,1,2,4,2,1,5,5,1,5,4,4,4,5,5,4,4,4,5,1,5,5,5,5,5,5,5,5,3,4,5,4,4,513856,0,1
DEMO5K-2247,21,2,1,2,2,3,2,2,3,2,3,3,2,2,2,2,1,3,4,1,4,3,4,5,5,4,4,2,2,3,2,2,3,340827,0,1
DEMO5K-2248,27,2,1,3,3,2,5,5,2,3,4,5,2,3,1,2,4,4,5,1,3,4,4,4,4,4,1,2,2,2,1,3,2,671006,0,1
DEMO5K-2249,28,1,3,5,1,3,4,5,2,2,2,3,3,4,5,3,4,4,4,1,4,4,2,5,5,4,4,4,3,4,4,4,2,579467,0,1
DEMO5K-2250,28,2,2,5,4,2,2,3,3,4,4,3,3,2,4,3,2,1,1,1,3,3,3,2,2,3,3,2,2,2,3,2,3,656431,0,1
DEMO5K-2251,23,1,1,4,4,4,2,2,3,1,3,2,5,1,2,2,2,2,2,1,3,3,5,3,2,3,3,1,1,1,2,1,2,509898,0,1
DEMO5K-2252,20,1,2,3,1,4,4,4,2,3,3,4,1,3,4,2,2,3,2,4,2,1,3,3,1,3,3,2,4,3,3,2,2,572541,0,0
DEMO5K-2253,34,2,3,2,3,3,3,3,4,2,4,3,3,3,2,3,2,3,4,1,3,2,2,3,1,2,2,2,1,3,3,3,2,461478,0,1
DEMO5K-2254,18,2,1,4,4,3,4,2,4,4,3,3,3,2,3,2,1,4,2,1,4,2,2,2,2,3,3,1,1,2,1,2,1,442106,0,1
DEMO5K-2255,34,1,3,2,4,3,3,4,2,3,3,3,4,5,4,3,3,4,3,1,4,5,5,5,5,4,4,4,3,4,4,5,4,330043,0,1
DEMO5K-2256,17,1,1,5,2,4,3,4,3,3,3,5,4,4,5,3,5,5,4,1,4,4,5,4,2,3,4,3,3,5,4,3,2,687818,0,1
DEMO5K-2257,21,2,3,1,2,5,4,4,4,4,3,2,1,2,1,2,3,3,3,1,1,2,1,2,2,3,4,4,3,4,4,5,5,74168,1,1
DEMO5K-2258,30,2,3,1,1,4,4,3,2,4,5,3,3,3,2,3,3,5,2,1,1,3,3,4,2,3,3,5,4,5,5,4,3,434337,0,1
DEMO5K-2259,28,2,1,5,3,2,4,4,4,4,5,4,2,1,3,3,3,3,3,1,3,2,1,2,1,2,4,4,3,3,3,4,3,424632,0,1
DEMO5K-2260,35,1,2,4,3,4,3,2,2,2,4,1,4,2,2,1,3,1,2,1,3,2,1,3,3,4,2,2,3,3,1,2,3,313905,0,1
DEMO5K-2261,20,1,2,4,1,4,2,2,4,2,2,3,5,3,3,2,3,5,5,1,3,2,3,1,3,2,1,1,3,3,2,3,1,686763,0,1
DEMO5K-2262,24,1,3,3,4,3,2,4,3,2,3,4,5,3,3,4,3,4,3,1,3,3,2,3,4,3,2,3,2,2,3,3,1,470649,0,1
DEMO5K-2263,22,2,1,4,4,5,3,2,4,3,4,1,5,3,3,3,4,4,3,1,2,2,3,2,2,2,1,2,3,1,1,2,1,569386,0,1
DEMO5K-2264,18,2,2,1,2,5,4,2,4,1,2,3,1,3,3,3,3,4,4,1,3,1,3,3,4,3,2,3,2,4,3,3,2,644572,0,1
DEMO5K-2265,17,2,3,2,3,3,3,5,2,3,2,4,4,5,3,2,5,4,3,1,4,5,5,4,5,4,3,5,4,4,3,4,1,619393,0,1
DEMO5K-2266,18,2,3,4,2,4,1,2,4,1,2,1,4,4,4,2,4,4,4,1,3,2,2,2,2,3,3,3,3,1,2,2,3,522627,0,1
DEMO5K-2267,21,1,2,4,3,4,4,1,3,5,3,2,3,1,2,3,2,1,3,1,3,1,3,2,1,1,3,3,1,3,2,1,3,658241,0,1
DEMO5K-2268,30,2,3,3,2,1,4,3,4,3,4,3,3,4,2,4,3,3,3,1,5,5,3,3,1,5,3,4,3,3,3,3,4,354436,0,1
DEMO5K-2269,29,2,2,4,1,1,2,4,2,4,5,4,2,4,4,2,4,3,4,1,4,3,4,3,4,3,1,3,4,4,3,3,5,391300,0,1
DEMO5K-2270,27,1,3,1,3,4,4,3,4,2,3,3,2,4,4,3,3,3,3,1,4,4,3,3,2,4,3,3,4,3,3,4,4,345828,0,1
DEMO5K-2271,34,2,3,2,3,5,3,1,4,1,4,2,2,3,1,2,1,2,1,1,2,2,3,4,4,2,3,1,1,1,1,3,3,654915,0,1
DEMO5K-2272,24,1,3,1,4,1,5,3,1,5,5,4,3,3,4,4,4,4,2,1,5,3,4,3,4,5,3,4,3,2,4,2,4,360431,0,1
DEMO5K-2273,26,1,2,1,3,3,2,4,4,2,2,3,2,1,1,1,1,2,5,1,1,1,4,3,3,3,2,4,2,3,4,2,4,485459,0,1
DEMO5K-2274,20,2,1,1,4,4,2,4,2,3,3,5,4,3,4,4,4,4,5,1,2,3,2,3,3,2,4,4,3,3,1,5,3,649571,0,1
DEMO5K-2275,26,1,1,2,3,2,1,1,4,1,3,2,3,3,3,4,1,4,3,1,2,2,3,2,2,3,2,1,2,1,1,1,1,397324,0,1
DEMO5K-2276,29,1,3,5,2,2,3,3,3,2,2,2,3,2,4,2,1,3,3,1,4,5,5,4,5,2,2,2,2,2,2,2,3,388452,0,1
DEMO5K-2277,34,2,3,2,1,4,3,3,3,3,2,3,4,2,2,4,2,1,3,1,4,3,2,4,2,3,2,2,3,1,1,4,3,521101,0,1
DEMO5K-2278,23,1,1,1,4,3,1,2,4,1,3,2,1,1,1,1,1,1,1,1,1,2,3,2,1,1,1,2,1,2,2,1,2,48357,1,1
DEMO5K-2279,29,2,1,5,2,3,3,4,3,3,2,3,4,4,5,4,2,4,4,1,2,2,3,4,4,2,3,3,4,4,3,4,5,439119,0,1
DEMO5K-2280,17,2,1,4,4,4,1,1,3,1,1,2,1,2,3,4,3,3,1,1,1,1,3,1,1,1,1,1,2,1,2,1,1,641630,0,1
DEMO5K-2281,24,2,3,4,3,5,3,2,3,3,3,3,1,2,3,4,3,3,2,1,2,2,3,4,4,3,4,3,4,3,2,4,3,350784,0,1
DEMO5K-2282,25,2,3,2,4,5,3,1,4,1,2,3,4,3,4,3,3,3,4,1,4,4,4,4,4,5,2,2,1,3,1,3,2,575989,0,1
DEMO5K-2283,22,1,3,1,3,5,1,1,5,1,1,1,1,2,1,2,2,2,3,1,1,1,3,1,2,2,1,4,3,1,4,1,1,381049,0,1
DEMO5K-2284,21,1,3,3,3,4,3,3,3,2,4,3,3,1,3,4,4,5,3,1,4,1,2,4,4,3,2,1,3,3,2,1,3,324375,0,1
DEMO5K-2285,17,2,3,3,1,3,2,2,5,2,3,2,1,5,4,2,2,4,3,1,3,4,4,3,2,5,3,1,3,2,4,1,2,470240,0,1
DEMO5K-2286,30,1,2,4,4,1,3,4,1,4,4,3,3,3,2,1,2,5,2,1,3,5,4,5,4,3,2,5,2,3,3,5,5,560279,0,1
DEMO5K-2287,27,2,3,4,3,3,2,2,4,2,1,3,5,3,3,5,5,5,4,1,4,3,4,2,3,3,4,4,2,2,2,3,3,389268,0,1
DEMO5K-2288,34,1,2,3,3,2,1,4,4,4,3,4,4,4,3,4,3,4,4,1,1,3,4,3,5,4,2,4,2,4,2,2,3,423800,0,1
DEMO5K-2289,28,2,1,4,4,2,2,3,2,1,3,2,4,3,2,3,3,4,3,1,3,2,2,3,3,4,1,2,2,1,2,2,3,63870,1,1
DEMO5K-2290,17,2,1,3,3,5,2,1,4,2,2,4,4,3,3,5,2,2,3,1,5,5,5,4,4,5,3,4,2,3,2,3,3,534350,0,1
DEMO5K-2291,33,2,2,2,3,2,5,4,2,5,3,3,2,3,2,2,3,3,1,1,5,4,5,3,3,5,3,5,4,4,4,4,3,517975,0,1
DEMO5K-2292,24,1,3,1,3,5,3,2,2,3,2,3,4,2,4,5,2,4,4,1,4,2,3,4,4,5,5,3,3,4,4,4,4,543428,0,1
DEMO5K-2293,34,2,2,1,4,5,2,1,5,2,2,1,2,2,2,1,1,2,2,1,4,4,3,3,3,5,1,3,2,2,3,3,2,566406,0,1
DEMO5K-2294,25,2,2,5,1,3,1,2,2,2,3,4,3,3,3,3,3,2,3,1,2,3,3,2,3,4,4,3,3,3,4,4,4,673362,0,1
DEMO5K-2295,19,2,1,2,2,2,3,4,3,4,4,4,3,1,3,2,2,1,3,1,3,5,3,5,3,4,3,2,2,1,2,4,4,563807,0,1
DEMO5K-2296,25,2,2,3,2,3,4,3,4,1,3,1,4,5,5,3,4,5,4,1,5,2,4,4,4,4,4,4,3,3,5,5,3,668578,0,1
DEMO5K-2297,28,1,2,2,3,3,4,5,2,4,4,3,5,4,3,3,4,3,4,1,5,4,5,5,5,5,3,3,3,3,3,4,3,531912,0,1
DEMO5K-2298,24,1,3,5,1,3,2,5,4,4,3,3,4,4,5,5,4,5,5,1,4,3,4,5,2,2,3,2,1,3,2,1,1,666492,0,1
DEMO5K-2299,26,2,2,5,2,3,3,2,1,3,3,5,2,4,5,2,4,2,4,1,4,4,3,4,3,3,3,3,3,3,2,3,2,501817,0,1
DEMO5K-2300,31,1,3,4,4,4,2,2,3,2,2,1,3,2,3,2,3,3,4,1,1,1,2,1,1,1,2,2,3,2,1,3,3,647638,0,1
DEMO5K-2301,32,1,2,5,3,3,5,4,4,4,3,3,2,2,3,4,4,4,4,1,4,3,3,3,3,4,1,2,2,3,1,3,2,380233,0,1
DEMO5K-2302,26,1,2,4,2,3,5,2,3,3,3,2,3,2,2,3,4,2,5,1,3,5,5,4,3,5,1,3,3,1,1,3,2,65247,1,1
DEMO5K-2303,29,1,2,4,3,4,4,2,4,4,2,3,2,1,1,2,3,1,2,1,5,3,2,2,2,4,1,1,2,3,3,2,1,365143,0,1
DEMO5K-2304,21,2,1,1,2,4,3,2,3,1,2,1,1,1,3,3,1,3,2,1,4,2,3,4,2,3,2,3,4,3,3,2,2,361053,0,1
DEMO5K-2305,30,2,2,1,3,1,3,2,5,5,3,2,2,3,4,3,3,3,2,1,4,3,3,4,3,2,2,2,3,2,2,3,5,387131,0,1
DEMO5K-2306,29,1,3,5,3,2,3,4,4,1,3,1,1,2,1,3,3,2,3,1,2,2,3,3,5,3,4,2,2,4,2,3,4,558151,0,1
DEMO5K-2307,32,1,3,2,3,2,5,4,2,4,5,4,3,3,3,2,3,1,3,1,3,3,3,2,3,4,4,3,5,3,4,2,5,309561,0,1
DEMO5K-2308,22,1,1,3,2,3,3,2,5,2,4,3,1,3,1,2,1,2,2,1,3,3,3,2,4,4,4,4,2,2,3,4,3,607264,0,1
DEMO5K-2309,27,1,1,3,3,3,2,4,3,3,2,2,2,2,3,2,3,1,2,1,1,2,4,2,4,2,3,3,3,4,2,2,1,403856,0,1
DEMO5K-2310,25,2,2,2,4,2,2,3,5,2,3,2,4,4,4,3,4,4,4,1,4,4,4,4,4,4,3,3,3,2,3,2,2,429726,0,1
DEMO5K-2311,34,2,2,1,1,5,2,2,2,1,3,5,2,4,4,2,3,4,3,1,3,4,4,4,3,3,2,3,2,2,4,5,4,551957,0,1
DEMO5K-2312,20,1,2,4,4,3,3,4,3,5,4,2,3,3,3,2,4,3,3,1,4,3,3,3,2,2,4,3,3,5,5,3,3,355270,0,1
DEMO5K-2313,25,2,3,4,2,4,2,2,3,3,3,3,5,4,3,4,3,5,4,1,4,2,2,3,4,3,1,2,4,4,2,4,1,480591,0,1
DEMO5K-2314,30,2,3,3,3,1,5,4,3,5,5,5,3,5,5,5,5,3,5,1,3,3,4,3,2,4,3,1,1,3,1,3,1,499644,0,1
DEMO5K-2315,26,2,1,1,3,4,1,3,3,2,1,1,2,3,2,3,1,1,2,1,3,5,4,5,5,4,2,3,2,4,5,4,2,358480,0,1
DEMO5K-2316,18,2,2,3,3,3,2,4,1,5,4,3,3,4,3,3,5,4,4,1,1,4,2,3,4,2,3,3,4,4,4,3,3,349867,0,1
DEMO5K-2317,20,1,2,3,2,3,2,1,4,3,4,4,4,4,4,3,4,5,5,1,4,3,4,2,4,2,3,2,3,2,2,4,3,475496,0,1
DEMO5K-2318,21,1,3,1,3,4,3,3,3,3,4,2,1,2,3,3,2,4,2,1,2,2,3,1,1,1,4,2,3,2,2,4,2,478413,0,1
DEMO5K-2319,20,1,1,5,3,4,1,3,5,4,2,3,5,4,5,5,5,5,5,1,5,4,3,4,4,3,4,4,5,2,4,4,1,607265,0,1
DEMO5K-2320,35,2,3,2,2,3,3,2,4,3,3,2,4,3,3,4,3,1,3,1,4,3,2,2,5,4,4,4,2,3,5,3,4,339443,0,1
DEMO5K-2321,30,2,2,3,2,2,5,4,3,3,4,3,5,4,4,4,3,5,3,1,3,4,3,3,5,3,4,3,2,2,3,3,4,686918,0,1
DEMO5K-2322,27,2,3,3,3,3,2,3,2,4,2,4,4,4,3,5,4,4,4,1,4,5,4,4,3,5,3,2,3,1,2,2,3,450613,0,1
DEMO5K-2323,29,2,2,1,2,3,2,3,3,2,2,1,3,2,3,1,2,3,2,1,2,1,1,2,1,2,1,1,1,1,1,1,1,64014,1,1
DEMO5K-2324,29,2,3,5,3,3,3,4,3,3,3,1,5,4,3,5,4,3,4,1,1,4,1,3,2,2,1,2,1,1,1,2,2,328447,0,1
DEMO5K-2325,20,2,1,3,2,4,1,1,2,1,2,1,3,5,5,4,2,3,4,1,2,3,2,3,4,2,2,1,2,2,2,2,3,560158,0,1
DEMO5K-2326,34,1,3,5,4,4,3,3,4,2,4,3,3,5,2,4,2,2,4,1,4,4,2,3,4,3,3,3,3,1,4,3,2,429249,0,1
DEMO5K-2327,20,1,3,1,4,4,2,1,5,2,1,2,2,4,2,2,3,1,4,1,1,2,4,2,3,1,1,3,1,1,1,1,1,571578,0,1
DEMO5K-2328,22,2,3,4,2,1,4,4,1,5,5,5,5,5,4,5,5,5,5,1,5,4,5,5,4,4,5,5,5,5,5,5,5,639365,0,1
DEMO5K-2329,26,1,2,2,3,2,3,3,3,4,2,2,2,3,4,3,4,5,4,1,3,4,3,2,1,2,2,4,3,3,1,3,2,474969,0,1
DEMO5K-2330,29,1,2,5,3,4,5,2,2,4,4,4,4,5,5,4,5,4,5,1,3,5,4,4,3,2,5,4,3,4,4,3,5,618615,0,1
DEMO5K-2331,20,2,2,2,2,3,3,5,2,4,4,4,2,4,3,3,2,3,1,1,4,4,5,3,2,4,5,3,2,2,2,3,5,517416,0,1
DEMO5K-2332,30,2,3,1,2,3,4,4,3,3,3,3,5,4,5,4,5,5,4,1,3,5,3,4,5,4,3,4,4,3,3,4,3,652526,0,1
DEMO5K-2333,22,1,3,3,1,2,4,4,2,3,5,5,4,3,4,3,5,3,4,1,3,3,5,4,5,4,4,4,3,4,5,4,3,556368,0,1
DEMO5K-2334,21,1,1,3,1,5,3,2,2,5,4,4,2,4,3,4,4,3,2,1,3,4,3,5,3,3,3,4,4,5,2,5,4,60803,1,1
DEMO5K-2335,20,2,3,5,3,2,3,4,3,5,2,3,5,4,3,4,4,5,4,1,1,3,2,4,5,4,4,3,4,2,5,3,3,620876,0,1
DEMO5K-2336,18,2,1,2,3,2,4,4,1,3,4,3,3,4,3,2,4,4,5,1,3,4,4,3,3,4,3,3,2,4,5,2,5,56483,1,1
DEMO5K-2337,30,2,2,1,4,3,5,3,2,2,2,3,5,4,4,4,4,3,2,1,2,4,2,4,5,4,3,3,2,2,3,4,1,501411,0,1
DEMO5K-2338,21,1,1,3,3,4,4,1,4,1,2,2,3,3,3,3,3,3,3,1,2,1,1,2,2,1,4,4,3,2,3,5,3,533201,0,1
DEMO5K-2339,28,2,3,1,2,5,1,2,5,2,1,1,4,1,3,3,1,1,2,1,1,1,1,3,4,3,2,3,3,2,5,3,2,309927,0,1
DEMO5K-2340,34,1,2,1,3,5,2,3,4,3,2,4,3,3,1,3,2,2,1,1,1,1,2,1,2,2,4,3,3,2,3,3,3,525017,0,1
DEMO5K-2341,28,2,3,2,2,1,2,4,3,2,4,3,1,2,2,2,3,4,4,1,2,2,3,2,4,3,3,1,2,2,2,2,4,371037,0,1
DEMO5K-2342,24,2,1,2,4,4,2,4,1,3,5,4,4,4,3,4,1,4,3,1,2,4,3,3,2,2,4,3,3,2,4,3,4,504989,0,1
DEMO5K-2343,32,1,2,2,4,4,2,1,5,1,1,2,3,2,3,1,1,2,2,1,1,3,3,1,3,2,1,4,3,4,2,1,2,571805,0,1
DEMO5K-2344,30,2,3,4,2,4,3,1,4,3,4,2,1,3,2,3,3,2,2,1,3,1,1,1,2,2,4,4,3,3,2,4,2,662533,0,1
DEMO5K-2345,35,2,3,1,3,5,1,3,4,3,3,3,1,1,1,1,1,3,2,1,2,2,2,2,2,3,1,2,3,2,2,1,1,433717,0,1
DEMO5K-2346,30,2,2,4,2,4,3,4,4,3,2,3,4,3,3,3,3,3,3,1,4,4,5,5,4,5,3,4,2,2,4,3,2,653243,0,1
DEMO5K-2347,25,2,3,1,3,3,3,3,2,1,2,2,3,2,3,3,5,3,2,1,4,5,4,5,3,3,2,2,2,3,3,3,1,450002,0,1
DEMO5K-2348,31,2,3,5,3,2,3,3,4,1,1,2,4,4,2,3,4,3,5,1,3,3,4,5,3,4,3,4,2,2,1,3,3,367180,0,1
DEMO5K-2349,20,2,3,1,4,3,3,2,2,4,3,3,1,1,1,1,3,2,1,1,3,4,4,3,1,4,2,2,5,1,1,2,3,318995,0,1
DEMO5K-2350,21,1,1,3,3,4,3,4,2,3,4,3,4,3,4,5,3,4,4,1,2,5,5,3,4,5,3,3,5,4,1,3,3,362280,0,1
DEMO5K-2351,18,1,2,2,3,4,1,2,3,3,2,3,3,3,3,4,3,2,4,1,1,5,3,4,3,5,2,1,1,2,2,1,1,645323,0,1
DEMO5K-2352,26,2,2,1,3,4,2,4,3,2,3,1,5,4,3,4,3,5,3,1,3,3,2,5,3,2,3,3,3,4,4,2,2,401949,0,1
DEMO5K-2353,21,1,2,3,3,1,5,5,1,5,4,5,4,5,4,3,3,4,2,1,5,5,3,5,5,5,4,4,3,5,4,4,3,599311,0,1
DEMO5K-2354,33,1,1,4,4,4,3,2,5,2,3,3,1,2,2,1,3,3,2,1,2,2,3,3,2,2,1,2,2,3,2,4,2,582199,0,1
DEMO5K-2355,34,2,2,4,1,4,2,2,5,2,2,2,3,2,3,2,1,3,1,1,1,1,1,2,3,2,1,3,1,1,2,1,2,426805,0,1
DEMO5K-2356,31,2,3,3,3,4,2,3,3,4,2,3,3,3,3,2,4,2,4,1,5,3,2,3,4,4,2,3,3,2,4,4,3,606364,0,1
DEMO5K-2357,22,1,3,1,1,5,3,2,5,3,2,3,2,1,2,2,2,1,3,1,1,4,2,1,3,1,1,4,2,4,3,2,4,534817,0,1
DEMO5K-2358,33,1,1,2,1,2,3,3,3,3,3,3,4,5,5,3,4,5,4,1,1,1,1,1,3,1,3,2,1,2,2,2,3,593213,0,1
DEMO5K-2359,22,1,1,3,4,2,3,4,3,1,4,3,2,2,3,1,4,1,2,1,4,4,3,4,4,3,2,5,5,5,2,3,5,444979,0,1
DEMO5K-2360,22,2,2,3,3,5,2,1,4,2,2,1,3,1,2,1,2,2,2,1,2,1,1,1,1,1,3,4,2,2,3,3,3,650479,0,1
DEMO5K-2361,32,1,3,2,4,3,1,1,5,2,2,1,3,2,3,3,4,2,2,1,3,2,1,3,1,1,3,3,3,3,1,2,2,376827,0,1
DEMO5K-2362,26,2,3,1,3,5,3,4,2,3,1,4,1,3,4,3,2,4,4,1,4,5,3,5,4,4,2,4,2,3,3,3,3,503570,0,1
DEMO5K-2363,29,1,3,3,1,5,3,3,3,2,2,1,1,3,2,2,2,3,2,1,3,3,3,4,3,2,4,3,4,5,5,2,4,595141,0,1
DEMO5K-2364,29,2,2,1,2,4,3,2,4,1,3,2,4,3,4,2,4,4,3,1,4,5,4,4,3,4,1,3,3,1,3,3,2,483254,0,1
DEMO5K-2365,34,2,2,4,4,3,5,3,1,4,5,3,5,4,2,1,3,2,3,1,4,5,4,5,4,4,2,1,1,2,3,3,1,528226,0,1
DEMO5K-2366,21,1,1,2,3,1,2,2,4,1,2,2,3,3,2,3,2,4,3,1,4,2,2,3,3,3,4,2,2,3,2,3,4,517402,0,1
DEMO5K-2367,32,2,1,4,1,3,5,5,2,4,3,5,4,4,3,2,4,3,3,1,3,4,2,3,3,4,3,5,3,3,4,3,3,76972,1,1
DEMO5K-2368,19,2,2,5,3,3,3,2,3,4,2,2,2,2,4,4,3,2,1,1,2,2,2,2,2,4,5,3,4,3,4,3,2,56123,1,1
DEMO5K-2369,17,2,3,5,3,4,1,1,2,3,1,3,4,3,4,3,3,4,2,1,4,4,4,3,4,4,4,3,4,3,3,2,3,460765,0,1
DEMO5K-2370,29,2,3,3,2,3,5,2,1,4,4,4,4,5,2,4,3,5,3,1,3,5,3,5,4,3,5,5,5,4,5,5,5,51429,1,1
DEMO5K-2371,28,2,1,1,2,3,4,3,4,5,4,2,5,3,5,5,3,3,3,1,5,2,1,1,1,2,4,4,2,3,4,2,2,407490,0,1
DEMO5K-2372,22,2,2,3,3,3,3,4,3,4,4,2,1,2,3,1,3,2,1,1,2,3,2,1,1,2,1,2,2,2,2,1,3,477774,0,1
DEMO5K-2373,29,2,2,3,2,5,3,2,4,2,1,3,3,4,4,4,3,5,4,1,2,3,2,3,4,3,4,4,5,2,3,4,4,368183,0,1
DEMO5K-2374,24,1,2,5,1,2,3,3,2,3,2,3,4,1,4,4,3,4,4,1,5,4,4,3,4,5,4,5,4,3,3,2,3,442888,0,1
DEMO5K-2375,28,2,3,5,3,3,5,3,1,5,2,4,3,4,4,4,5,4,4,1,5,2,3,3,4,4,4,4,4,4,2,2,3,660496,0,1
DEMO5K-2376,29,1,2,4,3,5,3,3,1,4,4,4,3,4,5,4,5,4,5,1,5,4,4,5,5,5,3,4,3,4,1,4,4,580031,0,1
DEMO5K-2377,35,2,2,3,3,5,2,1,4,1,2,3,4,3,3,3,4,3,3,1,2,5,3,2,4,3,3,3,2,2,2,2,4,349951,0,1
DEMO5K-2378,33,2,3,4,3,3,4,3,2,4,4,5,4,3,3,1,4,3,5,1,1,1,2,2,1,2,3,3,2,2,1,1,3,329558,0,1
DEMO5K-2379,32,1,2,4,3,2,1,1,5,2,3,1,1,1,2,2,1,1,2,1,2,2,1,2,1,2,1,1,1,2,1,2,1,440280,0,1
DEMO5K-2380,28,1,1,2,1,3,2,3,4,3,1,3,4,4,2,3,2,1,3,1,3,2,2,4,2,3,3,3,2,4,2,3,3,526427,0,1
DEMO5K-2381,24,2,3,5,2,3,2,2,5,2,3,1,3,3,2,3,1,2,3,1,3,3,2,2,2,2,2,5,4,3,3,3,4,489667,0,1
DEMO5K-2382,17,1,2,2,4,1,2,3,4,3,4,4,3,4,2,4,3,3,4,5,4,5,4,4,4,5,4,2,2,3,3,3,3,656337,0,0
DEMO5K-2383,26,2,1,3,3,2,2,2,4,4,2,4,5,5,4,3,5,4,3,1,4,5,5,5,5,2,4,3,3,4,4,3,3,415891,0,1
DEMO5K-2384,28,2,2,1,1,2,4,5,1,5,3,4,5,3,3,4,3,4,5,1,2,3,4,4,4,1,5,4,3,4,3,4,2,499654,0,1
DEMO5K-2385,19,2,2,3,2,5,3,2,5,2,3,3,2,3,3,4,3,4,2,1,2,3,3,2,2,4,3,4,3,5,3,4,2,63318,1,1
DEMO5K-2386,26,2,2,5,3,1,5,4,1,4,4,4,5,5,4,4,3,5,4,1,3,5,1,2,4,4,3,5,5,3,4,3,5,474164,0,1
DEMO5K-2387,17,2,1,4,2,2,2,4,4,2,4,2,3,2,2,3,1,1,3,1,3,1,3,3,2,3,2,1,3,5,4,1,1,605117,0,1
DEMO5K-2388,22,2,1,4,2,2,5,4,2,5,4,4,4,4,4,4,3,3,3,1,2,4,4,5,3,3,5,5,5,4,5,5,5,323411,0,1
DEMO5K-2389,21,2,3,4,4,5,1,3,5,2,3,2,3,2,3,4,1,4,1,1,3,2,3,4,5,2,3,2,1,2,3,2,3,406234,0,1
DEMO5K-2390,20,2,2,4,2,5,1,1,5,1,2,3,1,2,1,3,3,1,2,1,4,1,2,2,2,1,3,2,1,2,1,2,3,692455,0,1
DEMO5K-2391,17,2,3,3,3,3,3,5,2,4,3,4,2,3,2,3,3,3,2,1,3,1,3,4,4,1,1,3,1,2,2,2,1,358069,0,1
DEMO5K-2392,24,1,3,1,2,2,4,5,4,4,3,3,2,2,5,2,4,2,3,1,4,3,5,3,3,3,3,3,3,2,3,2,2,640309,0,1
DEMO5K-2393,31,1,2,4,2,5,2,4,4,3,4,3,3,2,3,3,3,4,2,1,4,2,3,3,2,4,2,2,3,3,3,4,2,631070,0,1
DEMO5K-2394,27,2,2,2,3,3,3,4,2,4,4,3,3,2,2,2,3,2,1,1,3,3,5,3,3,3,3,2,4,4,3,3,4,549966,0,1
DEMO5K-2395,32,2,3,5,4,3,1,4,2,2,3,3,4,2,2,3,2,3,4,1,1,2,2,2,1,2,3,4,4,2,1,3,3,47344,1,1
DEMO5K-2396,35,1,3,2,4,3,2,4,2,3,1,2,2,5,4,3,2,3,1,1,3,3,3,3,4,2,3,2,2,3,4,2,1,369728,0,1
DEMO5K-2397,28,2,2,1,2,2,3,2,3,4,4,3,3,3,1,5,4,3,4,1,4,4,3,4,3,3,4,5,3,4,3,4,4,401130,0,1
DEMO5K-2398,22,1,2,2,4,4,3,2,3,3,4,5,2,2,2,2,1,1,1,1,1,1,1,2,1,2,3,2,2,2,2,2,2,551684,0,1
DEMO5K-2399,33,1,2,2,2,1,5,5,1,5,4,4,5,3,3,4,3,3,5,1,2,2,4,4,4,4,3,3,4,4,3,4,4,551947,0,1
DEMO5K-2400,30,2,3,3,3,3,4,4,3,3,3,4,4,4,5,4,4,4,5,3,3,3,5,5,2,4,3,4,3,3,3,4,5,486900,0,0
DEMO5K-2401,31,1,2,4,4,3,1,2,4,2,2,1,1,1,1,1,1,1,1,1,1,1,3,2,2,1,3,3,2,3,2,3,4,390668,0,1
DEMO5K-2402,18,2,3,2,2,5,2,1,5,1,1,2,2,2,2,3,2,2,1,1,4,3,2,2,1,3,1,2,3,3,3,1,2,676353,0,1
DEMO5K-2403,24,1,3,1,4,2,5,4,1,4,4,4,4,3,3,3,3,4,4,1,5,4,4,3,3,4,5,5,4,5,5,5,5,438277,0,1
DEMO5K-2404,21,2,1,5,4,1,4,5,1,4,3,3,3,3,3,2,4,3,4,1,2,2,1,3,2,3,2,1,2,3,2,3,3,528194,0,1
DEMO5K-2405,34,2,2,1,3,1,3,3,5,5,4,5,3,4,2,3,4,4,3,1,2,2,3,1,2,2,3,3,2,2,4,3,5,641148,0,1
DEMO5K-2406,22,1,3,1,2,1,4,2,4,2,1,4,5,3,4,4,4,5,4,1,2,3,2,2,2,3,5,4,4,4,3,4,5,331434,0,1
DEMO5K-2407,33,2,2,3,4,4,4,3,1,3,4,3,4,4,3,4,5,4,2,1,2,3,2,4,3,5,2,2,4,3,4,4,2,455158,0,1
DEMO5K-2408,33,2,2,4,3,3,2,2,2,5,1,3,3,3,4,4,5,5,5,1,3,4,4,3,3,2,3,3,2,3,5,2,3,402713,0,1
DEMO5K-2409,17,2,3,4,4,2,4,4,3,4,4,3,4,3,1,2,3,4,3,1,3,5,4,3,3,3,2,4,3,3,4,2,3,321003,0,1
DEMO5K-2410,20,2,2,3,3,4,2,3,2,4,3,3,4,5,5,5,5,5,4,1,2,3,5,4,2,5,3,3,3,3,1,4,1,559458,0,1
DEMO5K-2411,22,1,3,3,3,3,2,4,3,4,4,4,4,3,4,5,4,5,4,1,4,2,1,3,3,3,4,5,4,5,3,2,3,357666,0,1
DEMO5K-2412,19,1,3,5,3,5,1,3,5,1,3,3,3,4,4,1,3,1,2,1,2,4,4,5,5,4,4,3,3,4,3,3,4,446356,0,1
DEMO5K-2413,32,2,2,4,3,1,4,3,3,2,2,3,3,4,3,2,1,2,2,3,3,2,2,5,4,3,1,3,1,3,4,2,3,558669,0,0
DEMO5K-2414,26,2,2,3,1,3,2,3,3,2,3,2,5,4,3,3,3,3,3,1,2,2,1,3,3,2,2,3,2,1,2,2,2,414950,0,1
DEMO5K-2415,19,2,3,1,2,5,2,2,5,1,1,1,1,1,1,2,3,1,1,1,2,4,2,2,3,3,1,2,4,3,2,2,2,466266,0,1
DEMO5K-2416,32,2,3,5,2,1,2,4,5,3,3,2,5,5,5,4,4,5,5,1,2,4,2,4,3,2,5,4,5,4,5,5,5,321252,0,1
DEMO5K-2417,33,1,2,1,4,5,3,3,5,2,1,2,3,1,2,3,3,5,3,1,4,5,4,3,4,3,3,2,2,2,3,3,4,480806,0,1
DEMO5K-2418,30,1,3,2,3,2,4,3,3,3,4,4,5,4,4,4,5,5,4,1,1,3,2,4,4,1,2,4,5,3,3,3,3,624409,0,1
DEMO5K-2419,31,2,1,5,4,3,2,2,3,3,2,2,2,1,2,3,2,2,3,1,4,3,3,3,3,2,4,3,5,4,2,3,4,347851,0,1
DEMO5K-2420,33,1,2,5,2,4,2,3,2,3,3,2,4,3,3,3,3,2,3,1,5,3,5,4,5,3,2,3,4,2,3,3,4,494649,0,1
DEMO5K-2421,24,2,3,2,2,4,3,2,3,3,3,3,4,4,4,3,5,3,5,1,3,2,4,4,3,3,2,3,3,2,3,4,3,441078,0,1
DEMO5K-2422,19,2,2,4,1,5,1,2,5,1,2,2,2,3,1,2,1,2,1,1,4,3,3,3,3,3,2,4,3,4,4,5,3,698571,0,1
DEMO5K-2423,17,2,3,4,4,3,3,5,1,5,4,5,4,4,5,4,4,4,4,1,5,4,4,4,4,4,3,4,3,3,4,3,3,380089,0,1
DEMO5K-2424,32,2,1,1,4,4,3,2,2,3,3,4,3,2,4,2,3,3,1,1,1,2,2,1,2,2,4,4,5,4,5,4,4,343224,0,1
DEMO5K-2425,26,2,1,2,4,5,4,2,3,1,1,2,2,2,2,1,1,1,2,1,1,4,3,1,1,2,2,3,1,3,4,3,2,532012,0,1
DEMO5K-2426,26,1,2,4,2,4,2,5,4,3,4,3,3,3,3,3,2,5,1,1,3,5,3,2,2,2,2,5,2,4,3,5,2,351175,0,1
DEMO5K-2427,29,1,2,1,3,1,2,3,1,2,3,2,3,1,2,2,2,2,4,1,4,3,2,4,3,3,2,3,1,3,2,3,3,650503,0,1
DEMO5K-2428,27,2,3,1,2,3,3,5,1,4,4,3,2,4,4,5,4,4,5,1,1,2,4,3,5,5,4,4,4,5,3,4,3,423605,0,1
DEMO5K-2429,20,2,2,4,2,3,3,3,4,3,2,2,2,1,2,1,1,2,3,1,2,1,2,2,1,2,2,5,4,3,3,3,3,444866,0,1
DEMO5K-2430,18,2,1,5,2,5,2,3,3,2,1,3,3,2,1,5,3,3,1,2,1,2,3,3,2,2,1,1,2,2,1,1,1,405323,0,0
DEMO5K-2431,31,2,3,2,3,2,5,4,2,5,5,3,5,2,5,4,4,3,2,1,3,4,4,4,2,3,5,4,5,5,3,5,5,491449,0,1
DEMO5K-2432,23,1,2,2,3,3,5,5,3,4,1,1,4,3,5,3,3,3,5,1,5,3,2,4,3,1,4,3,3,3,5,3,3,376340,0,1
DEMO5K-2433,30,2,3,3,3,3,3,4,1,5,4,5,2,4,3,2,4,2,3,1,2,4,3,4,3,2,4,2,2,4,4,3,4,64839,1,1
DEMO5K-2434,24,2,2,4,4,4,3,3,4,4,3,4,3,3,5,2,3,3,3,1,3,3,1,3,2,2,2,4,1,2,1,2,3,451340,0,1
DEMO5K-2435,19,2,2,4,2,4,3,3,3,3,2,2,3,1,3,3,2,3,2,1,1,3,2,2,3,2,1,1,1,1,2,1,3,588293,0,1
DEMO5K-2436,19,2,3,5,4,4,2,4,2,2,2,4,2,3,4,2,4,5,3,1,2,2,3,5,2,2,4,3,3,3,4,3,4,565472,0,1
DEMO5K-2437,19,2,1,3,2,4,3,4,4,3,2,1,3,3,4,3,5,4,3,1,5,3,3,4,4,3,2,3,3,1,3,1,2,622207,0,1
DEMO5K-2438,23,1,3,2,2,1,5,5,1,5,5,5,4,5,5,5,5,5,5,1,4,4,4,4,4,5,3,5,4,3,4,4,4,322047,0,1
DEMO5K-2439,23,2,1,5,2,2,3,1,3,4,4,4,4,2,2,5,3,5,3,1,4,4,2,2,3,3,2,4,5,3,2,3,2,307939,0,1
DEMO5K-2440,23,1,3,3,4,4,2,2,2,2,2,4,2,3,1,4,2,3,4,1,5,5,5,4,3,4,5,4,3,4,4,3,5,612067,0,1
DEMO5K-2441,24,1,2,5,3,1,4,5,1,4,5,5,5,5,5,5,5,4,4,1,4,4,5,5,5,5,5,5,5,5,5,5,5,469799,0,1
DEMO5K-2442,18,1,2,3,3,4,3,1,3,2,1,2,1,2,3,3,3,3,1,1,3,1,1,3,2,3,3,1,1,2,2,2,3,440804,0,1
DEMO5K-2443,17,1,3,5,3,4,3,3,2,2,1,3,2,2,2,3,2,4,1,1,2,4,3,3,2,4,3,2,3,2,4,3,4,685672,0,1
DEMO5K-2444,23,2,2,5,1,5,1,2,5,1,2,1,2,2,3,1,2,2,1,1,1,1,2,3,3,1,1,1,1,1,1,1,1,612656,0,1
DEMO5K-2445,22,2,1,5,3,3,3,4,4,3,2,4,5,4,3,5,5,4,3,1,2,4,3,3,2,3,3,2,1,4,4,3,2,655452,0,1
DEMO5K-2446,27,2,2,5,3,3,5,5,3,3,5,3,3,5,2,4,2,1,5,1,3,2,1,3,4,3,2,1,2,2,2,2,3,625667,0,1
DEMO5K-2447,35,2,2,3,1,3,4,3,3,4,4,3,5,4,2,1,3,3,2,1,3,4,3,5,4,5,3,5,5,5,4,4,3,380644,0,1
DEMO5K-2448,19,2,1,2,1,2,4,2,2,4,3,5,4,4,4,5,5,5,5,1,4,4,4,5,5,4,4,3,4,3,4,4,3,427016,0,1
DEMO5K-2449,28,2,2,2,3,3,1,1,4,1,1,3,2,2,2,3,3,4,3,1,5,2,4,2,2,4,4,4,4,3,4,3,3,507698,0,1
DEMO5K-2450,33,2,1,4,3,4,2,2,4,2,1,1,3,1,2,2,1,2,3,1,1,2,1,2,2,2,3,2,1,3,1,3,2,531656,0,1
DEMO5K-2451,21,1,1,5,3,4,3,2,5,3,3,2,3,4,4,4,3,4,3,1,3,2,4,1,3,4,2,4,4,4,3,3,3,73462,1,1
DEMO5K-2452,31,2,1,3,3,4,4,2,5,2,3,2,4,3,4,2,2,2,3,1,2,4,2,3,3,4,3,3,3,1,3,3,1,670003,0,1
DEMO5K-2453,31,2,2,1,3,2,3,3,2,3,4,5,4,5,4,5,5,5,5,1,2,1,3,3,1,4,5,3,3,2,4,4,4,451565,0,1
DEMO5K-2454,33,1,3,2,4,2,3,4,3,3,3,3,2,3,3,4,3,4,3,1,3,2,3,4,4,3,2,3,3,5,4,2,1,382451,0,1
DEMO5K-2455,34,2,2,1,4,4,2,5,4,1,2,1,1,1,2,2,3,2,3,1,1,1,3,3,2,2,1,1,1,1,1,1,1,541678,0,1
DEMO5K-2456,35,2,3,1,2,4,3,5,3,4,4,4,3,2,4,3,2,1,1,1,2,2,2,4,2,3,3,5,4,5,4,2,4,428241,0,1
DEMO5K-2457,34,1,3,4,3,4,2,1,3,2,2,1,1,2,3,4,1,3,3,1,2,3,2,2,3,2,1,2,1,1,1,2,2,576786,0,1
DEMO5K-2458,20,2,3,5,2,2,1,1,4,1,1,2,3,2,1,2,2,1,3,1,2,3,2,2,1,2,1,1,1,1,1,3,4,361941,0,1
DEMO5K-2459,31,2,2,2,3,3,3,2,5,1,2,2,3,4,4,5,5,4,3,1,1,2,3,3,3,3,3,1,1,2,3,2,2,511743,0,1
DEMO5K-2460,35,2,3,2,3,3,3,3,3,4,2,2,2,3,3,2,4,4,4,1,4,3,4,3,2,3,4,3,2,2,3,3,4,430385,0,1
DEMO5K-2461,25,2,1,1,1,3,3,3,4,2,5,2,2,1,1,1,1,2,2,1,4,3,3,3,4,3,3,5,3,1,2,3,3,663484,0,1
DEMO5K-2462,25,2,2,2,1,3,2,4,2,3,2,2,3,3,2,2,3,2,3,1,4,2,3,3,3,2,2,4,2,3,3,3,4,512512,0,1
DEMO5K-2463,28,1,3,4,4,1,3,3,1,5,3,4,3,2,2,2,4,2,5,1,2,3,3,3,4,2,4,2,3,3,3,2,2,612481,0,1
DEMO5K-2464,35,1,3,1,3,2,4,4,2,2,5,3,4,4,2,3,2,4,5,1,4,2,1,1,2,2,5,2,1,3,3,4,3,416513,0,1
DEMO5K-2465,33,2,3,4,3,4,4,3,4,3,3,2,5,5,4,5,4,5,4,1,4,4,3,4,2,4,3,3,4,4,5,3,4,547259,0,1
DEMO5K-2466,28,1,1,5,4,4,2,5,4,2,3,2,1,2,2,1,1,1,1,1,3,2,1,3,3,2,3,3,3,4,3,3,2,698119,0,1
DEMO5K-2467,31,2,2,2,4,1,5,4,2,5,4,4,3,4,3,2,3,2,1,1,4,4,5,5,4,5,1,3,2,3,4,3,2,393037,0,1
DEMO5K-2468,34,2,2,3,3,4,4,2,4,1,3,3,5,4,5,4,3,4,3,1,3,4,2,2,3,4,2,3,4,3,4,4,1,397330,0,1
DEMO5K-2469,23,2,2,5,3,3,1,2,3,1,1,2,4,4,4,2,3,3,2,1,2,2,3,2,3,2,3,2,1,1,1,2,1,612793,0,1
DEMO5K-2470,23,1,2,2,3,3,4,3,2,2,2,4,2,2,2,3,2,2,1,1,3,3,2,4,2,2,3,3,3,1,4,2,3,362835,0,1
DEMO5K-2471,18,2,2,3,2,3,2,3,3,3,3,3,1,1,2,1,1,2,1,1,2,1,2,2,2,2,1,1,3,2,2,2,2,449674,0,1
DEMO5K-2472,23,1,3,3,3,2,5,4,3,4,4,4,4,4,5,4,5,4,3,1,4,5,5,5,4,4,5,4,4,4,3,5,5,304533,0,1
DEMO5K-2473,33,1,2,1,2,4,1,1,5,1,1,1,2,4,3,4,3,2,1,1,3,1,1,2,1,3,3,3,2,2,1,3,3,428610,0,1
DEMO5K-2474,34,2,3,4,2,1,5,4,2,3,4,4,3,2,3,3,2,2,3,1,4,4,3,3,3,3,4,4,4,3,5,2,5,347114,0,1
DEMO5K-2475,30,2,2,1,1,2,3,3,4,2,2,3,4,2,2,4,4,3,3,1,4,4,4,3,2,4,1,2,2,2,4,3,3,615842,0,1
DEMO5K-2476,32,2,2,1,2,2,4,2,2,4,2,3,4,4,2,3,3,4,2,1,2,3,3,4,3,2,2,3,4,2,3,2,2,667280,0,1
DEMO5K-2477,31,1,2,2,2,3,4,4,4,3,4,4,4,3,3,2,4,3,4,1,5,4,4,4,3,3,3,3,1,2,3,3,3,620295,0,1
DEMO5K-2478,32,2,3,4,3,5,2,1,5,1,2,1,2,1,4,2,2,2,3,1,2,1,3,2,1,1,3,3,2,2,3,1,1,325499,0,1
DEMO5K-2479,33,2,2,3,2,1,5,4,1,5,4,4,2,4,3,3,4,4,3,1,4,4,3,3,3,4,2,3,2,2,2,5,4,342920,0,1
DEMO5K-2480,35,2,3,2,4,3,2,1,5,1,2,1,4,3,3,2,3,1,2,1,3,2,4,4,3,2,1,1,2,1,2,3,1,670543,0,1
DEMO5K-2481,18,1,3,2,3,5,4,2,3,2,3,1,2,3,4,3,2,3,2,1,4,3,4,4,5,5,3,3,2,3,3,2,4,433119,0,1
DEMO5K-2482,24,2,2,4,4,3,4,5,4,4,3,3,4,3,4,3,3,3,3,1,3,5,2,3,3,4,4,4,3,2,4,5,3,400758,0,1
DEMO5K-2483,27,2,2,3,1,3,3,3,2,3,3,2,1,3,2,4,4,2,2,1,4,4,4,3,3,3,3,3,3,3,4,2,4,622540,0,1
DEMO5K-2484,20,2,3,3,2,1,5,5,2,4,3,5,4,4,4,3,2,3,3,1,3,2,3,2,2,2,4,3,2,3,3,3,3,594669,0,1
DEMO5K-2485,35,1,2,4,4,2,3,4,2,3,3,3,5,3,4,4,3,4,3,1,5,5,4,4,4,4,3,3,1,2,4,2,4,303941,0,1
DEMO5K-2486,19,2,3,1,4,2,4,3,3,3,4,3,3,2,2,3,2,2,3,1,3,2,2,4,3,4,3,5,4,4,3,3,3,617073,0,1
DEMO5K-2487,26,1,3,2,2,2,2,2,5,2,1,4,1,3,2,2,3,4,2,1,2,3,2,3,3,2,2,1,2,2,1,2,2,588136,0,1
DEMO5K-2488,24,1,1,3,4,3,4,3,2,3,3,5,5,3,5,3,5,4,4,1,3,4,4,5,4,3,5,5,4,5,5,5,5,589998,0,1
DEMO5K-2489,28,1,2,4,2,4,1,1,5,1,2,2,1,1,1,2,1,1,1,1,4,2,2,1,3,3,1,4,1,1,1,3,3,56414,1,1
DEMO5K-2490,19,2,3,2,1,4,4,4,3,2,3,2,3,3,4,3,4,5,4,2,5,5,3,5,4,4,4,4,5,4,5,5,3,679669,0,0
DEMO5K-2491,34,1,2,5,2,2,3,2,4,3,2,3,4,3,4,2,2,3,4,1,2,3,2,3,5,2,3,2,2,2,3,2,2,358763,0,1
DEMO5K-2492,32,1,3,1,2,1,2,4,1,1,4,4,3,3,3,5,3,2,3,1,4,4,4,4,5,5,4,5,5,5,2,5,2,622451,0,1
DEMO5K-2493,33,2,2,2,3,5,3,2,3,3,3,3,2,2,3,2,3,1,2,1,3,4,4,2,2,4,2,2,2,4,3,2,2,607168,0,1
DEMO5K-2494,21,2,2,2,4,3,3,4,2,4,2,2,5,5,5,4,4,5,5,1,3,1,4,2,2,4,3,3,4,4,3,1,2,427997,0,1
DEMO5K-2495,23,2,3,3,4,3,4,1,4,3,3,2,3,4,4,4,5,3,4,1,5,4,4,3,3,4,2,2,3,2,3,3,4,590132,0,1
DEMO5K-2496,28,1,3,3,3,5,1,2,3,3,3,2,3,3,3,2,3,2,3,1,2,3,1,1,2,3,5,3,4,4,3,4,5,477041,0,1
DEMO5K-2497,34,1,3,1,1,1,3,2,5,3,3,4,2,4,2,3,3,2,2,1,2,2,4,2,1,3,3,4,2,2,4,3,4,530592,0,1
DEMO5K-2498,18,2,2,2,3,3,3,3,3,2,3,2,2,2,2,2,1,2,2,1,2,2,2,2,3,3,1,2,2,3,2,2,4,682520,0,1
DEMO5K-2499,21,1,2,5,1,3,2,3,3,3,2,4,3,3,4,2,2,3,4,1,3,2,3,1,3,2,3,2,1,3,1,1,2,472710,0,1
DEMO5K-2500,22,2,3,3,2,3,2,3,5,2,2,4,5,3,5,4,3,5,3,1,3,5,5,5,5,5,3,4,5,5,4,4,3,585583,0,1
DEMO5K-2501,31,1,3,4,4,4,2,3,5,1,3,3,3,2,4,3,2,4,3,1,3,2,4,2,1,3,1,1,2,2,3,2,3,618906,0,1
DEMO5K-2502,28,1,3,5,1,4,3,3,3,4,3,4,4,4,4,3,2,3,4,1,3,4,3,4,4,3,4,5,4,3,4,5,5,627492,0,1
DEMO5K-2503,23,1,3,5,2,5,1,2,4,1,1,1,3,4,2,2,3,2,3,1,1,1,2,1,2,2,2,2,2,3,2,4,3,417244,0,1
DEMO5K-2504,34,1,2,4,3,4,1,1,3,2,2,2,4,3,1,1,2,2,2,1,3,2,3,1,3,2,3,4,5,2,3,4,3,584352,0,1
DEMO5K-2505,31,2,2,3,2,3,3,5,1,5,5,5,5,5,4,5,4,5,3,1,4,5,4,4,5,4,4,3,2,4,3,3,2,550498,0,1
DEMO5K-2506,20,1,2,2,3,4,3,2,3,3,3,3,3,2,4,2,4,3,2,1,4,4,3,3,2,5,4,4,5,3,2,3,2,71015,1,1
DEMO5K-2507,21,2,2,2,1,3,3,3,2,3,3,3,2,2,3,4,2,3,2,1,4,3,2,2,3,3,4,3,2,4,3,3,4,607618,0,1
DEMO5K-2508,22,1,2,3,4,4,3,4,2,3,4,2,3,2,1,2,2,3,3,1,3,1,3,1,3,4,3,1,3,1,3,3,1,467024,0,1
DEMO5K-2509,25,2,3,2,3,3,4,2,3,3,3,3,2,4,3,3,3,4,3,1,5,4,5,4,3,4,4,5,5,4,4,5,5,472372,0,1
DEMO5K-2510,20,1,3,1,3,4,1,2,3,2,5,2,4,2,2,3,1,3,2,1,3,5,4,5,3,2,4,3,3,2,2,3,4,678612,0,1
DEMO5K-2511,29,2,2,2,2,2,2,2,3,2,2,2,3,2,4,3,4,3,2,1,1,1,1,1,2,3,2,3,1,1,2,2,2,75477,1,1
DEMO5K-2512,19,1,2,5,2,4,2,2,4,2,3,3,5,3,3,4,5,4,3,1,4,3,1,2,3,1,2,2,1,1,3,1,3,448165,0,1
DEMO5K-2513,31,1,3,3,4,4,3,3,5,3,1,2,3,4,2,4,1,1,2,1,1,2,3,2,1,2,3,1,2,4,2,4,5,604906,0,1
DEMO5K-2514,26,2,3,4,2,4,2,2,5,2,3,1,1,1,5,3,1,3,1,1,1,2,1,3,1,3,4,3,2,3,4,4,4,530949,0,1
DEMO5K-2515,33,2,2,1,2,4,2,2,4,3,2,3,1,1,5,3,4,3,3,1,2,3,3,5,4,3,2,3,2,2,2,3,2,549807,0,1
DEMO5K-2516,22,2,2,1,2,1,4,5,1,4,4,3,5,5,5,5,5,4,5,1,3,1,3,2,3,1,4,4,5,3,5,3,4,505583,0,1
DEMO5K-2517,21,2,2,2,3,4,3,2,5,2,3,3,3,2,4,4,4,4,3,1,2,4,3,4,4,4,3,3,4,2,2,2,1,616398,0,1
DEMO5K-2518,19,1,2,5,3,1,4,5,3,4,5,5,5,5,3,3,2,4,3,1,5,4,3,4,4,5,2,5,4,5,4,4,3,469714,0,1
DEMO5K-2519,17,2,3,3,2,3,3,3,2,3,4,4,3,1,1,3,4,2,4,1,3,4,2,2,3,3,4,3,2,3,4,3,2,405366,0,1
DEMO5K-2520,34,1,2,2,3,2,4,2,5,3,2,3,3,2,3,4,2,4,4,1,5,4,2,3,4,4,4,3,3,3,3,4,4,345630,0,1
DEMO5K-2521,33,1,3,5,1,4,1,2,3,2,1,2,1,1,2,2,3,1,4,1,2,1,2,1,1,2,3,2,2,4,4,3,3,325615,0,1
DEMO5K-2522,20,1,2,4,4,2,3,3,4,4,4,3,5,4,4,2,4,4,3,1,4,3,2,2,4,4,2,3,4,1,3,3,2,385508,0,1
DEMO5K-2523,23,2,3,2,3,2,4,2,2,5,4,3,1,3,3,3,4,3,1,1,4,4,4,3,3,4,4,3,4,3,3,4,4,473390,0,1
DEMO5K-2524,26,2,2,5,3,3,4,5,2,3,3,3,3,4,3,4,4,4,4,1,3,4,5,3,3,4,2,3,5,3,4,3,2,366107,0,1
DEMO5K-2525,24,2,2,5,3,3,4,5,3,4,4,2,3,4,5,4,3,4,2,1,3,3,2,4,2,3,4,1,3,3,4,2,4,456097,0,1
DEMO5K-2526,26,1,3,1,3,1,4,4,1,3,3,3,2,5,5,3,5,5,4,1,4,3,3,2,4,3,4,4,5,3,4,4,4,654173,0,1
DEMO5K-2527,24,1,2,3,3,1,5,4,5,3,4,3,5,4,3,5,5,5,4,1,3,4,5,4,4,5,3,5,4,5,3,5,4,303899,0,1
DEMO5K-2528,29,2,2,5,3,4,3,2,4,3,1,1,3,4,5,5,5,4,5,1,2,2,2,1,3,4,2,2,1,1,5,1,3,346356,0,1
DEMO5K-2529,27,1,2,2,4,2,4,3,2,5,4,5,3,3,3,3,1,3,2,1,5,5,4,3,3,4,4,5,2,4,5,3,4,446966,0,1
DEMO5K-2530,24,2,2,1,3,4,3,2,4,2,1,1,3,2,2,3,2,2,3,1,3,3,3,3,3,1,2,2,2,5,4,2,2,355983,0,1
DEMO5K-2531,34,1,3,1,3,4,3,3,3,3,1,2,3,4,3,2,2,2,4,1,2,1,2,3,2,2,3,1,1,1,1,1,2,79760,1,1
DEMO5K-2532,25,2,2,1,3,3,1,2,5,2,2,1,4,2,5,2,2,4,3,1,3,4,3,3,3,4,2,5,5,2,3,3,4,410246,0,1
DEMO5K-2533,27,2,3,1,3,3,3,5,3,4,5,3,3,2,3,3,2,2,2,1,4,2,4,5,3,5,4,5,5,3,4,3,5,451344,0,1
DEMO5K-2534,17,2,1,4,2,4,3,1,3,2,3,2,2,3,2,3,4,4,3,1,4,3,3,4,5,5,4,3,2,3,4,3,4,411462,0,1
DEMO5K-2535,19,1,2,5,4,3,3,4,2,4,5,2,3,3,3,3,3,2,2,5,2,1,1,3,3,2,2,1,1,1,3,1,1,428901,0,0
DEMO5K-2536,18,1,2,4,3,1,4,4,2,4,4,4,3,4,4,4,3,3,2,1,2,3,4,3,3,4,2,5,2,5,3,3,3,675994,0,1
DEMO5K-2537,29,1,3,2,4,5,3,4,3,3,4,3,3,4,4,4,1,3,2,1,3,3,3,4,4,5,4,4,3,4,5,4,5,584917,0,1
DEMO5K-2538,31,1,3,4,3,4,2,3,3,3,3,3,5,3,2,1,2,5,1,1,3,2,2,3,2,3,5,3,3,2,3,4,4,563801,0,1
DEMO5K-2539,23,1,3,4,2,4,4,2,3,5,2,4,3,4,3,3,3,3,2,1,2,3,4,1,2,3,2,1,3,3,5,4,3,582310,0,1
DEMO5K-2540,25,1,2,2,1,3,3,3,3,2,3,3,1,1,2,1,2,2,3,1,2,2,3,2,2,2,3,3,3,2,4,3,3,612290,0,1
DEMO5K-2541,23,2,3,5,4,2,3,2,3,5,2,2,3,3,3,4,3,3,2,1,3,4,4,2,3,3,3,2,2,2,3,3,3,602545,0,1
DEMO5K-2542,22,2,3,4,4,4,2,2,4,2,3,2,4,5,4,5,5,5,4,1,4,4,3,4,3,5,4,2,4,4,4,3,5,81265,1,1
DEMO5K-2543,21,1,2,1,2,5,1,3,5,2,2,2,3,3,3,2,3,2,3,1,5,3,3,3,4,4,3,2,3,1,3,2,4,398135,0,1
DEMO5K-2544,26,2,3,5,3,2,4,5,2,4,3,4,4,5,5,3,3,3,4,1,2,4,2,2,1,4,2,3,3,3,3,3,3,549690,0,1
DEMO5K-2545,26,2,1,3,4,2,1,4,3,4,4,4,3,2,4,1,1,2,3,1,3,4,4,5,5,5,4,4,4,5,3,5,3,692840,0,1
DEMO5K-2546,20,2,3,3,1,3,2,4,3,2,3,5,3,2,3,1,2,2,1,1,3,4,5,3,5,3,4,3,4,4,1,2,2,427648,0,1
DEMO5K-2547,24,2,2,2,4,4,2,3,2,4,3,4,4,5,4,4,2,4,4,1,3,4,5,4,4,4,3,3,2,5,4,3,4,373148,0,1
DEMO5K-2548,33,1,1,1,2,2,5,3,3,3,4,4,4,3,4,5,3,3,2,1,2,3,4,3,3,3,2,3,5,2,4,2,4,369054,0,1
DEMO5K-2549,35,1,3,3,2,2,4,2,3,5,3,3,2,5,3,3,5,3,4,2,3,2,1,4,1,1,4,3,5,2,2,4,2,643087,0,0
DEMO5K-2550,32,1,1,3,4,2,2,3,2,1,2,3,4,2,1,3,2,3,3,1,3,2,2,3,2,2,3,3,2,4,2,1,3,651950,0,1
DEMO5K-2551,31,2,3,4,3,5,1,2,4,4,2,2,4,5,1,4,3,4,5,1,1,4,1,2,3,2,3,3,3,4,1,4,4,686612,0,1
DEMO5K-2552,30,1,1,4,1,3,4,2,4,2,2,3,4,3,4,2,4,3,2,1,4,4,3,2,3,2,3,4,3,2,5,5,4,555059,0,1
DEMO5K-2553,21,2,3,5,1,1,4,4,2,5,4,5,2,3,4,3,2,1,4,1,5,5,3,5,5,4,1,2,3,3,4,3,2,427951,0,1
DEMO5K-2554,22,2,1,1,3,2,4,3,3,4,3,4,4,3,2,3,2,2,4,1,2,3,5,2,4,2,3,4,3,4,4,3,2,465119,0,1
DEMO5K-2555,35,2,1,3,2,4,2,4,3,4,3,4,4,4,1,2,3,2,3,1,1,3,2,2,3,4,2,3,2,2,2,2,1,440587,0,1
DEMO5K-2556,18,2,3,3,4,3,3,3,3,3,3,2,3,2,1,3,4,1,3,1,3,3,1,3,2,2,3,3,3,1,2,1,2,647477,0,1
DEMO5K-2557,20,2,1,2,2,2,5,5,1,4,4,5,5,2,3,3,3,2,4,1,5,4,5,3,4,3,4,3,4,3,3,4,3,424777,0,1
DEMO5K-2558,28,2,1,4,3,4,1,1,5,1,2,1,5,3,5,4,3,5,4,1,2,1,2,1,1,1,2,2,2,2,1,2,1,411591,0,1
DEMO5K-2559,20,1,2,5,3,4,2,4,3,3,2,1,1,3,1,1,1,1,1,1,1,2,2,1,3,1,2,1,1,3,1,3,3,624991,0,1
DEMO5K-2560,25,2,2,4,4,2,4,5,1,5,4,3,3,5,5,4,4,3,4,1,1,4,4,4,5,5,4,5,5,5,4,4,5,573171,0,1
DEMO5K-2561,35,2,2,3,1,1,4,2,3,3,1,3,3,2,3,3,3,1,2,1,2,2,2,4,4,2,5,3,5,4,4,2,3,595628,0,1
DEMO5K-2562,33,2,1,1,4,2,4,5,2,5,3,4,2,3,2,4,4,3,3,1,3,3,5,3,2,3,2,2,3,3,3,2,1,353733,0,1
DEMO5K-2563,18,1,2,5,4,5,3,5,4,2,2,2,2,4,3,5,4,5,4,1,3,4,4,4,4,3,5,2,3,3,3,1,3,608057,0,1
DEMO5K-2564,34,2,2,5,1,2,3,4,1,3,2,2,3,4,3,4,3,2,3,1,1,2,2,3,2,2,4,3,5,3,5,4,4,542123,0,1
DEMO5K-2565,17,1,2,1,3,1,3,3,4,4,3,2,1,2,1,4,2,4,3,1,2,4,1,2,4,4,5,4,4,4,4,4,3,560030,0,1
DEMO5K-2566,25,1,3,3,2,3,4,4,3,4,3,3,3,3,5,4,3,4,3,1,5,3,3,5,4,5,4,2,3,2,2,3,2,343121,0,1
DEMO5K-2567,25,1,3,3,2,4,3,2,3,2,3,2,4,2,3,3,3,3,3,1,2,1,2,2,2,3,3,3,3,3,3,1,3,60418,1,1
DEMO5K-2568,19,2,2,3,3,1,4,5,1,4,5,5,4,5,4,3,4,2,3,1,4,2,4,5,2,3,3,1,1,2,3,2,4,674108,0,1
DEMO5K-2569,25,2,2,4,4,3,3,2,3,2,3,2,2,3,3,4,2,1,3,1,2,2,3,3,4,3,2,3,3,2,3,3,3,589054,0,1
DEMO5K-2570,20,2,2,3,3,3,4,3,3,5,3,3,4,3,4,3,1,4,4,1,3,3,2,2,2,2,1,1,1,4,4,2,1,472083,0,1
DEMO5K-2571,18,2,3,1,2,4,2,3,4,1,2,2,2,3,3,4,3,3,3,1,4,2,1,2,3,2,5,2,1,2,2,2,3,430605,0,1
DEMO5K-2572,29,2,3,5,4,3,1,4,3,3,3,3,2,2,3,1,3,4,3,1,2,4,3,5,5,4,3,2,4,2,2,2,4,567628,0,1
DEMO5K-2573,22,2,2,3,1,2,4,2,2,2,4,2,1,2,3,4,2,4,3,1,3,2,1,1,2,2,3,2,3,2,3,3,2,418187,0,1
DEMO5K-2574,17,2,1,3,2,3,3,5,3,3,5,3,4,4,4,3,5,2,4,1,3,3,3,4,4,4,3,4,1,3,4,3,2,316781,0,1
DEMO5K-2575,17,2,3,2,4,5,1,2,4,2,3,2,3,2,2,3,3,2,3,1,1,1,2,1,2,1,3,2,2,2,3,3,3,611236,0,1
DEMO5K-2576,23,2,2,3,4,4,3,3,4,1,3,2,4,2,3,4,4,3,3,1,3,3,3,2,2,4,5,2,3,5,4,4,3,479945,0,1
DEMO5K-2577,35,1,1,2,1,3,2,3,1,2,5,4,3,2,2,1,2,1,2,1,3,4,2,1,1,2,3,2,2,2,2,4,3,679880,0,1
DEMO5K-2578,33,1,2,1,3,1,5,5,1,5,5,5,5,5,5,5,5,4,5,1,5,4,5,5,5,5,5,4,4,4,5,4,5,492612,0,1
DEMO5K-2579,33,2,2,5,1,5,1,3,5,1,2,2,3,1,1,1,1,3,1,1,1,2,1,1,1,1,4,3,3,3,5,5,1,562781,0,1
DEMO5K-2580,32,1,3,2,3,1,4,2,3,3,3,2,3,4,5,5,5,3,3,1,3,3,2,3,2,4,4,2,5,3,4,4,2,571439,0,1
DEMO5K-2581,23,1,1,3,3,4,3,3,2,3,3,1,4,3,4,4,4,5,4,1,3,3,3,2,3,2,3,4,4,1,3,3,4,534989,0,1
DEMO5K-2582,33,2,3,2,1,2,3,4,3,4,4,3,2,1,2,2,4,4,2,1,2,1,3,3,3,2,4,3,3,3,3,3,2,52496,1,1
DEMO5K-2583,33,2,2,4,3,1,5,5,2,5,4,5,5,4,4,4,3,2,3,1,3,5,2,2,5,4,3,4,4,4,5,4,5,560454,0,1
DEMO5K-2584,26,2,3,3,3,4,1,1,3,2,2,1,5,3,2,3,4,3,2,3,1,2,2,3,3,2,3,2,4,4,4,3,4,496215,0,0
DEMO5K-2585,23,1,3,4,3,2,3,1,4,3,3,2,2,3,3,4,3,3,4,1,2,3,3,1,3,4,3,2,3,3,3,3,2,431171,0,1
DEMO5K-2586,29,1,3,1,3,2,3,3,2,2,2,4,3,2,4,4,3,4,4,1,3,5,3,4,2,2,3,1,3,2,4,2,4,649511,0,1
DEMO5K-2587,28,2,1,5,4,1,5,5,2,5,4,4,5,4,2,4,3,5,4,1,3,3,4,3,3,5,4,5,5,5,5,5,4,76190,1,1
DEMO5K-2588,35,1,3,3,2,4,4,3,4,3,3,3,2,2,1,2,3,1,2,1,2,3,4,3,4,5,3,2,4,2,4,2,3,422709,0,1
DEMO5K-2589,27,1,3,3,3,5,3,2,3,2,3,2,4,3,3,2,3,2,3,1,4,4,4,4,3,5,3,2,2,3,2,3,3,624343,0,1
DEMO5K-2590,23,2,2,3,4,3,3,5,1,3,4,4,4,4,4,3,5,4,5,4,5,5,5,4,5,5,3,5,5,5,5,2,5,651723,0,0
DEMO5K-2591,31,1,3,4,2,3,2,3,4,1,3,4,5,5,4,4,5,2,2,1,3,3,4,3,5,3,2,4,3,3,3,2,5,501558,0,1
DEMO5K-2592,27,2,1,1,3,3,4,1,3,2,5,4,4,5,5,5,5,5,5,1,5,4,3,5,5,4,4,4,3,2,3,4,4,340523,0,1
DEMO5K-2593,21,2,3,2,2,3,2,1,3,1,1,2,3,2,3,2,1,4,4,1,2,3,4,5,5,4,3,3,3,4,5,5,4,371456,0,1
DEMO5K-2594,17,2,3,4,3,2,4,2,4,3,3,3,1,3,1,3,2,1,4,1,2,3,3,2,3,3,2,2,1,5,1,3,3,654612,0,1
DEMO5K-2595,28,2,3,1,4,4,4,3,3,1,3,1,4,2,1,3,3,4,2,1,4,3,3,3,2,2,3,4,3,1,4,5,3,411678,0,1
DEMO5K-2596,25,2,1,2,1,3,4,4,2,5,3,3,3,5,5,5,3,4,3,2,3,4,3,4,3,4,3,4,5,2,4,3,3,623854,0,0
DEMO5K-2597,35,2,2,2,2,4,4,3,3,3,2,3,4,2,3,3,2,3,1,1,2,3,3,3,2,4,3,3,5,3,5,3,3,643290,0,1
DEMO5K-2598,20,2,3,5,1,3,4,2,3,3,4,2,2,3,2,2,3,3,2,1,4,1,3,3,4,4,2,3,1,2,3,1,3,588478,0,1
DEMO5K-2599,31,2,1,5,4,2,4,3,2,3,3,4,1,4,4,5,2,3,4,1,3,5,4,5,4,4,1,3,1,3,4,3,2,494842,0,1
DEMO5K-2600,17,2,3,2,4,5,1,1,5,1,1,1,3,2,1,1,2,2,1,1,2,1,1,1,1,1,1,1,1,1,1,1,2,466889,0,1
DEMO5K-2601,17,2,2,2,3,1,4,3,2,2,4,5,5,4,4,3,4,2,3,1,2,2,3,4,2,3,5,3,3,3,4,3,1,669108,0,1
DEMO5K-2602,25,2,1,5,1,1,5,2,3,4,5,3,4,2,3,5,5,1,3,1,3,2,3,3,3,2,3,2,4,1,3,3,2,389880,0,1
DEMO5K-2603,20,1,2,5,3,4,4,1,3,2,3,3,4,4,2,3,3,3,3,1,2,2,5,3,3,4,2,1,2,3,3,3,2,66352,1,1
DEMO5K-2604,24,2,3,5,3,5,2,3,5,1,1,1,4,3,4,2,2,2,5,1,4,3,2,4,2,3,3,2,4,2,4,4,3,417901,0,1
DEMO5K-2605,32,2,3,3,4,3,5,2,2,4,2,2,4,4,4,4,3,2,4,1,2,3,4,3,3,1,4,4,4,3,5,2,4,306143,0,1
DEMO5K-2606,25,2,3,2,4,2,4,5,2,5,5,4,3,2,4,3,2,4,3,1,1,2,1,3,2,2,2,3,2,3,1,1,2,620450,0,1
DEMO5K-2607,22,2,3,1,2,2,5,4,2,4,4,4,2,2,2,2,3,1,3,1,5,3,3,4,4,1,5,4,1,2,3,2,4,583007,0,1
DEMO5K-2608,22,1,3,5,2,2,3,2,4,3,3,3,2,4,4,3,5,3,5,1,2,4,2,2,3,4,2,2,1,2,4,3,4,420992,0,1
DEMO5K-2609,23,2,3,5,2,3,2,3,2,4,5,1,4,5,5,3,5,4,4,1,3,3,3,3,4,4,3,3,2,3,4,4,4,660952,0,1
DEMO5K-2610,20,1,2,4,4,1,3,3,4,3,2,3,2,2,3,2,1,3,2,1,4,4,3,4,2,2,5,4,4,2,5,4,5,397005,0,1
DEMO5K-2611,29,1,3,5,4,1,4,4,3,4,5,3,2,4,2,1,3,2,3,1,3,3,3,4,4,4,1,3,3,2,3,3,3,606526,0,1
DEMO5K-2612,26,1,1,2,2,4,5,3,1,3,4,4,5,5,4,3,4,5,3,1,4,4,5,5,4,5,5,5,5,5,5,4,5,507548,0,1
DEMO5K-2613,27,1,1,2,3,3,5,4,1,5,5,5,4,4,4,5,3,3,4,1,4,4,3,4,3,3,4,4,4,5,5,3,4,517935,0,1
DEMO5K-2614,22,1,3,3,3,4,2,4,4,4,2,1,4,4,2,2,3,3,4,1,1,1,2,2,2,3,2,2,3,3,2,5,3,522946,0,1
DEMO5K-2615,23,1,2,3,3,3,3,3,3,2,2,3,4,4,4,3,3,3,3,1,3,4,3,3,4,4,3,3,4,5,4,2,4,319454,0,1
DEMO5K-2616,33,1,1,3,4,3,4,4,2,3,4,3,3,3,4,4,2,3,1,1,4,5,5,5,5,5,4,5,4,5,5,3,5,68905,1,1
DEMO5K-2617,31,2,3,1,2,4,1,1,2,1,2,1,2,1,3,3,3,2,2,1,3,5,4,2,4,2,4,3,5,2,2,2,4,600830,0,1
DEMO5K-2618,23,1,2,2,4,2,3,2,2,3,3,3,3,4,3,4,4,2,5,1,3,4,4,4,5,3,2,2,2,3,2,2,3,525304,0,1
DEMO5K-2619,19,2,3,2,3,4,3,4,4,3,3,2,1,3,3,2,4,2,4,1,2,1,5,3,2,3,2,4,2,4,3,3,1,446765,0,1
DEMO5K-2620,26,2,2,5,2,5,1,1,4,1,2,1,1,3,2,4,4,2,4,3,1,1,2,1,1,3,3,1,3,3,1,2,2,615396,0,0
DEMO5K-2621,31,1,3,1,2,3,3,4,3,2,4,3,3,3,2,4,3,4,3,1,5,4,4,2,3,4,2,4,4,3,5,2,2,546544,0,1
DEMO5K-2622,34,2,2,1,3,3,4,3,2,2,4,5,3,5,2,2,3,3,4,1,1,2,2,2,1,2,3,1,1,3,3,3,3,331018,0,1
DEMO5K-2623,33,2,3,2,4,3,2,3,2,2,5,4,3,3,2,2,2,1,3,1,4,3,2,3,3,3,4,4,5,3,5,4,5,479644,0,1
DEMO5K-2624,29,1,2,2,2,3,3,3,4,2,1,3,1,2,5,4,3,3,4,1,2,2,2,3,2,3,3,3,5,3,3,4,2,638146,0,1
DEMO5K-2625,29,2,2,2,2,3,2,2,3,3,4,3,3,3,2,2,3,3,4,1,3,4,3,3,2,3,3,3,4,5,3,5,3,374612,0,1
DEMO5K-2626,29,2,3,1,3,2,3,5,1,5,5,3,3,3,3,3,1,2,3,1,3,5,5,3,3,5,4,4,2,5,4,2,3,634977,0,1
DEMO5K-2627,21,1,3,2,4,4,4,4,3,4,2,3,5,3,4,5,3,4,3,1,3,5,5,5,4,4,4,5,3,3,5,2,5,54672,1,1
DEMO5K-2628,17,2,3,4,3,2,5,5,3,2,5,5,2,3,3,4,3,3,4,1,2,3,2,5,5,5,3,5,5,4,2,4,4,488924,0,1
DEMO5K-2629,27,2,3,3,1,4,1,3,4,2,1,1,3,2,2,2,1,2,2,1,1,1,1,2,2,3,3,1,2,3,2,1,2,530757,0,1
DEMO5K-2630,25,2,2,5,2,2,3,3,3,3,4,4,4,3,3,4,3,4,5,1,3,3,5,3,3,3,4,4,2,3,3,3,2,336374,0,1
DEMO5K-2631,25,2,2,4,3,3,4,2,2,2,4,3,2,4,4,4,3,2,2,4,4,3,4,4,4,3,4,4,3,3,4,4,4,57971,1,0
DEMO5K-2632,33,2,3,1,3,4,4,1,3,1,3,2,3,1,1,4,2,2,2,1,1,1,1,2,2,1,3,1,3,1,3,1,3,594638,0,1
DEMO5K-2633,18,2,2,3,2,3,2,1,4,1,2,1,2,1,2,3,1,3,2,1,3,2,3,4,1,2,1,2,1,1,1,1,1,686545,0,1
DEMO5K-2634,35,2,2,2,3,2,4,3,3,2,4,4,5,4,4,4,5,5,5,1,4,5,4,3,4,4,5,4,5,5,4,4,5,322260,0,1
DEMO5K-2635,33,2,2,3,1,3,2,2,3,2,2,1,3,5,3,3,5,5,4,1,3,5,3,3,3,2,4,4,3,2,3,4,4,526162,0,1
DEMO5K-2636,29,1,3,3,3,1,5,5,4,5,5,4,3,2,2,3,2,1,4,1,5,5,5,4,3,4,5,5,5,5,5,5,5,571613,0,1
DEMO5K-2637,23,2,3,5,4,2,3,3,3,1,2,1,1,2,1,1,2,1,3,1,4,3,3,5,3,3,3,2,3,3,3,3,3,593313,0,1
DEMO5K-2638,25,2,3,1,3,3,3,1,2,2,3,2,2,1,2,1,1,1,2,1,4,2,2,3,3,3,4,1,3,3,2,4,3,472642,0,1
DEMO5K-2639,26,1,2,1,2,4,3,2,2,4,3,4,2,2,1,2,2,3,2,1,3,2,1,3,2,2,3,2,4,1,3,5,2,386929,0,1
DEMO5K-2640,23,2,3,2,1,3,2,4,3,3,2,3,3,3,1,1,2,1,2,1,5,1,3,4,3,4,2,2,2,3,1,3,3,596555,0,1
DEMO5K-2641,23,1,1,5,2,1,3,5,1,4,5,4,4,5,4,4,4,2,4,1,3,2,2,5,3,4,3,3,4,4,3,4,2,334349,0,1
DEMO5K-2642,17,1,1,2,4,4,3,4,2,3,3,4,2,3,2,3,1,2,2,1,4,4,3,3,3,5,4,3,4,2,3,5,3,551793,0,1
DEMO5K-2643,25,2,3,2,2,1,4,4,3,1,4,4,2,2,3,3,2,3,3,1,3,3,2,3,2,4,2,3,3,2,3,3,2,513690,0,1
DEMO5K-2644,27,1,2,3,4,3,2,3,3,3,3,2,1,2,4,3,3,4,2,1,5,2,4,2,2,4,4,4,5,4,4,3,5,349612,0,1
DEMO5K-2645,31,1,1,3,3,3,4,5,3,4,2,3,5,5,5,5,5,4,5,1,4,5,5,3,5,4,4,4,5,4,3,4,4,511583,0,1
DEMO5K-2646,28,1,3,2,3,2,4,4,2,5,3,3,5,2,4,2,5,4,5,1,4,4,3,3,3,2,5,3,5,4,4,5,5,73605,1,1
DEMO5K-2647,21,2,2,3,3,4,2,1,3,3,4,3,4,3,3,3,2,2,2,1,4,3,3,3,5,3,5,2,2,2,2,3,3,651413,0,1
DEMO5K-2648,31,2,1,2,3,2,3,5,1,3,3,3,3,4,2,3,4,4,3,1,1,2,3,2,2,3,2,4,2,2,2,5,3,66603,1,1
DEMO5K-2649,20,1,1,4,4,2,3,4,2,3,3,3,3,3,2,2,4,2,3,1,4,2,4,4,2,3,4,4,5,4,4,4,5,60927,1,1
DEMO5K-2650,35,2,2,3,3,4,4,5,3,5,3,4,1,2,1,1,3,3,2,1,1,2,1,3,1,2,1,1,2,1,2,1,1,566643,0,1
DEMO5K-2651,34,1,1,1,4,1,4,3,2,4,2,5,5,4,4,4,3,5,1,1,5,5,5,5,5,5,3,3,3,3,3,4,5,511007,0,1
DEMO5K-2652,28,2,1,5,3,2,3,3,3,2,3,3,3,3,3,3,3,3,2,1,4,3,1,1,2,2,2,2,3,3,3,3,3,609530,0,1
DEMO5K-2653,27,1,2,4,4,2,4,4,2,4,5,3,3,5,4,3,4,2,5,1,5,5,4,5,4,5,5,5,5,4,5,5,4,370662,0,1
DEMO5K-2654,18,2,1,2,3,4,1,2,4,2,2,2,5,3,3,4,2,4,3,1,2,4,5,4,5,5,3,3,3,3,2,3,1,606586,0,1
DEMO5K-2655,17,2,3,5,2,3,3,3,4,4,1,4,2,3,4,4,4,4,3,1,3,3,3,2,4,3,3,2,3,3,2,3,3,518833,0,1
DEMO5K-2656,20,1,2,1,4,5,1,1,5,1,1,1,2,2,3,2,2,2,3,1,2,4,3,1,2,5,2,3,4,2,3,3,2,627431,0,1
DEMO5K-2657,21,2,3,2,3,3,3,3,3,2,1,4,5,4,4,4,3,3,3,1,3,4,4,5,5,5,5,3,4,4,5,5,4,592017,0,1
DEMO5K-2658,22,2,2,5,3,3,2,3,3,2,3,4,2,3,3,4,5,4,3,1,3,3,5,3,3,1,2,1,3,3,4,2,3,467488,0,1
DEMO5K-2659,23,2,3,4,4,5,2,1,4,1,2,2,3,2,3,2,3,4,5,1,2,3,2,4,2,3,3,5,2,2,3,5,3,556217,0,1
DEMO5K-2660,27,1,3,2,4,3,1,1,4,2,1,1,3,3,3,3,2,3,2,1,1,1,1,2,1,2,2,1,1,3,1,2,3,428894,0,1
DEMO5K-2661,20,1,1,4,1,3,3,3,2,5,3,3,1,2,2,3,2,2,2,1,3,3,2,3,2,1,4,3,3,4,4,5,2,632737,0,1
DEMO5K-2662,29,2,3,2,3,4,4,3,3,4,2,4,4,3,3,4,3,3,3,1,4,5,3,4,3,2,3,3,3,5,4,4,2,407558,0,1
DEMO5K-2663,34,1,1,4,4,1,4,5,2,4,3,5,5,4,3,4,3,5,2,1,3,4,3,3,5,2,1,2,2,1,3,3,2,650554,0,1
DEMO5K-2664,17,2,3,2,2,5,1,2,4,2,3,2,3,2,2,3,3,3,4,1,4,4,3,4,4,3,3,3,2,4,3,3,3,399186,0,1
DEMO5K-2665,31,2,2,4,4,5,3,2,3,4,3,4,4,1,3,5,3,4,3,1,4,1,3,1,4,2,3,5,3,4,3,4,4,379478,0,1
DEMO5K-2666,35,1,2,4,4,2,3,3,1,5,5,5,4,4,4,4,4,4,2,1,5,3,4,4,5,5,4,2,3,4,4,5,4,534074,0,1
DEMO5K-2667,17,1,2,1,3,5,1,1,3,2,1,2,4,4,3,2,1,3,3,1,4,1,2,3,3,2,4,2,3,4,4,4,4,452195,0,1
DEMO5K-2668,26,1,3,3,2,2,3,5,3,3,3,3,4,2,3,3,3,3,4,1,3,4,4,3,3,3,1,1,1,1,1,1,1,414810,0,1
DEMO5K-2669,30,2,3,3,4,2,3,4,3,2,4,3,1,1,1,1,3,3,4,1,1,3,1,3,3,3,5,5,5,5,3,5,4,409670,0,1
DEMO5K-2670,27,1,1,3,2,5,2,2,1,3,3,4,3,3,1,3,4,4,4,1,4,2,4,5,3,5,5,3,2,4,4,4,3,508791,0,1
DEMO5K-2671,32,2,3,1,3,5,1,1,4,1,3,2,5,5,4,3,5,4,4,1,4,3,3,2,2,4,3,4,3,4,5,5,4,460137,0,1
DEMO5K-2672,18,2,2,4,4,4,3,4,3,3,3,2,3,3,4,3,4,3,2,1,3,4,2,4,3,5,2,3,4,4,4,4,4,67147,1,1
DEMO5K-2673,34,2,3,5,1,2,2,3,3,2,3,2,4,4,4,4,3,3,2,1,2,3,3,4,2,4,3,3,3,3,3,3,3,306623,0,1
DEMO5K-2674,17,2,3,2,3,3,3,3,2,2,3,4,3,3,2,3,4,3,3,1,3,4,3,4,2,3,4,4,3,3,4,4,3,548424,0,1
DEMO5K-2675,34,2,3,1,4,3,4,3,3,2,3,4,3,4,3,4,2,3,3,1,4,4,3,5,5,3,4,4,4,3,5,5,4,354181,0,1
DEMO5K-2676,29,1,3,4,2,5,1,2,4,1,1,2,3,3,2,2,2,3,3,1,3,3,2,1,2,1,3,2,2,1,2,2,3,593178,0,1
DEMO5K-2677,21,1,2,4,2,3,1,5,4,3,3,3,3,3,4,3,2,2,4,1,3,4,2,5,1,3,3,5,3,3,4,2,2,74731,1,1
DEMO5K-2678,26,2,2,1,3,4,2,4,3,1,2,2,1,1,1,1,1,1,1,1,2,2,3,3,3,2,2,3,1,2,1,3,1,554225,0,1
DEMO5K-2679,30,2,3,1,2,4,4,4,4,3,2,2,4,3,4,5,3,4,4,2,4,3,1,1,2,2,2,1,1,1,2,3,2,62731,1,0
DEMO5K-2680,29,2,3,3,2,3,3,3,4,4,3,2,2,1,3,2,1,3,4,1,2,1,2,1,2,2,4,1,3,4,3,2,2,335821,0,1
DEMO5K-2681,21,2,2,1,2,3,2,4,5,3,2,5,5,4,3,5,5,4,3,1,1,1,2,1,2,3,2,3,1,2,3,2,1,84100,1,1
DEMO5K-2682,18,2,2,3,3,3,1,2,2,4,3,1,1,3,3,3,1,3,2,1,4,2,4,5,4,3,4,4,4,4,5,4,3,683675,0,1
DEMO5K-2683,19,1,1,2,3,3,5,4,4,4,4,3,5,4,3,5,4,2,3,1,2,1,1,1,1,3,3,4,1,2,3,1,3,481646,0,1
DEMO5K-2684,29,1,3,3,2,3,3,3,3,3,2,3,4,4,3,4,5,4,4,1,2,1,2,2,2,3,1,2,1,3,3,2,3,401602,0,1
DEMO5K-2685,28,2,2,5,2,4,2,5,2,2,4,2,3,3,3,4,3,4,3,1,4,3,1,3,3,4,3,4,4,4,4,3,3,642396,0,1
DEMO5K-2686,22,1,3,2,4,4,3,4,3,4,3,1,2,1,2,2,2,4,3,1,4,2,4,3,2,2,3,1,1,3,2,1,2,308057,0,1
DEMO5K-2687,31,2,1,2,2,2,1,4,4,3,3,2,4,4,3,4,1,4,4,1,3,3,2,2,3,2,3,4,4,4,3,2,5,375629,0,1
DEMO5K-2688,27,2,1,4,4,1,4,1,5,4,3,4,2,3,3,3,3,2,3,1,5,2,5,4,4,4,4,4,2,3,4,3,3,310267,0,1
DEMO5K-2689,32,1,3,3,4,3,3,4,3,3,5,2,3,3,4,5,5,3,2,1,3,5,3,3,4,2,3,5,4,2,5,2,5,499652,0,1
DEMO5K-2690,29,1,2,5,3,3,2,3,4,4,3,3,1,3,4,3,4,3,3,1,2,2,2,2,3,2,4,1,2,4,4,1,4,417939,0,1
DEMO5K-2691,28,2,2,1,4,5,4,1,4,4,3,4,2,4,4,4,4,5,4,1,3,2,3,2,4,2,1,4,2,2,3,3,3,566490,0,1
DEMO5K-2692,31,1,3,2,3,3,4,4,2,3,3,3,3,3,2,2,2,4,4,1,3,3,2,2,4,3,4,2,3,2,2,4,4,548234,0,1
DEMO5K-2693,31,2,2,2,3,2,4,4,1,5,4,5,5,5,4,4,4,5,4,1,4,4,5,5,4,5,3,2,4,4,1,4,4,385304,0,1
DEMO5K-2694,22,2,1,1,4,2,4,4,4,4,2,2,3,1,2,2,3,3,3,1,5,3,2,2,2,3,1,3,1,3,3,2,1,600467,0,1
DEMO5K-2695,28,1,1,3,1,2,4,4,2,3,3,5,3,3,1,2,3,1,1,1,4,5,3,3,4,5,3,4,4,2,2,3,4,432937,0,1
DEMO5K-2696,18,2,2,2,2,3,5,5,4,4,2,3,4,4,5,3,5,4,3,1,4,5,4,3,3,4,3,5,5,4,4,3,5,342392,0,1
DEMO5K-2697,19,2,3,4,3,3,1,2,4,1,1,1,2,2,2,2,4,2,3,1,1,2,2,2,1,4,2,2,3,2,2,2,4,75891,1,1
DEMO5K-2698,24,2,1,2,3,3,4,3,2,2,4,2,3,3,3,4,3,4,2,1,3,5,4,2,2,3,4,5,3,4,2,4,4,344709,0,1
DEMO5K-2699,33,2,1,4,2,4,4,2,2,5,2,3,4,3,3,4,4,4,4,3,4,3,3,5,5,3,4,4,1,4,4,3,2,671151,0,0
DEMO5K-2700,33,1,2,2,3,2,4,3,2,4,3,4,3,4,2,3,2,3,1,1,4,2,1,2,2,3,3,3,2,2,4,4,3,636037,0,1
DEMO5K-2701,24,2,1,5,3,4,1,4,5,2,2,3,3,1,3,2,1,3,1,1,2,3,3,3,1,1,2,1,2,1,1,3,1,352739,0,1
DEMO5K-2702,26,2,1,4,2,3,4,3,4,4,4,2,3,2,4,4,3,3,2,1,5,3,3,4,3,3,5,4,4,3,4,4,4,445998,0,1
DEMO5K-2703,28,1,1,4,3,3,3,2,4,4,3,3,1,1,1,2,2,3,2,1,1,2,4,3,4,4,2,3,3,2,3,2,2,366025,0,1
DEMO5K-2704,34,2,3,5,1,5,3,3,3,2,2,3,3,4,3,3,2,4,3,1,2,3,3,5,3,2,2,4,3,3,3,3,4,582113,0,1
DEMO5K-2705,33,2,2,5,3,1,5,1,3,4,2,5,4,4,3,3,3,4,4,1,4,5,4,4,2,3,3,1,2,3,1,2,3,529799,0,1
DEMO5K-2706,17,2,3,3,2,2,3,2,1,2,4,5,5,3,4,4,4,4,3,1,4,1,4,4,2,4,2,2,1,1,3,3,1,599525,0,1
DEMO5K-2707,19,1,3,5,1,1,5,3,2,5,4,3,5,3,5,4,4,3,5,1,4,3,4,3,4,4,3,5,5,3,5,4,3,399373,0,1
DEMO5K-2708,18,2,2,2,3,1,4,4,3,2,3,4,4,4,3,3,4,5,4,1,3,4,5,3,4,4,4,3,3,4,3,5,5,638175,0,1
DEMO5K-2709,17,1,3,3,2,3,3,4,2,2,5,4,5,3,2,1,4,3,3,1,4,2,2,2,2,2,3,3,2,1,2,3,3,83182,1,1
DEMO5K-2710,34,1,3,3,2,4,3,4,5,3,4,4,2,2,2,4,2,2,3,1,3,2,4,2,2,2,2,3,2,3,3,3,2,544523,0,1
DEMO5K-2711,34,2,2,5,4,5,1,2,3,1,2,1,1,3,2,4,2,2,2,1,2,2,2,1,1,2,2,3,3,2,2,1,3,512874,0,1
DEMO5K-2712,17,1,2,4,4,2,5,5,1,5,4,4,4,4,4,5,5,4,4,1,2,3,3,3,4,3,5,5,5,5,5,4,4,540052,0,1
DEMO5K-2713,31,2,3,4,4,1,4,5,2,5,3,4,3,2,1,1,2,3,3,1,4,5,4,3,5,5,4,3,2,5,2,3,5,344275,0,1
DEMO5K-2714,17,2,2,4,3,1,5,5,1,3,4,4,5,5,4,2,4,3,3,1,4,4,5,2,3,4,4,3,4,3,4,4,4,600526,0,1
DEMO5K-2715,17,2,2,2,2,3,3,2,4,2,3,2,3,2,4,3,3,3,2,1,2,4,2,2,2,2,3,2,3,2,1,1,3,683425,0,1
DEMO5K-2716,28,2,3,2,3,3,3,2,2,3,4,3,3,3,5,3,2,3,2,3,4,1,2,4,3,4,2,3,2,4,3,4,5,574825,0,0
DEMO5K-2717,21,1,3,4,4,2,4,5,3,4,4,4,3,2,2,2,3,3,4,1,4,3,4,5,3,4,4,4,5,5,3,2,3,61585,1,1
DEMO5K-2718,26,2,1,3,2,3,3,2,2,4,4,4,4,2,2,1,3,3,3,1,3,4,2,4,4,3,4,5,2,4,4,3,2,543347,0,1
DEMO5K-2719,32,2,2,3,3,1,4,2,3,2,4,2,2,4,3,3,4,4,4,1,5,4,4,5,5,2,3,4,4,3,2,3,1,450740,0,1
DEMO5K-2720,23,2,1,3,3,5,1,3,5,1,1,1,1,2,2,1,1,2,1,1,1,1,2,1,3,1,1,1,1,2,2,2,2,639766,0,1
DEMO5K-2721,21,2,1,5,3,1,2,2,4,1,3,3,4,3,2,4,4,4,3,1,4,4,2,4,3,3,2,3,3,3,1,1,3,483075,0,1
DEMO5K-2722,17,1,3,1,2,2,3,3,3,3,4,3,2,4,4,5,4,3,5,1,1,3,4,4,4,5,4,2,4,5,5,5,5,436302,0,1
DEMO5K-2723,33,2,2,4,3,3,3,2,2,2,3,2,3,4,4,1,3,3,3,1,4,5,3,3,3,3,3,2,3,2,2,2,2,454300,0,1
DEMO5K-2724,30,2,3,1,2,5,3,4,3,2,1,1,3,3,4,3,4,2,3,1,3,2,3,3,3,4,3,3,3,1,3,2,1,416445,0,1
DEMO5K-2725,27,2,3,2,4,2,4,5,1,5,4,4,5,4,4,5,4,4,5,1,4,5,3,4,3,5,4,4,4,3,1,3,3,301138,0,1
DEMO5K-2726,19,2,3,2,3,4,2,4,3,2,1,1,3,3,2,3,1,2,1,1,3,5,2,4,3,4,1,1,2,2,2,2,1,408902,0,1
DEMO5K-2727,24,1,2,4,4,5,1,2,4,2,2,1,4,3,4,5,5,5,4,1,3,3,3,4,4,4,4,4,3,4,2,5,4,525873,0,1
DEMO5K-2728,29,2,3,4,1,2,4,4,4,5,3,3,2,1,2,2,1,1,3,1,3,4,3,3,1,2,4,2,3,2,3,4,3,365128,0,1
DEMO5K-2729,19,2,3,2,3,2,5,4,2,5,4,5,3,3,3,3,3,3,3,1,4,3,3,3,5,5,5,2,3,3,5,2,5,572493,0,1
DEMO5K-2730,34,2,3,5,3,2,2,3,4,1,1,1,3,4,3,5,3,4,3,1,4,2,2,3,2,3,1,4,3,3,2,3,4,492960,0,1
DEMO5K-2731,22,1,3,3,2,1,1,5,3,4,4,4,2,3,4,3,4,4,2,1,1,1,3,2,1,2,2,3,3,2,3,2,4,668625,0,1
DEMO5K-2732,29,1,3,2,3,3,2,3,5,2,2,3,1,1,1,1,2,1,1,1,1,1,1,1,2,3,1,1,1,1,1,1,2,485265,0,1
DEMO5K-2733,28,2,1,2,3,2,5,4,3,5,5,3,3,2,2,4,4,3,3,1,3,5,3,3,4,3,4,5,5,5,4,3,5,326825,0,1
DEMO5K-2734,29,1,2,4,2,3,2,3,2,3,4,5,3,2,3,2,3,4,1,1,5,4,4,5,4,5,5,4,3,4,3,4,5,443850,0,1
DEMO5K-2735,33,2,2,1,2,5,1,1,5,1,1,2,1,2,2,1,2,2,1,1,1,3,1,1,1,2,2,3,1,1,2,3,2,448009,0,1
DEMO5K-2736,29,2,2,2,2,4,3,4,4,4,4,3,2,1,4,5,2,4,3,1,3,3,3,3,4,3,3,5,4,5,4,5,3,59156,1,1
DEMO5K-2737,27,2,2,4,2,2,3,3,2,4,5,4,2,1,1,4,1,4,2,1,2,3,2,3,4,3,2,4,3,3,2,5,4,698950,0,1
DEMO5K-2738,22,1,3,5,4,1,4,5,3,5,4,4,2,4,4,1,3,3,3,1,5,3,5,2,2,3,2,3,3,2,2,3,4,387538,0,1
DEMO5K-2739,20,1,3,1,3,2,3,3,2,2,3,3,3,5,5,5,2,5,4,1,3,3,3,3,4,5,3,3,3,3,3,3,4,379153,0,1
DEMO5K-2740,20,1,3,2,2,3,3,3,3,3,3,4,4,2,5,4,4,4,3,1,1,2,2,2,2,2,1,4,3,4,3,3,2,627481,0,1
DEMO5K-2741,30,1,3,5,2,2,3,4,4,3,3,2,3,1,3,1,1,2,2,1,4,2,3,4,1,2,3,3,4,3,1,2,2,696876,0,1
DEMO5K-2742,31,1,2,5,4,4,3,2,2,3,4,3,3,3,2,3,4,2,3,1,1,1,1,1,1,1,3,2,5,3,3,4,3,441955,0,1
DEMO5K-2743,25,1,2,2,3,2,2,3,1,4,3,4,5,4,3,5,5,5,4,1,4,4,5,5,5,5,4,3,5,4,4,5,4,75472,1,1
DEMO5K-2744,31,1,2,1,3,2,4,3,3,3,4,2,4,3,5,4,4,2,3,1,3,1,2,2,1,1,2,2,1,2,3,2,2,468144,0,1
DEMO5K-2745,26,1,2,3,4,5,1,3,3,2,2,3,2,3,3,2,4,2,3,1,4,2,3,2,4,2,3,3,4,2,3,3,3,406628,0,1
DEMO5K-2746,24,1,1,2,3,2,1,3,4,4,3,3,3,2,1,4,3,3,2,1,1,2,2,3,3,3,1,1,1,2,2,1,2,335493,0,1
DEMO5K-2747,20,2,2,5,2,4,4,3,3,2,3,2,3,4,2,3,2,5,3,1,2,3,1,3,2,1,3,1,2,1,3,1,1,313680,0,1
DEMO5K-2748,30,2,1,4,1,3,3,4,3,2,4,5,3,3,2,3,2,3,1,1,5,3,1,3,2,1,2,3,4,4,2,3,3,513456,0,1
DEMO5K-2749,28,2,2,1,4,4,5,5,2,4,3,5,5,5,5,3,4,4,5,1,4,5,3,4,5,3,4,3,5,4,4,3,4,526161,0,1
DEMO5K-2750,20,2,1,3,2,2,5,5,3,3,3,4,4,4,4,4,3,4,4,1,3,1,3,2,2,4,4,4,5,2,3,4,5,407505,0,1
DEMO5K-2751,29,1,1,4,4,5,1,3,4,1,2,3,3,4,3,5,4,4,4,1,2,2,3,3,4,2,4,5,4,2,3,5,5,355293,0,1
DEMO5K-2752,34,2,3,2,3,2,4,5,1,5,4,4,3,3,5,5,3,5,4,1,4,5,5,4,3,5,4,5,5,4,5,4,5,473095,0,1
DEMO5K-2753,26,2,2,3,2,2,3,3,2,3,3,3,2,1,2,2,2,2,3,1,2,4,5,4,3,4,2,4,1,3,2,2,3,74129,1,1
DEMO5K-2754,26,1,2,4,4,4,4,4,3,4,1,3,4,4,3,3,4,3,5,1,4,3,1,3,4,3,2,3,3,2,2,3,3,551266,0,1
DEMO5K-2755,27,2,3,2,4,3,5,3,2,3,5,4,5,5,5,4,4,4,4,1,5,3,5,5,3,4,4,5,4,5,5,5,5,581917,0,1
DEMO5K-2756,34,1,2,1,3,2,4,5,1,5,3,5,3,2,3,2,4,3,2,1,4,2,2,4,3,3,3,5,4,5,5,4,4,395935,0,1
DEMO5K-2757,31,2,2,1,4,3,3,4,4,2,1,2,3,2,2,3,3,2,1,1,4,3,4,4,3,4,3,5,3,5,4,5,5,683788,0,1
DEMO5K-2758,17,1,2,2,3,4,1,2,4,1,2,2,4,4,5,3,4,4,3,1,3,5,4,2,5,2,5,5,5,5,3,4,4,350885,0,1
DEMO5K-2759,34,1,1,2,3,2,3,4,2,3,2,2,3,3,4,4,3,3,5,1,3,3,2,3,3,2,4,3,4,4,3,5,2,357914,0,1
DEMO5K-2760,29,2,2,4,2,5,1,1,5,3,1,1,4,3,4,5,5,4,5,1,4,3,4,1,2,3,2,2,2,2,2,2,1,575003,0,1
DEMO5K-2761,21,1,3,2,2,3,5,4,5,5,3,3,3,4,3,4,3,4,3,1,2,3,2,3,3,1,2,4,3,4,5,4,4,441733,0,1
DEMO5K-2762,32,1,2,3,2,4,4,3,2,4,2,4,4,4,3,3,3,4,4,1,2,2,5,4,3,2,2,5,3,3,1,2,1,313219,0,1
DEMO5K-2763,18,2,2,4,2,2,3,2,4,5,3,2,4,5,3,4,3,4,4,1,2,5,4,2,4,3,2,4,2,2,4,3,4,434970,0,1
DEMO5K-2764,33,1,1,5,4,2,4,5,2,5,5,5,3,4,2,4,2,4,5,1,4,5,5,5,5,4,5,3,3,3,3,4,4,635870,0,1
DEMO5K-2765,32,1,3,4,4,1,3,5,3,5,5,3,3,2,3,3,4,3,4,1,3,3,2,3,4,3,3,3,4,2,5,3,3,446907,0,1
DEMO5K-2766,20,2,2,5,3,1,3,4,3,4,3,3,3,2,3,2,3,3,3,1,5,1,3,3,2,3,5,3,5,5,2,4,4,694790,0,1
DEMO5K-2767,19,2,3,5,2,1,4,4,1,3,3,5,2,1,2,2,3,2,2,1,3,4,2,1,5,2,3,2,2,3,2,2,1,358778,0,1
DEMO5K-2768,26,1,1,3,1,5,2,2,4,3,1,2,4,2,3,3,2,3,3,1,1,3,3,3,1,2,4,1,4,3,3,1,4,660712,0,1
DEMO5K-2769,33,2,3,4,3,2,4,2,2,4,4,5,4,5,4,5,4,5,4,1,5,5,5,5,5,5,3,4,5,5,5,5,3,383436,0,1
DEMO5K-2770,31,1,1,4,3,2,2,1,3,3,3,2,2,4,3,2,2,2,2,1,3,4,4,5,3,3,5,4,3,4,5,4,4,400462,0,1
DEMO5K-2771,28,2,2,3,4,5,3,2,4,2,3,2,2,3,2,1,3,2,3,1,3,4,4,3,4,3,1,1,1,3,5,1,2,495362,0,1
DEMO5K-2772,31,2,3,1,4,2,3,2,3,2,3,3,4,3,3,5,2,4,4,1,1,3,2,4,3,2,2,4,2,3,2,2,2,581619,0,1
DEMO5K-2773,33,1,2,5,3,2,3,3,2,2,3,3,3,3,4,3,5,5,5,1,4,5,5,4,5,5,4,4,3,5,5,5,3,621993,0,1
DEMO5K-2774,22,2,2,4,3,3,3,4,2,3,5,3,3,3,2,3,4,3,2,1,5,4,4,3,5,3,3,4,3,4,4,3,3,48214,1,1
DEMO5K-2775,33,2,3,1,2,4,1,2,3,2,5,2,1,2,2,2,4,2,3,1,2,2,2,3,3,3,3,3,3,3,3,1,3,589337,0,1
DEMO5K-2776,25,2,2,1,3,2,3,3,2,5,4,3,4,4,4,4,4,5,3,1,4,3,3,2,3,4,4,5,4,3,5,5,5,664646,0,1
DEMO5K-2777,18,2,1,2,4,2,4,2,4,3,3,2,3,3,3,3,4,4,3,1,4,2,1,3,1,1,1,1,2,2,2,2,4,408567,0,1
DEMO5K-2778,28,2,2,1,3,3,3,2,3,3,4,4,4,3,5,4,3,3,5,1,4,5,3,4,1,3,4,3,4,3,4,3,4,674255,0,1
DEMO5K-2779,22,2,1,2,2,3,3,2,3,3,4,3,5,5,4,3,3,3,2,1,2,2,1,2,3,3,2,3,2,2,1,2,2,306176,0,1
DEMO5K-2780,19,2,2,5,4,2,5,4,2,5,4,3,2,2,1,4,5,2,4,1,3,2,3,3,4,3,4,3,4,4,3,3,2,338229,0,1
DEMO5K-2781,30,2,2,2,2,3,2,2,3,2,2,2,3,3,3,2,2,3,2,3,3,2,4,2,1,5,3,2,3,2,1,3,2,526069,0,0
DEMO5K-2782,28,1,3,2,3,2,3,4,4,4,5,3,3,3,5,3,5,3,4,1,3,4,5,4,4,2,3,4,4,4,4,4,3,665461,0,1
DEMO5K-2783,23,1,3,1,3,3,3,3,1,2,3,3,1,1,1,2,3,3,2,1,3,5,5,2,4,3,3,1,3,3,4,2,3,437081,0,1
DEMO5K-2784,32,1,3,3,3,3,2,4,4,4,2,3,4,3,3,3,3,3,3,1,3,3,4,3,4,3,4,4,3,3,3,3,3,392638,0,1
DEMO5K-2785,29,2,1,3,2,2,4,5,1,3,5,3,3,5,5,5,5,4,4,1,5,4,2,5,3,4,5,2,2,3,3,5,3,552174,0,1
DEMO5K-2786,22,2,3,2,4,4,1,1,4,1,1,1,1,1,1,2,3,1,1,1,1,2,2,1,2,1,2,1,1,1,1,1,1,359993,0,1
DEMO5K-2787,19,2,2,5,3,4,1,1,5,1,2,1,2,3,4,1,3,1,3,1,3,3,3,2,4,3,3,3,3,3,4,3,2,374469,0,1
DEMO5K-2788,18,1,3,3,2,1,5,5,4,5,5,5,5,5,5,5,4,5,5,1,3,4,4,4,4,5,5,4,4,3,3,3,3,656690,0,1
DEMO5K-2789,18,2,2,2,2,1,3,5,1,4,3,3,5,5,5,5,5,3,4,1,4,4,3,5,4,2,3,3,4,3,4,4,4,375387,0,1
DEMO5K-2790,23,1,3,5,4,3,2,4,4,2,5,3,3,2,3,3,4,4,4,1,4,4,4,4,4,4,3,3,4,4,3,2,2,314144,0,1
DEMO5K-2791,18,2,2,5,2,2,3,3,1,3,3,2,1,1,2,2,1,3,1,1,3,2,5,4,2,4,5,2,1,3,1,3,3,383290,0,1
DEMO5K-2792,32,1,1,3,2,2,2,3,1,4,2,3,5,4,2,3,5,4,4,1,5,4,3,3,1,3,1,2,3,4,1,3,2,437377,0,1
DEMO5K-2793,26,1,3,3,4,2,4,2,3,4,5,4,4,2,2,4,3,2,3,1,3,4,4,3,3,2,4,4,3,3,3,3,4,695382,0,1
DEMO5K-2794,22,2,2,3,3,5,2,3,2,2,3,5,2,3,2,2,2,1,4,1,1,1,3,3,3,3,4,3,3,2,2,1,2,530149,0,1
DEMO5K-2795,18,2,2,5,4,3,3,3,2,3,3,4,3,2,3,2,3,3,3,1,5,2,2,3,3,3,3,1,3,3,4,3,3,484741,0,1
DEMO5K-2796,34,1,1,4,2,5,4,2,4,3,3,4,5,2,4,3,4,4,5,1,1,3,3,2,4,2,1,4,2,2,4,3,2,604340,0,1
DEMO5K-2797,21,2,2,1,4,4,5,4,3,2,1,3,3,3,3,3,2,5,3,1,4,1,3,3,3,3,3,4,4,4,4,4,5,483059,0,1
DEMO5K-2798,31,2,3,4,3,4,5,3,4,4,2,4,2,4,5,3,4,3,4,1,3,4,4,3,4,3,2,3,4,3,3,4,2,357924,0,1
DEMO5K-2799,22,2,2,2,4,3,3,3,4,3,3,4,1,3,2,4,2,4,4,1,4,3,4,2,3,2,2,3,3,3,4,2,3,583050,0,1
DEMO5K-2800,17,1,2,5,4,3,2,3,4,2,2,2,3,3,2,2,3,3,4,1,4,4,3,4,4,4,1,4,1,1,4,2,1,618369,0,1
DEMO5K-2801,18,2,2,1,4,2,1,1,4,1,3,3,3,1,2,1,2,3,1,1,2,1,1,2,2,3,4,2,4,1,1,3,4,540922,0,1
DEMO5K-2802,31,1,3,2,3,4,2,2,4,3,2,3,1,4,3,4,5,3,2,1,1,3,3,1,2,1,4,4,4,4,3,3,4,334671,0,1
DEMO5K-2803,33,2,3,5,4,3,3,5,2,3,4,2,3,3,4,4,4,3,4,1,4,5,5,4,3,4,4,3,3,3,5,5,3,496473,0,1
DEMO5K-2804,26,2,2,3,4,5,3,3,3,3,3,3,4,4,5,5,3,4,4,1,3,5,3,2,3,4,3,3,3,5,2,4,2,492208,0,1
DEMO5K-2805,34,2,2,4,3,4,3,2,5,3,4,3,3,2,2,3,1,4,3,1,2,3,3,4,4,2,1,2,1,1,1,1,2,50051,1,1
DEMO5K-2806,30,1,1,4,3,4,3,5,4,3,4,5,3,2,2,3,3,3,2,1,4,3,3,1,2,2,2,1,2,3,2,1,3,311408,0,1
DEMO5K-2807,26,2,2,4,2,4,1,1,4,1,1,1,2,1,1,1,1,1,1,1,2,5,3,4,2,2,3,4,2,2,2,5,2,468662,0,1
DEMO5K-2808,29,1,1,3,3,2,4,5,1,3,4,2,4,3,5,5,3,4,2,1,3,5,1,3,2,4,4,2,3,2,4,3,4,674504,0,1
DEMO5K-2809,27,1,2,4,4,3,2,3,2,3,2,3,3,3,3,3,4,4,3,1,2,1,4,1,2,2,2,1,1,2,1,1,1,651748,0,1
DEMO5K-2810,21,1,3,5,3,2,4,4,1,4,5,5,4,4,4,3,3,4,3,1,2,5,3,4,4,3,2,4,5,5,4,4,5,362145,0,1
DEMO5K-2811,17,2,3,5,4,4,2,2,3,4,2,2,3,5,2,3,3,3,2,5,4,5,3,5,4,3,4,5,4,4,5,4,3,334536,0,0
DEMO5K-2812,18,1,2,3,3,3,3,3,2,3,3,4,5,5,3,4,4,4,4,1,1,4,1,2,2,2,1,2,1,1,2,2,1,391309,0,1
DEMO5K-2813,31,2,3,1,2,4,2,1,4,3,3,4,2,2,1,2,1,1,1,1,2,3,3,2,2,4,3,3,3,3,3,3,3,459197,0,1
DEMO5K-2814,31,2,3,4,3,1,3,3,4,3,5,4,5,2,5,5,4,4,3,1,2,5,5,5,4,4,5,3,3,3,3,3,5,552481,0,1
DEMO5K-2815,25,1,1,4,4,4,1,2,5,1,3,1,2,1,2,4,3,4,3,1,3,2,2,1,1,1,5,3,3,4,2,3,3,558469,0,1
DEMO5K-2816,18,1,1,3,3,1,4,5,1,5,4,4,5,4,4,4,4,4,3,1,3,3,3,4,3,3,3,5,4,5,2,4,2,57827,1,1
DEMO5K-2817,23,2,2,4,4,2,5,5,2,3,5,4,3,2,3,3,1,2,3,1,1,4,2,5,2,4,4,4,5,2,3,4,2,570065,0,1
DEMO5K-2818,28,2,3,5,3,2,4,3,2,4,3,5,5,3,5,3,3,5,5,1,2,5,4,3,2,4,2,5,2,4,5,4,3,73222,1,1
DEMO5K-2819,30,2,3,2,2,2,3,3,5,1,2,2,1,1,2,2,2,1,3,1,2,1,2,5,4,2,1,1,3,2,2,1,2,574942,0,1
DEMO5K-2820,30,1,3,1,3,5,3,1,4,3,3,1,3,3,2,4,3,2,3,1,3,4,4,4,2,4,3,2,4,4,4,3,2,532522,0,1
DEMO5K-2821,32,1,2,4,2,4,1,2,1,4,2,3,3,1,2,2,3,4,3,3,2,4,3,3,3,2,1,2,2,2,2,1,2,83693,1,0
DEMO5K-2822,32,2,3,2,3,5,2,3,4,4,2,2,4,4,3,3,4,3,4,1,1,1,2,2,2,1,2,1,2,3,1,3,2,605360,0,1
DEMO5K-2823,27,2,2,5,4,1,4,2,2,4,5,3,3,4,5,5,3,5,4,1,4,4,4,4,4,5,2,3,2,2,2,2,3,647689,0,1
DEMO5K-2824,32,1,2,3,4,4,3,2,3,2,2,2,2,3,4,4,3,4,2,1,2,4,3,4,4,3,3,5,3,3,3,3,2,470073,0,1
DEMO5K-2825,19,1,2,2,3,2,3,4,1,4,4,3,4,3,4,3,3,4,4,1,2,2,3,4,3,3,2,3,4,3,2,3,3,440651,0,1
DEMO5K-2826,33,1,2,4,2,2,3,2,5,2,4,2,2,2,3,3,3,2,3,1,2,1,3,2,3,1,3,2,3,3,2,3,3,657906,0,1
DEMO5K-2827,32,1,1,2,2,1,2,4,2,5,4,4,2,2,3,4,3,2,4,1,4,2,3,2,2,4,1,3,2,2,2,2,2,658822,0,1
DEMO5K-2828,26,2,2,2,4,3,3,1,5,3,3,3,1,3,2,1,1,2,2,1,2,1,1,3,4,3,2,1,2,2,1,4,3,317069,0,1
DEMO5K-2829,34,2,3,1,4,4,2,2,4,3,2,2,3,3,3,1,3,2,3,1,2,2,3,2,4,1,3,3,2,4,2,3,3,435601,0,1
DEMO5K-2830,21,2,3,3,3,5,1,1,4,3,1,2,3,3,2,2,5,5,2,1,4,3,5,4,5,5,1,1,2,1,2,1,1,698278,0,1
DEMO5K-2831,27,2,2,4,4,3,4,3,2,2,4,3,3,3,2,2,2,3,2,1,4,1,3,1,2,2,4,4,3,4,4,4,4,329911,0,1
DEMO5K-2832,19,2,2,4,4,5,2,1,5,2,2,3,2,4,3,3,3,2,2,1,2,2,2,1,1,2,3,3,3,2,3,3,1,683610,0,1
DEMO5K-2833,23,1,2,5,3,3,2,3,1,3,3,4,5,5,3,4,3,3,5,1,1,2,3,3,4,3,3,5,4,4,2,4,3,370219,0,1
DEMO5K-2834,24,2,3,1,3,3,3,2,2,4,4,2,4,2,4,2,2,3,4,1,2,3,2,3,3,1,2,2,4,2,3,2,2,497640,0,1
DEMO5K-2835,24,1,2,4,2,4,2,4,3,3,3,4,4,3,5,4,3,4,4,1,3,3,2,4,4,3,3,4,2,2,2,4,3,489053,0,1
DEMO5K-2836,29,2,2,3,4,4,3,2,3,2,3,4,4,2,4,3,2,1,3,1,1,2,2,3,2,5,1,4,4,3,2,2,3,368613,0,1
DEMO5K-2837,29,1,3,1,2,5,2,1,5,3,4,1,2,2,2,4,2,3,3,1,2,4,1,2,3,2,4,4,2,2,2,3,3,620534,0,1
DEMO5K-2838,35,1,2,5,4,5,4,4,4,4,4,3,5,5,5,4,5,4,4,1,5,5,5,5,3,5,4,5,3,4,4,5,3,411610,0,1
DEMO5K-2839,26,2,2,2,2,1,5,5,1,5,5,3,5,5,1,4,3,5,5,1,5,4,5,5,4,4,5,2,3,3,3,4,3,303182,0,1
DEMO5K-2840,35,1,3,4,2,4,4,2,3,3,2,3,5,5,3,5,4,5,3,1,5,4,2,3,4,4,5,3,5,3,4,4,4,450500,0,1
DEMO5K-2841,21,1,3,1,3,1,4,5,1,5,5,5,3,5,4,3,3,5,3,1,3,2,2,4,4,5,2,4,4,4,2,3,3,676519,0,1
DEMO5K-2842,21,2,3,5,3,4,2,2,5,1,3,3,4,2,4,3,3,2,4,1,2,3,4,2,2,3,3,1,2,4,2,3,2,469516,0,1
DEMO5K-2843,30,1,2,4,2,3,4,5,3,4,4,5,5,5,4,5,5,4,5,1,3,3,3,3,5,2,4,4,4,4,2,4,4,535276,0,1
DEMO5K-2844,21,1,3,2,2,1,4,2,3,3,2,4,2,4,3,4,3,5,3,1,4,1,2,3,1,3,4,4,3,1,3,1,2,668157,0,1
DEMO5K-2845,34,2,2,5,3,2,3,5,2,3,5,5,4,3,3,4,5,4,3,1,3,5,3,5,5,4,4,5,2,4,5,4,4,567975,0,1
DEMO5K-2846,22,2,3,1,2,4,3,2,2,3,2,2,1,2,2,4,2,3,3,4,3,2,3,4,3,2,2,2,2,2,1,2,2,386576,0,0
DEMO5K-2847,31,1,1,4,1,2,5,4,4,5,5,4,5,3,5,4,4,4,4,1,5,3,4,3,5,4,5,4,4,5,5,5,4,546706,0,1
DEMO5K-2848,21,1,2,4,3,1,5,5,1,5,4,5,5,3,3,5,2,4,5,1,4,4,5,4,4,4,4,5,3,4,5,5,4,576552,0,1
DEMO5K-2849,19,1,2,3,2,2,2,1,4,2,1,3,3,5,4,3,4,5,5,1,3,4,3,4,4,4,4,4,5,4,5,4,4,447552,0,1
DEMO5K-2850,22,1,2,2,4,1,5,3,2,4,3,5,3,5,5,5,5,4,5,1,5,5,4,5,5,3,5,4,4,5,4,5,5,47276,1,1
DEMO5K-2851,22,1,1,1,3,3,3,2,3,2,3,3,1,1,1,2,2,1,1,1,2,4,3,3,4,3,1,1,1,2,1,1,2,617118,0,1
DEMO5K-2852,34,2,2,1,3,3,4,4,2,3,3,4,3,3,4,3,5,3,5,1,4,4,3,5,2,5,4,5,4,5,4,3,5,539346,0,1
DEMO5K-2853,23,1,1,2,2,2,4,3,3,3,4,3,4,3,4,4,3,2,4,1,3,4,3,5,4,4,2,2,3,4,3,3,3,688122,0,1
DEMO5K-2854,25,1,2,4,2,3,1,2,4,3,5,5,2,5,2,3,3,3,2,1,3,2,3,5,3,2,4,5,5,4,5,3,5,489248,0,1
DEMO5K-2855,17,2,3,5,4,3,2,3,3,2,2,2,4,3,2,4,3,2,4,1,3,4,4,2,3,4,3,4,4,3,4,4,5,534582,0,1
DEMO5K-2856,29,2,3,2,2,5,1,1,5,1,2,1,1,3,3,2,4,3,2,1,2,2,1,1,2,2,1,3,2,1,2,3,4,481678,0,1
DEMO5K-2857,23,2,3,3,2,2,3,4,2,4,4,4,3,4,3,3,4,4,4,1,3,3,3,3,4,3,4,3,4,3,4,5,4,349377,0,1
DEMO5K-2858,27,2,2,3,2,2,4,2,1,2,4,5,1,3,1,1,1,1,2,1,3,4,1,2,2,3,1,4,1,2,3,1,2,65059,1,1
DEMO5K-2859,21,1,2,3,4,3,3,2,3,1,4,2,3,2,3,2,2,3,3,1,4,3,3,3,2,2,3,4,4,3,4,3,5,453923,0,1
DEMO5K-2860,28,1,2,2,3,3,3,3,3,3,4,2,4,4,5,5,3,4,4,4,5,4,5,3,5,5,2,4,4,3,4,3,4,685900,0,0
DEMO5K-2861,24,2,3,3,2,2,3,3,3,3,2,4,5,3,3,3,4,3,4,1,3,4,3,4,4,3,3,2,3,4,3,2,1,623559,0,1
DEMO5K-2862,23,2,2,4,3,2,4,3,3,5,3,3,1,1,2,1,1,2,1,1,2,4,1,2,2,1,1,2,1,2,3,2,1,516302,0,1
DEMO5K-2863,28,2,3,3,3,1,2,4,3,4,4,4,1,5,4,5,3,3,4,1,5,4,5,5,3,3,3,4,5,4,2,4,4,352654,0,1
DEMO5K-2864,27,2,1,4,1,3,2,2,4,2,3,2,1,3,3,2,3,3,1,1,3,2,3,3,1,3,3,4,1,2,3,1,1,561078,0,1
DEMO5K-2865,19,1,3,5,3,2,5,3,4,4,4,5,3,4,5,4,5,4,5,1,3,4,4,4,4,3,2,4,5,3,4,3,4,565119,0,1
DEMO5K-2866,30,2,3,2,3,2,4,2,3,2,2,2,2,3,3,2,4,3,4,1,4,3,3,5,2,2,3,1,3,2,2,1,4,490892,0,1
DEMO5K-2867,30,2,3,5,3,3,3,5,3,3,3,4,2,3,2,3,1,4,3,1,3,3,3,1,3,3,4,3,2,3,1,1,5,613117,0,1
DEMO5K-2868,30,2,2,3,2,5,3,2,4,3,2,3,2,3,1,3,2,2,2,1,2,3,3,2,2,3,3,2,3,4,3,3,1,632347,0,1
DEMO5K-2869,32,2,3,3,3,4,2,3,4,1,2,2,3,3,3,2,2,3,2,1,3,3,3,3,3,4,4,3,2,1,1,2,2,437115,0,1
DEMO5K-2870,33,2,2,3,3,2,3,3,2,3,3,3,3,2,3,2,3,1,2,1,3,4,2,2,2,3,2,1,1,3,2,3,3,377893,0,1
DEMO5K-2871,21,1,3,4,2,2,3,5,2,5,4,5,3,3,4,4,3,5,3,1,3,4,4,5,5,4,3,4,4,5,5,5,4,631800,0,1
DEMO5K-2872,32,1,1,4,4,3,3,4,2,2,3,3,2,3,5,5,4,1,3,1,5,4,5,5,4,5,3,4,3,3,2,1,1,491293,0,1
DEMO5K-2873,21,1,3,5,3,4,3,2,3,3,4,4,2,4,3,4,3,4,3,1,3,3,2,2,4,5,1,3,2,2,1,2,2,380297,0,1
DEMO5K-2874,35,2,1,3,4,3,3,4,4,4,4,5,4,3,5,4,3,2,2,1,2,3,4,2,4,3,3,1,2,3,2,1,2,569102,0,1
DEMO5K-2875,23,2,2,1,2,3,2,4,4,4,5,4,2,5,5,3,4,4,2,1,3,2,4,4,5,4,3,3,4,1,2,1,4,697163,0,1
DEMO5K-2876,17,2,2,2,3,3,4,3,4,4,2,2,1,1,1,1,1,1,1,1,3,2,2,2,4,2,2,4,2,4,4,2,2,525392,0,1
DEMO5K-2877,29,2,2,4,3,5,3,4,2,2,4,4,3,2,2,4,3,2,2,1,3,3,2,3,4,3,2,2,3,4,4,3,3,651933,0,1
DEMO5K-2878,27,1,1,5,4,4,4,2,4,2,3,3,3,3,3,2,4,3,2,1,4,3,1,2,3,1,3,1,2,2,2,3,2,514335,0,1
DEMO5K-2879,33,1,3,5,2,1,4,4,3,5,2,4,5,5,5,4,3,4,5,1,5,4,3,4,3,3,5,3,4,5,5,4,4,56846,1,1
DEMO5K-2880,20,2,2,2,4,3,4,4,2,4,4,2,2,2,3,2,3,3,3,1,2,2,2,4,3,3,3,3,2,2,2,3,2,391675,0,1
DEMO5K-2881,19,2,3,3,1,4,3,1,3,3,3,5,3,3,3,1,3,2,3,1,4,4,4,2,2,2,1,1,2,2,3,3,4,643071,0,1
DEMO5K-2882,19,1,2,1,2,3,2,5,3,3,3,4,4,5,4,4,3,2,3,1,2,4,3,3,3,3,5,5,4,4,4,3,4,302576,0,1
DEMO5K-2883,27,1,1,2,3,2,3,2,2,3,3,2,1,3,2,1,2,4,4,1,2,1,1,1,3,3,3,2,4,2,4,1,3,549120,0,1
DEMO5K-2884,22,2,2,5,3,2,5,4,3,2,3,4,5,3,3,3,4,3,5,1,5,4,4,2,1,3,4,3,4,3,2,5,3,312132,0,1
DEMO5K-2885,17,2,2,2,4,2,4,5,3,4,4,4,2,3,2,2,1,2,1,1,4,3,3,4,3,2,5,4,4,5,4,5,5,539816,0,1
DEMO5K-2886,20,2,2,3,3,3,5,3,2,5,5,3,5,2,4,3,4,3,3,2,5,3,4,4,4,3,4,4,4,4,5,4,2,432215,0,0
DEMO5K-2887,31,1,2,4,4,2,5,5,1,5,5,5,3,3,4,5,5,3,4,1,3,2,2,2,4,2,2,5,4,4,3,1,3,589765,0,1
DEMO5K-2888,26,2,3,1,4,2,4,3,1,4,5,2,3,4,5,5,3,5,4,1,5,5,3,4,5,4,5,5,3,3,4,5,5,496923,0,1
DEMO5K-2889,23,2,2,1,3,2,3,4,2,4,5,5,4,4,3,5,4,4,5,1,5,5,3,5,3,4,4,5,2,5,3,5,5,352860,0,1
DEMO5K-2890,24,2,2,5,1,3,3,3,2,2,1,3,3,4,2,3,2,3,4,1,2,3,4,1,2,4,2,4,2,2,2,4,3,419713,0,1
DEMO5K-2891,23,2,3,3,2,4,3,4,2,3,5,5,2,3,2,2,2,2,1,1,3,1,3,1,4,3,2,5,4,3,4,2,2,52441,1,1
DEMO5K-2892,22,2,3,5,2,3,1,1,5,3,1,1,2,1,1,2,2,2,2,1,1,1,2,1,1,1,3,3,2,3,3,4,1,485702,0,1
DEMO5K-2893,23,2,3,1,3,4,1,3,5,1,3,3,1,1,1,1,1,1,1,1,3,3,5,4,2,3,1,2,1,2,1,1,3,582800,0,1
DEMO5K-2894,33,2,2,3,3,4,2,3,2,3,2,4,1,1,2,3,2,3,1,1,3,2,2,2,4,4,3,2,3,3,3,4,4,492456,0,1
DEMO5K-2895,34,1,3,1,4,3,4,2,4,3,4,4,3,3,4,4,4,3,3,1,3,4,4,5,3,5,3,4,4,3,4,4,5,505129,0,1
DEMO5K-2896,22,2,2,5,4,2,3,3,1,3,4,4,4,3,3,3,5,2,3,1,3,1,1,2,2,1,3,4,5,4,3,4,3,640843,0,1
DEMO5K-2897,20,2,2,3,1,3,4,2,1,5,2,4,4,2,3,2,3,4,2,1,4,3,2,2,2,2,3,3,3,2,2,4,3,611317,0,1
DEMO5K-2898,21,2,1,5,3,3,3,3,3,3,4,2,4,4,4,3,3,3,4,1,3,5,4,5,2,4,5,4,4,5,5,2,5,474666,0,1
DEMO5K-2899,28,2,3,2,1,3,4,1,3,4,3,2,1,1,1,2,3,1,1,1,1,2,3,1,3,5,3,5,3,2,1,2,3,526805,0,1
DEMO5K-2900,21,1,3,5,4,1,4,5,1,5,5,5,3,3,4,2,3,1,3,1,4,5,2,2,3,5,1,4,2,1,3,1,1,479946,0,1
DEMO5K-2901,28,2,3,1,3,4,2,4,3,2,4,4,5,3,4,4,3,3,4,1,5,5,5,5,5,4,5,5,5,4,4,5,4,525973,0,1
DEMO5K-2902,31,2,2,4,3,3,2,3,3,4,3,2,3,4,4,2,3,3,3,1,4,1,1,2,4,3,3,1,1,2,1,1,3,460108,0,1
DEMO5K-2903,18,1,1,2,4,2,3,3,2,4,3,3,4,3,3,4,3,3,4,1,3,5,4,5,4,4,3,4,4,5,4,4,5,593477,0,1
DEMO5K-2904,26,1,2,5,2,3,1,1,5,1,2,2,1,2,3,2,2,2,1,1,1,2,1,1,2,2,1,1,1,1,1,1,1,441388,0,1
DEMO5K-2905,31,1,3,4,4,2,4,5,2,4,5,5,4,4,4,4,3,3,5,1,4,4,4,3,2,2,4,3,3,1,5,4,3,562306,0,1
DEMO5K-2906,25,2,1,5,3,2,3,4,4,1,3,1,3,1,3,2,3,3,3,1,2,2,3,3,2,2,3,3,2,2,2,3,3,395203,0,1
DEMO5K-2907,21,1,2,5,3,3,5,4,1,3,2,3,5,5,4,4,4,4,4,1,3,4,2,5,4,3,3,3,3,2,1,5,3,327186,0,1
DEMO5K-2908,23,2,3,3,3,5,4,3,4,1,2,2,3,4,2,4,4,4,4,1,4,3,4,4,4,4,5,4,5,4,3,4,3,530607,0,1
DEMO5K-2909,23,2,2,3,2,2,3,3,2,4,3,3,4,4,4,5,4,4,1,1,4,3,5,3,4,2,5,3,4,5,5,5,3,677306,0,1
DEMO5K-2910,20,1,2,3,3,2,2,2,3,3,4,3,3,2,3,2,3,2,1,1,4,3,3,4,3,4,2,2,1,3,2,2,2,558961,0,1
DEMO5K-2911,28,2,3,3,3,2,4,4,1,3,3,4,1,1,1,1,2,3,2,1,2,3,3,4,3,4,3,5,3,2,3,3,1,617144,0,1
DEMO5K-2912,20,2,2,4,2,1,5,4,2,3,3,3,3,4,3,3,3,3,4,1,3,4,2,3,3,3,1,3,4,5,3,3,5,467671,0,1
DEMO5K-2913,34,1,2,5,2,4,3,3,4,2,2,2,3,4,3,1,3,1,5,1,3,2,3,2,4,3,2,1,2,1,2,2,2,547697,0,1
DEMO5K-2914,22,2,1,2,2,2,3,3,3,5,3,2,3,4,3,1,2,4,5,1,4,3,3,4,3,4,2,2,3,3,5,2,3,659054,0,1
DEMO5K-2915,27,2,2,5,4,2,3,4,3,2,2,4,5,3,5,3,4,3,4,1,2,2,1,3,2,2,4,4,3,5,5,4,4,533392,0,1
DEMO5K-2916,23,2,3,5,3,2,4,3,2,2,3,2,5,5,4,3,3,3,4,1,3,2,2,2,3,4,3,1,2,3,2,3,4,395119,0,1
DEMO5K-2917,21,1,3,4,2,3,1,2,4,3,3,3,2,3,2,3,2,1,1,1,3,2,2,2,1,3,4,1,2,1,4,2,2,609846,0,1
DEMO5K-2918,25,2,2,5,3,5,3,3,4,3,2,3,4,2,3,4,4,4,3,1,3,3,4,4,2,3,3,1,1,2,2,1,2,511464,0,1
DEMO5K-2919,19,2,2,2,2,4,2,2,4,2,2,2,2,3,1,2,3,1,2,1,3,2,4,2,2,4,3,2,1,3,3,3,1,699288,0,1
DEMO5K-2920,28,1,2,3,3,1,4,5,2,5,5,5,3,3,2,4,2,5,3,1,4,5,4,5,3,4,5,5,2,5,5,5,3,332260,0,1
DEMO5K-2921,20,1,3,4,4,3,4,2,4,4,4,3,4,3,3,4,3,3,5,1,3,3,3,3,4,3,3,4,4,3,5,4,5,405854,0,1
DEMO5K-2922,31,2,1,5,3,3,3,3,4,2,3,4,5,4,4,5,4,5,5,1,5,4,3,5,3,5,3,3,3,3,4,4,4,319106,0,1
DEMO5K-2923,26,2,3,1,4,3,2,1,5,1,1,1,1,1,2,2,2,1,2,1,3,2,2,2,1,1,3,3,2,2,3,4,2,581628,0,1
DEMO5K-2924,17,2,1,4,2,2,4,3,3,3,4,3,2,1,2,2,1,2,3,2,4,5,3,4,4,3,4,4,3,5,3,5,5,366111,0,0
DEMO5K-2925,23,2,1,3,2,4,3,2,2,4,2,4,4,4,4,3,4,3,4,1,1,2,2,2,3,2,3,3,2,3,3,5,3,555703,0,1
DEMO5K-2926,18,1,2,4,1,4,1,1,5,2,1,1,2,1,1,2,4,2,3,1,2,3,3,3,2,3,2,1,1,3,2,1,1,371168,0,1
DEMO5K-2927,18,2,1,5,3,1,4,5,2,5,4,5,4,4,3,4,4,4,3,1,4,5,4,3,4,3,5,3,4,3,4,3,3,475318,0,1
DEMO5K-2928,24,1,2,2,3,5,1,2,5,1,2,1,3,3,2,2,2,2,2,1,4,3,3,3,5,4,1,3,1,2,1,1,1,493017,0,1
DEMO5K-2929,35,1,2,1,1,3,3,3,4,4,4,3,2,2,2,2,1,1,2,1,2,3,2,4,4,1,4,5,3,5,4,3,3,432832,0,1
DEMO5K-2930,32,1,2,4,4,4,4,3,1,2,5,4,3,3,3,3,1,1,3,1,3,4,3,3,4,4,3,4,4,3,4,4,5,387350,0,1
DEMO5K-2931,27,1,2,5,1,4,2,1,5,1,2,1,2,2,1,3,2,1,1,1,3,2,3,2,3,1,3,2,2,3,2,4,3,550421,0,1
DEMO5K-2932,18,2,2,4,3,3,3,5,3,5,4,3,4,3,2,5,3,4,3,1,4,5,4,5,4,3,3,2,3,4,2,3,2,542136,0,1
DEMO5K-2933,25,2,3,4,1,3,5,4,1,5,4,3,2,1,1,1,1,2,2,1,1,1,3,3,2,2,3,2,3,3,4,3,3,414736,0,1
DEMO5K-2934,21,1,3,1,3,1,3,4,1,2,4,2,3,3,3,2,3,2,3,1,3,5,3,5,3,4,3,3,1,4,3,3,3,484580,0,1
DEMO5K-2935,18,2,1,5,4,1,5,5,2,4,4,5,5,5,4,2,5,4,4,1,5,5,5,3,5,4,4,4,3,3,3,3,3,639169,0,1
DEMO5K-2936,31,2,1,2,2,1,5,3,2,4,5,5,3,4,5,5,5,5,4,1,5,5,5,5,5,5,4,5,4,5,5,5,5,351172,0,1
DEMO5K-2937,31,2,1,2,4,1,4,3,4,2,3,2,4,2,4,3,3,3,3,1,4,4,2,3,5,5,3,2,3,1,2,1,2,444017,0,1
DEMO5K-2938,19,2,1,5,4,2,3,4,3,3,2,3,4,3,4,2,3,4,3,1,1,1,1,1,2,3,3,3,5,4,4,4,3,501440,0,1
DEMO5K-2939,21,1,3,3,2,2,2,2,3,3,2,2,4,4,4,4,5,3,3,1,3,3,2,3,3,3,5,3,5,3,2,4,4,554673,0,1
DEMO5K-2940,28,1,1,5,3,2,3,5,2,5,4,4,2,5,3,3,3,4,3,1,3,3,2,3,3,1,3,2,2,3,2,4,4,582794,0,1
DEMO5K-2941,27,2,3,2,3,3,2,3,3,4,4,4,1,2,2,1,1,2,4,1,2,2,2,3,1,4,2,2,2,2,2,3,1,479566,0,1
DEMO5K-2942,23,2,3,2,4,3,4,3,3,2,4,2,3,3,3,2,2,1,3,1,3,3,3,4,1,3,4,3,2,3,3,3,4,52809,1,1
DEMO5K-2943,17,1,3,5,3,4,2,2,5,1,2,1,1,2,2,2,2,3,2,1,1,1,1,2,1,1,2,3,2,2,2,2,3,511861,0,1
DEMO5K-2944,18,2,1,1,3,4,5,5,2,4,5,4,5,4,3,5,3,3,3,1,4,3,3,4,5,3,4,3,4,4,4,3,5,526414,0,1
DEMO5K-2945,18,2,3,5,3,2,5,4,3,3,4,5,4,4,4,3,5,4,3,1,3,3,2,3,3,4,4,3,3,4,4,2,2,325351,0,1
DEMO5K-2946,30,2,2,2,3,2,3,4,3,5,3,3,2,1,2,3,4,2,2,1,3,3,1,2,3,5,3,5,4,3,4,4,4,582450,0,1
DEMO5K-2947,32,1,1,1,3,3,2,3,5,3,3,1,3,2,2,1,4,3,1,1,2,2,3,3,4,2,1,1,2,1,1,1,1,460775,0,1
DEMO5K-2948,23,2,3,4,2,3,5,3,3,2,1,1,2,5,4,4,3,3,4,1,3,4,4,4,3,3,3,3,3,3,2,3,3,639530,0,1
DEMO5K-2949,33,1,2,4,4,2,4,5,2,3,4,5,3,3,3,2,3,3,2,1,2,2,4,1,3,3,4,4,3,3,2,3,4,334820,0,1
DEMO5K-2950,22,1,1,5,2,2,3,4,2,4,3,4,5,5,4,5,3,4,2,1,4,4,3,2,3,2,4,2,3,4,3,5,1,653987,0,1
DEMO5K-2951,20,2,2,3,2,1,3,3,3,5,4,3,4,4,5,2,3,2,3,1,4,3,2,2,4,2,3,4,5,3,3,4,4,641210,0,1
DEMO5K-2952,32,2,3,1,3,3,2,2,4,1,3,2,4,2,5,4,3,3,3,1,3,4,4,5,2,2,3,3,3,3,3,4,3,64313,1,1
DEMO5K-2953,29,2,2,3,3,5,1,2,2,2,1,1,2,2,3,2,3,2,2,1,1,3,1,1,1,1,2,1,1,2,2,1,1,374163,0,1
DEMO5K-2954,18,2,1,1,1,4,2,2,2,3,3,3,4,4,3,2,5,4,2,1,2,3,3,4,3,3,3,4,4,4,2,3,4,329591,0,1
DEMO5K-2955,18,2,2,2,4,5,1,2,5,2,4,2,4,3,3,3,5,4,4,2,3,2,2,2,2,4,4,4,3,5,4,3,4,667625,0,0
DEMO5K-2956,35,2,3,3,2,4,3,2,3,4,1,2,3,2,3,3,2,1,1,1,2,1,1,3,2,1,3,4,2,4,4,4,3,347253,0,1
DEMO5K-2957,32,2,3,3,4,2,2,3,3,1,2,1,2,3,3,5,4,3,2,1,3,3,2,4,2,1,4,3,2,4,4,3,2,640817,0,1
DEMO5K-2958,24,2,1,1,3,1,4,4,2,4,4,5,4,4,4,5,4,3,4,5,4,4,4,3,4,1,4,5,4,4,3,4,4,698136,0,0
DEMO5K-2959,34,2,3,3,2,3,3,3,3,2,3,2,2,2,1,2,4,4,2,1,2,2,1,2,3,2,4,5,4,3,5,5,3,301177,0,1
DEMO5K-2960,34,1,2,1,4,3,3,2,3,3,3,3,3,3,2,4,1,2,3,1,2,2,3,2,4,3,3,4,3,2,3,4,3,614369,0,1
DEMO5K-2961,29,2,2,2,3,2,5,5,1,4,5,3,4,3,4,3,5,4,3,1,5,3,3,4,4,3,4,5,3,4,4,3,5,519370,0,1
DEMO5K-2962,19,2,3,3,3,4,3,2,4,3,2,2,2,3,3,2,2,2,1,1,3,5,1,2,3,4,3,1,1,3,2,2,3,589159,0,1
DEMO5K-2963,33,2,3,5,2,3,3,2,2,3,3,3,3,5,3,4,3,3,4,1,2,3,1,2,3,2,2,2,3,3,1,4,3,385985,0,1
DEMO5K-2964,19,2,3,4,2,4,2,3,3,4,2,2,2,1,3,3,2,5,4,1,1,3,3,1,1,2,3,4,2,2,2,2,3,619490,0,1
DEMO5K-2965,21,2,3,2,1,1,5,5,2,4,5,5,4,5,3,4,5,5,5,1,3,4,4,3,3,5,4,4,2,5,3,3,4,330230,0,1
DEMO5K-2966,21,1,3,2,3,2,3,4,1,2,4,5,5,2,5,5,3,5,2,1,2,3,5,4,3,3,3,3,1,2,4,3,1,401745,0,1
DEMO5K-2967,24,2,1,2,3,3,4,1,4,2,2,2,2,4,2,2,3,1,2,1,3,3,1,1,2,1,1,3,1,3,1,3,2,481144,0,1
DEMO5K-2968,24,2,3,2,3,3,5,4,4,4,3,1,3,1,2,2,2,2,3,1,1,2,3,5,3,2,1,3,3,2,2,2,3,358495,0,1
DEMO5K-2969,24,2,1,1,2,3,2,3,4,2,2,3,2,4,4,4,3,4,4,1,3,3,4,5,5,3,3,4,2,3,4,3,4,412547,0,1
DEMO5K-2970,25,2,2,3,3,2,3,1,4,2,5,2,4,4,2,3,4,4,2,1,2,1,1,1,1,2,2,2,1,2,2,2,3,628535,0,1
DEMO5K-2971,28,2,2,3,2,2,3,2,3,2,1,2,3,1,3,3,1,4,5,1,5,2,3,4,4,5,4,1,1,1,3,1,3,399552,0,1
DEMO5K-2972,24,1,3,2,3,4,5,3,1,3,5,4,2,2,3,3,3,1,3,3,4,4,4,5,2,4,2,4,4,4,5,4,2,575051,0,0
DEMO5K-2973,17,1,2,2,4,2,5,2,3,4,5,5,3,2,4,4,2,2,3,1,4,3,5,2,2,3,1,5,5,3,4,4,3,689623,0,1
DEMO5K-2974,27,1,2,5,1,4,2,2,3,2,1,2,1,1,2,1,2,1,3,1,5,4,5,5,4,4,2,3,2,1,4,3,4,479803,0,1
DEMO5K-2975,26,1,3,4,3,5,2,2,3,1,1,2,5,5,3,3,4,3,4,1,4,4,3,3,4,4,2,1,3,2,3,3,4,571838,0,1
DEMO5K-2976,32,2,3,4,4,1,3,3,3,5,2,3,5,4,4,4,2,4,4,1,3,5,5,3,3,2,4,3,3,4,3,3,1,523642,0,1
DEMO5K-2977,30,1,2,3,1,1,5,4,1,5,4,3,3,4,4,3,4,3,3,1,5,5,4,5,3,4,4,5,4,5,2,2,5,574094,0,1
DEMO5K-2978,31,1,2,4,2,3,5,4,4,5,5,5,5,4,2,3,4,5,4,1,5,4,4,4,5,5,5,5,4,5,5,3,5,326586,0,1
DEMO5K-2979,24,2,3,3,3,1,5,4,1,3,5,5,4,4,4,3,4,3,3,1,5,4,3,5,2,3,2,4,3,3,3,3,3,568825,0,1
DEMO5K-2980,33,2,2,1,3,4,5,5,2,3,3,3,2,4,3,4,1,5,3,1,2,3,3,4,2,3,2,2,3,3,2,4,3,392628,0,1
DEMO5K-2981,30,1,2,5,3,4,2,3,4,3,3,3,3,3,2,2,2,2,3,1,1,1,3,3,2,3,2,4,4,2,4,4,3,304569,0,1
DEMO5K-2982,31,1,1,3,4,1,4,2,1,5,3,5,4,2,3,2,4,2,5,1,5,4,3,4,4,2,4,5,4,3,2,4,4,48495,1,1
DEMO5K-2983,29,2,2,2,3,2,4,2,5,2,2,3,3,3,3,2,2,4,3,1,4,4,2,3,5,4,3,3,5,5,3,3,5,398601,0,1
DEMO5K-2984,34,2,1,4,4,2,5,4,3,4,5,4,4,1,2,5,3,3,3,1,2,2,1,3,2,4,4,5,5,5,3,3,5,72038,1,1
DEMO5K-2985,20,2,1,5,2,1,3,4,2,5,4,4,5,5,3,4,5,5,5,1,5,5,4,3,4,3,5,4,5,5,3,4,4,360675,0,1
DEMO5K-2986,25,1,1,3,2,3,2,5,2,3,3,3,3,3,2,3,3,4,4,1,4,3,1,2,3,3,5,5,5,4,5,4,5,509510,0,1
DEMO5K-2987,34,2,2,3,3,4,1,2,2,2,2,2,5,2,4,5,2,3,3,5,3,4,5,2,3,2,1,3,3,1,2,1,3,320573,0,0
DEMO5K-2988,26,1,2,2,2,3,4,4,4,4,3,4,4,1,3,3,2,2,4,1,3,2,3,4,3,3,4,2,4,4,3,3,5,363178,0,1
DEMO5K-2989,21,2,2,1,4,3,4,3,5,3,3,4,4,3,4,3,3,4,5,1,4,5,3,4,4,4,3,5,5,4,4,3,5,52765,1,1
DEMO5K-2990,20,2,2,4,2,5,3,2,3,2,4,5,2,4,3,3,3,4,2,1,4,2,3,2,3,4,2,3,3,3,3,2,3,446463,0,1
DEMO5K-2991,26,2,1,2,3,2,5,5,1,5,5,5,4,4,4,3,3,5,3,1,3,5,4,3,4,4,2,5,2,2,3,4,5,510868,0,1
DEMO5K-2992,24,2,1,3,4,4,4,1,4,3,4,1,3,3,3,5,4,2,5,1,3,3,4,2,2,3,1,4,2,3,1,3,1,589188,0,1
DEMO5K-2993,33,1,3,4,3,5,1,1,5,1,1,2,3,1,1,3,1,3,3,3,4,3,2,2,3,1,3,1,4,2,2,2,1,409648,0,0
DEMO5K-2994,26,2,3,3,2,3,2,2,5,4,1,5,3,3,4,2,5,2,4,1,4,3,4,4,3,4,3,4,2,2,3,3,3,544305,0,1
DEMO5K-2995,21,2,3,3,3,3,1,3,2,2,1,2,3,3,3,3,3,3,2,1,2,3,2,2,3,2,4,3,3,3,4,2,3,495673,0,1
DEMO5K-2996,19,2,3,5,3,3,4,3,2,3,3,3,2,2,3,2,2,3,2,1,3,2,4,3,2,2,1,2,2,3,2,3,2,568247,0,1
DEMO5K-2997,31,1,3,1,2,4,1,3,4,1,3,1,2,2,3,2,1,2,2,1,3,2,3,4,3,2,2,3,3,2,3,3,1,582923,0,1
DEMO5K-2998,27,2,3,3,2,5,3,4,3,2,4,2,2,3,2,4,2,1,2,1,3,2,3,3,4,2,3,4,4,4,4,2,4,346264,0,1
DEMO5K-2999,28,2,3,3,4,3,5,5,2,4,3,4,4,1,3,2,4,3,2,1,4,3,5,4,2,3,3,3,2,3,4,3,2,57159,1,1
DEMO5K-3000,34,2,2,5,2,2,3,3,1,3,4,3,2,2,3,2,3,2,2,1,2,2,3,3,5,4,3,4,3,3,5,3,2,601230,0,1
DEMO5K-3001,20,2,2,3,4,4,3,4,4,2,3,3,3,3,3,3,3,4,3,1,4,4,5,3,4,2,2,3,4,4,4,1,3,467597,0,1
DEMO5K-3002,28,1,3,3,2,2,4,3,1,2,3,5,5,5,4,5,5,3,4,1,3,4,2,5,3,3,2,3,4,5,4,4,3,377629,0,1
DEMO5K-3003,17,1,3,3,4,5,1,3,5,1,3,2,5,3,2,2,2,1,4,1,4,2,4,4,3,1,2,2,3,3,2,1,3,487590,0,1
DEMO5K-3004,22,1,3,4,1,5,2,3,2,2,4,2,3,3,1,4,2,3,4,1,2,1,4,4,2,2,4,3,3,4,2,4,3,360939,0,1
DEMO5K-3005,33,1,3,4,3,2,3,3,5,2,1,2,4,4,4,5,4,3,4,1,1,2,3,2,4,2,4,3,4,4,3,1,2,446280,0,1
DEMO5K-3006,18,2,2,1,2,5,5,4,1,4,4,2,2,3,3,4,4,2,4,1,3,3,4,5,5,4,4,5,5,5,4,3,4,418415,0,1
DEMO5K-3007,26,1,2,2,4,4,2,2,5,2,1,2,1,1,2,2,3,1,1,1,3,4,4,3,3,2,2,2,1,1,1,2,2,436632,0,1
DEMO5K-3008,32,2,3,2,2,2,3,5,2,3,2,3,3,5,5,3,3,3,5,1,3,3,3,3,4,3,5,3,3,5,3,3,3,59106,1,1
DEMO5K-3009,27,1,2,5,2,5,1,2,5,2,1,2,1,1,1,1,1,2,3,1,2,2,2,1,1,2,2,3,1,4,4,2,1,630508,0,1
DEMO5K-3010,28,1,3,5,2,5,2,1,4,1,3,3,2,2,3,3,3,1,4,1,2,2,1,1,1,2,1,1,2,2,3,3,2,477374,0,1
DEMO5K-3011,31,2,1,1,3,5,1,1,3,2,1,3,4,3,2,3,2,2,3,1,2,1,3,1,4,2,2,2,3,2,3,3,2,514197,0,1
DEMO5K-3012,19,1,2,4,1,2,1,3,5,3,2,2,4,2,3,3,3,2,3,1,2,5,3,2,4,3,1,1,1,3,1,1,1,580780,0,1
DEMO5K-3013,27,2,2,1,3,3,1,3,2,4,4,3,2,2,2,2,2,2,2,1,4,3,3,2,3,3,3,2,2,4,2,1,2,474213,0,1
DEMO5K-3014,21,1,1,4,3,1,4,4,3,3,4,5,3,5,3,4,2,3,3,1,4,2,4,4,4,3,4,4,4,5,4,5,5,397880,0,1
DEMO5K-3015,27,1,3,5,3,1,5,4,1,5,5,5,4,4,4,5,4,5,4,1,2,4,5,3,3,4,5,2,3,3,3,2,3,359752,0,1
DEMO5K-3016,24,1,2,5,4,4,1,2,3,2,1,2,1,2,2,1,1,2,1,1,3,3,1,1,4,2,1,1,1,1,1,1,1,392486,0,1
DEMO5K-3017,21,2,3,2,2,4,4,3,1,4,5,5,5,5,5,5,5,5,5,1,2,2,3,4,4,4,5,5,3,3,4,5,4,497328,0,1
DEMO5K-3018,29,2,2,3,3,5,4,2,4,2,4,3,3,3,2,3,2,3,4,1,3,3,3,3,4,2,3,1,2,2,2,1,3,333874,0,1
DEMO5K-3019,18,1,3,4,4,4,3,4,3,3,5,3,4,5,3,4,4,3,3,2,4,4,5,4,5,4,4,3,4,3,4,4,3,495957,0,0
DEMO5K-3020,35,1,3,1,4,1,2,2,2,2,3,3,5,3,4,4,4,4,5,1,2,1,3,1,3,3,5,3,4,3,3,2,3,687657,0,1
DEMO5K-3021,22,2,2,1,2,3,1,3,3,3,2,2,4,3,3,4,4,3,1,5,2,2,2,2,2,3,3,2,3,2,4,2,4,550179,0,0
DEMO5K-3022,21,2,2,2,3,1,3,2,2,5,4,3,3,5,2,3,3,3,4,1,4,3,5,4,5,5,5,4,4,3,5,5,4,696063,0,1
DEMO5K-3023,26,1,2,1,3,5,2,1,5,2,4,3,2,1,2,1,1,1,1,1,1,3,2,2,1,4,1,3,2,2,2,3,3,448719,0,1
DEMO5K-3024,23,1,1,4,2,3,1,1,3,3,4,3,3,1,3,4,1,2,2,1,3,1,3,3,2,2,3,4,2,3,4,3,3,685864,0,1
DEMO5K-3025,32,2,2,4,2,4,3,2,5,3,4,1,3,3,3,2,3,3,3,1,4,4,5,5,3,5,3,4,3,4,4,3,4,576512,0,1
DEMO5K-3026,19,1,1,5,4,4,4,4,2,2,4,2,2,3,3,3,4,4,4,1,3,4,4,4,4,4,2,4,4,4,3,3,2,656548,0,1
DEMO5K-3027,25,2,2,4,2,3,4,1,4,3,2,2,2,1,4,2,4,2,2,1,5,5,5,5,5,5,5,4,3,3,5,3,3,311435,0,1
DEMO5K-3028,34,1,3,1,4,2,4,4,3,2,3,3,1,2,3,2,2,3,2,1,3,5,2,3,3,4,1,3,3,3,3,2,2,310202,0,1
DEMO5K-3029,30,1,3,5,1,4,2,2,3,3,3,2,4,2,1,2,2,3,2,1,5,4,5,4,4,4,1,3,4,1,4,3,2,464674,0,1
DEMO5K-3030,28,1,3,3,3,1,3,3,4,3,1,4,2,4,4,3,2,5,2,1,4,5,5,5,5,5,2,2,2,3,3,1,2,548626,0,1
DEMO5K-3031,20,2,1,1,3,3,4,4,3,3,3,3,4,3,3,1,3,2,3,1,4,3,3,4,4,4,1,2,3,2,3,2,1,630563,0,1
DEMO5K-3032,18,1,1,1,2,4,3,2,2,3,4,3,4,4,4,2,4,3,3,1,4,4,3,4,4,3,4,4,3,3,5,4,3,383946,0,1
DEMO5K-3033,27,2,3,2,3,3,3,2,4,4,3,4,3,3,2,3,3,2,2,1,4,4,4,4,4,4,2,2,2,2,4,4,2,396490,0,1
DEMO5K-3034,33,2,1,1,3,3,2,3,4,3,2,3,4,4,3,3,3,2,3,1,2,3,2,3,2,2,3,3,2,2,2,4,1,670828,0,1
DEMO5K-3035,29,1,2,3,3,2,4,4,2,5,4,4,3,4,4,5,2,4,4,1,5,5,4,4,2,4,4,4,4,2,5,3,4,464090,0,1
DEMO5K-3036,20,2,3,1,3,3,3,3,2,4,3,3,4,5,4,4,4,2,1,1,3,3,4,4,3,4,4,4,4,4,4,5,3,654845,0,1
DEMO5K-3037,26,1,3,2,1,5,3,2,3,2,3,5,3,2,3,2,3,2,2,1,4,2,3,4,1,3,2,4,2,1,2,3,1,557345,0,1
DEMO5K-3038,18,1,3,4,2,3,3,3,4,3,4,3,4,4,4,5,4,3,3,1,3,3,3,1,3,3,3,2,1,4,3,2,4,684663,0,1
DEMO5K-3039,27,2,3,5,4,4,2,4,2,3,3,4,4,3,1,4,3,4,4,1,2,1,1,1,2,1,2,3,2,5,5,3,4,341450,0,1
DEMO5K-3040,24,1,3,2,3,3,3,4,3,4,3,3,3,5,3,3,4,4,4,1,4,3,4,3,2,4,2,5,2,3,3,3,2,487026,0,1
DEMO5K-3041,24,2,3,4,2,4,3,3,2,3,3,4,2,3,3,1,2,3,3,1,2,3,4,3,3,3,3,2,3,3,3,2,3,651350,0,1
DEMO5K-3042,22,1,2,5,2,5,1,1,3,1,1,2,3,5,4,4,4,3,3,1,2,3,1,1,3,4,2,3,2,3,1,2,1,584428,0,1
DEMO5K-3043,22,2,2,5,3,2,3,4,2,4,4,4,4,5,5,4,3,5,5,1,3,5,4,5,3,5,3,4,3,4,3,3,3,72229,1,1
DEMO5K-3044,26,2,3,5,3,3,2,1,4,2,2,3,4,4,3,4,4,2,4,1,3,5,4,2,1,3,3,3,2,3,3,2,1,490060,0,1
DEMO5K-3045,31,2,3,3,1,3,2,3,4,3,3,3,2,2,1,2,2,2,2,1,3,2,3,2,2,2,2,2,4,1,3,3,3,581776,0,1
DEMO5K-3046,33,1,1,1,4,2,4,2,5,3,3,3,1,3,1,2,1,2,3,1,3,2,2,2,2,3,3,5,4,4,2,4,5,463042,0,1
DEMO5K-3047,26,2,3,1,3,2,2,4,3,2,4,4,3,2,4,4,2,4,2,1,5,5,4,5,5,4,3,2,3,2,4,4,3,682094,0,1
DEMO5K-3048,26,2,2,4,2,3,2,3,3,2,3,3,2,3,3,4,3,2,2,1,3,4,4,4,3,5,4,2,4,4,4,3,4,562686,0,1
DEMO5K-3049,25,1,2,4,4,1,5,5,4,5,5,4,3,2,2,3,2,2,3,1,4,3,2,4,2,2,2,4,3,2,1,3,5,506972,0,1
DEMO5K-3050,32,1,2,2,2,5,1,1,5,2,1,2,3,3,4,5,3,4,4,1,4,2,3,3,3,2,3,5,4,3,4,1,3,442544,0,1
DEMO5K-3051,17,2,3,4,3,3,3,5,1,3,4,4,3,2,3,4,1,4,3,1,5,4,4,5,5,5,3,5,4,3,4,4,5,577263,0,1
DEMO5K-3052,24,1,2,1,4,3,3,3,2,2,2,3,1,1,1,1,2,2,1,1,1,3,1,2,1,1,2,1,2,2,3,2,2,475008,0,1
DEMO5K-3053,35,2,2,3,1,5,3,3,2,4,3,4,4,4,2,4,4,2,5,1,5,5,5,5,4,5,5,4,4,5,3,3,4,594208,0,1
DEMO5K-3054,21,1,3,2,2,2,5,4,1,5,4,4,4,3,5,4,2,3,4,1,2,2,3,3,4,3,5,2,3,2,2,3,3,551507,0,1
DEMO5K-3055,26,1,3,1,4,1,4,3,3,3,4,5,3,5,4,3,5,4,2,1,2,4,2,2,3,2,3,3,2,2,1,3,3,444335,0,1
DEMO5K-3056,34,1,3,4,1,5,1,1,4,1,1,1,1,2,2,2,3,1,3,1,3,2,3,2,3,1,2,1,2,1,1,1,3,379549,0,1
DEMO5K-3057,28,2,1,2,3,2,5,4,1,4,5,5,5,4,4,5,5,5,5,1,4,5,4,5,5,5,4,5,5,4,4,5,5,577410,0,1
DEMO5K-3058,23,2,3,3,2,4,2,3,3,4,2,1,4,3,4,5,3,4,5,1,4,5,3,5,3,4,4,4,3,3,3,4,4,634936,0,1
DEMO5K-3059,32,1,3,2,4,4,1,1,5,1,1,2,3,3,5,4,3,4,5,1,3,3,3,3,2,3,1,1,3,3,3,4,3,473548,0,1
DEMO5K-3060,24,2,2,4,4,1,4,4,2,5,4,3,4,4,2,5,3,4,4,1,4,3,3,4,2,5,5,4,5,4,4,3,4,423986,0,1
DEMO5K-3061,27,1,1,4,2,2,4,3,2,4,4,4,5,5,3,4,5,5,5,1,4,4,3,4,3,4,4,5,5,4,4,4,5,534923,0,1
DEMO5K-3062,35,1,3,1,2,2,2,1,3,1,3,2,4,5,4,4,3,4,4,1,4,3,5,3,5,3,5,4,5,4,3,3,4,515593,0,1
DEMO5K-3063,31,2,3,4,3,5,2,2,3,3,1,1,5,4,5,4,4,5,5,2,5,5,5,3,4,4,5,4,5,4,4,5,3,533204,0,0
DEMO5K-3064,26,2,2,4,3,3,2,4,4,1,2,2,5,1,4,3,3,2,5,5,2,2,2,3,3,3,3,2,3,3,2,3,4,589717,0,0
DEMO5K-3065,23,1,1,1,3,2,4,3,2,3,3,4,2,4,4,4,4,3,2,4,4,5,5,2,5,2,2,3,3,4,3,3,2,578827,0,0
DEMO5K-3066,31,2,2,1,2,2,3,3,1,4,3,5,5,4,4,4,4,4,3,1,2,2,2,1,1,1,5,4,3,3,4,4,2,671191,0,1
DEMO5K-3067,28,1,1,3,2,3,4,4,3,4,3,4,3,4,3,3,2,3,3,1,4,3,5,4,3,1,4,3,5,5,3,4,4,368890,0,1
DEMO5K-3068,26,2,3,2,3,3,1,4,3,1,1,3,5,3,5,5,4,4,4,1,2,2,3,4,3,4,2,3,2,3,3,3,3,324906,0,1
DEMO5K-3069,28,2,3,1,4,2,3,5,1,3,4,4,4,4,3,3,2,3,4,1,3,3,4,4,3,4,5,3,3,3,1,4,4,467010,0,1
DEMO5K-3070,25,1,3,1,3,3,2,3,5,4,3,3,2,2,3,3,3,2,1,1,2,2,2,4,4,1,4,2,3,3,3,3,2,538947,0,1
DEMO5K-3071,32,1,2,2,2,2,3,4,2,3,4,4,3,4,5,4,3,4,5,1,3,4,4,3,2,5,4,3,3,4,4,3,3,497389,0,1
DEMO5K-3072,27,1,3,5,3,4,3,5,2,3,2,4,3,2,1,3,2,2,3,1,1,3,2,3,3,4,2,3,2,3,5,3,3,454633,0,1
DEMO5K-3073,19,2,3,2,2,5,4,4,1,4,2,4,3,2,1,4,4,2,4,1,3,4,3,5,3,5,2,2,2,3,2,3,1,624183,0,1
DEMO5K-3074,27,2,2,4,3,3,3,4,5,4,5,2,4,5,4,5,4,4,5,1,3,3,3,2,4,3,3,4,4,3,3,5,4,398547,0,1
DEMO5K-3075,22,2,3,2,2,5,1,1,4,1,3,1,2,2,2,3,3,3,3,1,4,2,3,4,3,2,2,3,4,4,2,1,3,506121,0,1
DEMO5K-3076,26,2,2,4,3,3,4,4,2,3,3,4,5,5,4,3,3,5,5,1,3,5,5,5,5,4,5,4,2,4,4,2,3,672335,0,1
DEMO5K-3077,35,1,2,2,3,3,3,4,3,3,2,5,2,5,3,3,3,3,4,1,2,3,3,3,1,2,3,1,2,5,3,3,3,597889,0,1
DEMO5K-3078,22,1,3,5,3,2,2,2,5,2,4,2,2,2,2,3,1,3,1,1,4,3,3,3,2,4,3,2,3,1,3,2,5,420321,0,1
DEMO5K-3079,24,2,3,2,4,3,4,4,2,2,4,2,2,4,4,4,4,4,3,1,3,3,4,5,4,5,3,5,4,5,3,5,5,692268,0,1
DEMO5K-3080,34,2,3,1,3,2,2,2,3,4,1,4,3,3,4,2,2,2,2,1,1,1,2,2,2,2,4,3,2,3,3,4,2,310619,0,1
DEMO5K-3081,20,1,2,4,3,5,2,2,3,2,3,4,2,2,2,2,4,2,1,1,3,3,4,4,2,2,3,4,4,3,1,3,3,598129,0,1
DEMO5K-3082,24,2,3,5,3,3,3,3,3,4,3,5,4,3,4,3,4,2,4,1,2,3,4,2,1,2,3,3,3,5,4,3,3,637619,0,1
DEMO5K-3083,25,2,3,3,1,4,1,2,4,1,2,1,2,3,3,3,3,3,2,1,1,4,1,1,3,2,3,3,3,3,4,4,5,470267,0,1
DEMO5K-3084,34,1,3,1,3,4,5,4,2,3,2,2,5,2,3,4,4,3,4,1,5,5,4,4,5,4,2,3,4,2,4,2,2,377654,0,1
DEMO5K-3085,32,2,2,2,4,4,2,2,3,3,2,3,2,4,5,4,2,1,3,1,1,2,3,3,1,3,4,4,4,2,5,4,3,656541,0,1
DEMO5K-3086,20,2,2,5,3,5,1,2,4,2,2,1,2,3,3,1,3,2,2,1,2,3,4,2,2,4,4,1,3,3,1,3,3,471354,0,1
DEMO5K-3087,25,1,3,4,3,3,3,3,3,4,4,3,3,4,2,1,4,4,2,1,4,4,5,4,4,3,2,3,3,3,3,3,2,69997,1,1
DEMO5K-3088,20,1,2,3,4,1,4,3,2,3,5,5,3,2,1,2,3,3,3,1,4,1,4,3,3,4,3,2,3,4,2,4,2,686600,0,1
DEMO5K-3089,25,2,3,3,3,4,4,5,2,2,4,4,4,3,5,4,5,4,3,1,5,3,2,3,3,3,5,4,4,5,4,4,3,81855,1,1
DEMO5K-3090,33,1,1,5,4,2,4,3,2,3,3,4,2,1,3,2,2,2,2,1,4,3,4,2,5,4,2,3,3,3,5,2,2,328856,0,1
DEMO5K-3091,24,2,1,1,2,4,4,4,2,2,3,4,1,3,2,3,3,2,2,1,2,3,4,3,1,3,3,3,5,3,4,3,4,498042,0,1
DEMO5K-3092,30,1,2,4,1,3,2,5,3,4,5,1,3,1,2,1,1,1,1,1,2,4,4,3,4,5,4,3,5,4,3,4,5,545592,0,1
DEMO5K-3093,28,2,1,5,2,4,2,3,2,3,2,3,3,2,4,4,4,3,3,1,4,3,1,4,2,1,3,3,2,4,3,3,3,318472,0,1
DEMO5K-3094,30,2,2,3,3,2,5,4,4,5,5,4,4,3,3,3,3,3,4,1,2,5,3,4,5,4,3,4,3,4,2,3,2,539337,0,1
DEMO5K-3095,20,2,2,2,2,4,3,3,3,2,3,4,3,5,5,1,3,3,3,1,4,2,2,4,1,2,1,4,3,2,1,3,3,531022,0,1
DEMO5K-3096,28,1,2,1,2,3,3,3,3,2,2,3,4,4,4,3,4,4,5,1,4,3,4,3,4,4,4,2,4,3,4,4,4,596033,0,1
DEMO5K-3097,23,2,2,4,1,4,1,3,5,1,1,3,5,3,3,3,4,4,3,1,4,2,3,2,3,3,3,1,2,1,2,2,3,587605,0,1
DEMO5K-3098,35,2,2,1,2,3,3,1,3,3,4,3,2,2,3,2,3,2,3,1,4,2,3,2,3,4,1,4,3,3,3,3,4,474903,0,1
DEMO5K-3099,20,1,2,1,3,2,5,4,2,4,5,5,5,4,5,4,4,4,5,1,2,4,5,3,4,5,2,2,4,5,5,4,3,575300,0,1
DEMO5K-3100,17,2,3,3,3,2,4,3,4,4,4,4,4,4,4,4,3,4,3,1,5,5,3,3,4,3,3,2,4,3,2,3,4,54636,1,1
DEMO5K-3101,23,1,2,2,2,3,5,2,2,3,2,3,2,1,1,3,3,1,1,1,2,4,3,3,2,1,1,3,3,3,2,1,2,655785,0,1
DEMO5K-3102,33,1,2,2,3,2,5,4,2,2,4,5,4,5,5,2,5,4,5,1,5,5,3,4,2,2,3,3,3,3,4,4,4,333487,0,1
DEMO5K-3103,26,2,1,5,2,4,3,1,4,3,1,3,3,2,3,5,3,2,4,1,3,3,2,2,3,2,2,4,4,3,3,4,3,566495,0,1
DEMO5K-3104,25,1,2,2,4,3,3,2,3,4,3,4,3,1,1,1,1,1,2,1,3,2,1,1,1,3,2,3,1,2,2,1,2,645884,0,1
DEMO5K-3105,32,1,2,1,1,4,3,1,4,3,1,1,2,2,3,2,3,2,2,1,4,4,4,2,2,3,3,3,2,2,2,3,3,360278,0,1
DEMO5K-3106,22,1,2,5,3,5,3,2,3,3,3,3,3,2,4,5,3,2,4,1,3,3,3,2,3,2,2,4,3,1,3,1,3,554928,0,1
DEMO5K-3107,28,1,1,3,4,3,3,1,3,3,3,1,3,4,4,2,4,4,3,1,4,3,5,4,4,5,5,4,4,4,4,5,5,649277,0,1
DEMO5K-3108,17,2,3,4,3,5,3,2,5,2,2,1,2,2,4,4,3,3,3,1,3,2,2,3,4,1,1,4,4,4,2,3,2,384011,0,1
DEMO5K-3109,31,1,2,2,4,1,4,3,3,3,3,2,3,3,2,3,4,3,3,1,2,1,1,3,3,3,3,2,4,2,3,3,2,360464,0,1
DEMO5K-3110,18,2,3,5,2,4,3,1,3,2,3,3,4,5,5,4,5,3,4,1,4,3,3,2,4,4,4,3,2,2,2,5,3,391399,0,1
DEMO5K-3111,30,1,2,3,1,2,4,4,2,2,3,3,3,3,3,2,5,4,3,1,2,5,5,3,3,3,4,4,5,5,5,4,2,641233,0,1
DEMO5K-3112,27,1,2,3,3,4,3,3,4,4,2,3,3,3,2,3,3,4,4,1,3,4,4,3,4,2,4,2,3,3,2,5,4,370668,0,1
DEMO5K-3113,20,1,2,4,2,5,4,3,4,2,4,3,2,3,3,4,3,2,3,1,1,1,3,4,3,2,2,2,3,2,1,3,2,520148,0,1
DEMO5K-3114,17,2,2,5,2,3,4,2,4,3,4,3,3,3,4,3,3,3,3,1,2,4,4,4,5,2,2,1,1,2,5,2,2,591869,0,1
DEMO5K-3115,29,1,2,4,3,4,3,3,3,3,3,2,2,4,4,3,2,2,2,1,3,4,3,4,3,3,4,3,3,4,4,4,3,587795,0,1
DEMO5K-3116,25,2,1,5,2,4,3,3,3,2,3,5,3,1,3,4,2,3,3,1,5,4,3,3,3,4,2,2,3,2,2,2,2,492801,0,1
DEMO5K-3117,27,2,2,2,4,3,1,2,4,2,3,2,4,3,1,1,3,4,2,1,2,3,3,1,3,3,3,3,4,3,2,3,2,596428,0,1
DEMO5K-3118,18,1,2,3,3,3,5,4,5,4,4,4,2,3,1,3,2,3,2,1,4,4,4,5,3,3,3,3,4,4,4,4,4,502347,0,1
DEMO5K-3119,22,2,3,2,3,4,1,1,3,1,1,1,2,3,2,2,3,2,3,1,3,3,2,2,4,2,2,2,2,2,1,1,1,57600,1,1
DEMO5K-3120,31,2,2,4,4,2,4,3,3,3,4,4,3,5,4,3,5,4,3,1,3,3,3,3,3,4,3,4,4,4,4,5,3,656356,0,1
DEMO5K-3121,24,2,2,5,1,2,5,5,3,5,4,4,3,2,4,5,3,3,4,1,3,3,4,3,5,4,4,3,2,1,2,1,3,655615,0,1
DEMO5K-3122,23,1,2,5,3,5,2,2,4,2,2,3,2,2,1,4,1,1,4,1,4,4,3,2,4,2,1,3,2,4,2,1,2,664499,0,1
DEMO5K-3123,33,2,3,3,3,2,4,4,2,5,4,4,4,4,3,4,5,3,4,1,5,3,3,5,4,5,3,4,2,4,4,3,3,574099,0,1
DEMO5K-3124,22,1,3,2,3,2,4,4,2,3,3,2,4,5,5,4,5,5,3,1,4,5,4,3,4,5,3,3,4,3,2,3,3,601823,0,1
DEMO5K-3125,18,2,3,5,4,3,2,3,3,3,3,1,4,4,4,4,5,4,3,1,3,2,1,3,2,1,2,4,3,4,3,3,4,690106,0,1
DEMO5K-3126,30,2,2,5,3,2,3,3,5,3,2,3,3,3,5,3,3,2,3,1,4,4,2,4,3,5,2,4,2,2,1,3,3,449929,0,1
DEMO5K-3127,30,2,2,1,3,3,3,4,4,5,1,3,5,3,3,3,4,4,2,1,5,3,3,4,4,5,2,5,3,3,4,4,3,416456,0,1
DEMO5K-3128,35,1,2,2,4,3,4,2,3,5,3,4,2,3,4,3,4,2,2,1,3,5,3,2,4,4,4,3,3,5,2,2,4,338688,0,1
DEMO5K-3129,26,2,2,3,3,1,5,5,1,5,5,5,4,5,4,4,3,3,4,1,3,4,5,3,5,2,3,3,2,4,3,3,4,393147,0,1
DEMO5K-3130,21,1,2,2,3,2,3,2,4,3,3,2,3,3,1,3,4,3,3,1,3,3,1,2,4,3,5,3,3,2,4,4,4,567516,0,1
DEMO5K-3131,30,1,2,2,4,2,4,2,4,2,2,2,3,2,2,2,1,2,1,1,3,4,3,3,3,1,3,3,4,3,3,5,4,388257,0,1
DEMO5K-3132,17,1,1,4,3,1,4,3,3,5,4,4,4,4,4,5,5,4,4,1,4,2,3,3,1,3,3,2,2,3,2,3,3,367855,0,1
DEMO5K-3133,18,2,3,4,4,4,1,4,2,2,4,4,2,3,3,3,2,1,4,1,3,4,2,2,2,1,1,2,2,1,1,1,1,53872,1,1
DEMO5K-3134,35,1,3,1,3,3,2,2,5,3,2,1,4,4,2,2,3,3,1,1,2,5,2,3,4,4,3,4,3,3,5,4,4,509242,0,1
DEMO5K-3135,28,2,3,2,4,3,5,2,2,3,4,2,2,2,1,2,3,1,2,1,2,3,3,5,4,3,3,3,3,3,3,3,4,502209,0,1
DEMO5K-3136,27,2,3,3,2,3,3,2,1,4,3,2,3,5,4,5,3,3,3,1,5,3,4,3,4,5,4,3,3,4,4,3,3,480735,0,1
DEMO5K-3137,22,1,2,4,3,4,2,4,2,3,1,3,5,2,3,3,5,3,4,1,2,3,3,2,4,3,4,3,2,1,3,2,1,315964,0,1
DEMO5K-3138,32,2,1,3,4,4,2,4,4,3,2,3,2,2,4,1,2,3,3,1,4,5,5,5,4,4,2,1,1,1,2,1,2,562572,0,1
DEMO5K-3139,22,1,2,3,3,5,2,3,5,2,2,3,3,5,2,3,2,2,4,1,4,3,3,5,4,4,3,3,2,3,2,3,2,504806,0,1
DEMO5K-3140,26,1,2,3,2,3,2,3,4,2,2,2,2,2,3,1,2,3,2,1,3,3,3,1,2,4,3,3,2,1,3,3,1,596878,0,1
DEMO5K-3141,23,2,3,3,4,4,3,2,4,3,2,3,4,3,3,5,5,5,3,1,2,3,4,4,4,5,4,4,2,4,3,2,2,354698,0,1
DEMO5K-3142,20,1,2,1,3,4,1,3,3,5,4,3,4,3,2,3,3,3,3,3,3,2,2,3,3,4,3,3,3,4,4,4,5,651478,0,0
DEMO5K-3143,27,1,1,4,2,5,1,3,3,1,3,2,4,5,3,4,3,3,3,1,3,3,4,4,4,5,3,4,2,3,3,3,3,436901,0,1
DEMO5K-3144,26,1,2,5,1,4,4,4,2,3,5,4,4,4,2,4,4,4,4,1,5,4,5,5,5,5,5,5,3,5,5,5,3,343459,0,1
DEMO5K-3145,33,1,2,1,2,2,3,3,3,4,3,4,2,2,4,2,2,1,1,1,1,2,3,2,1,1,3,3,2,3,2,5,3,318018,0,1
DEMO5K-3146,21,2,3,1,3,2,3,2,2,4,4,2,2,4,3,2,3,4,4,1,5,2,3,3,4,5,2,3,2,3,3,4,4,394854,0,1
DEMO5K-3147,22,2,2,4,3,4,2,4,4,2,2,4,2,2,2,2,1,3,2,1,2,1,1,1,3,3,3,3,3,3,2,3,4,579034,0,1
DEMO5K-3148,30,2,3,2,3,2,3,3,3,3,4,3,4,4,3,3,4,5,2,1,4,1,4,4,4,4,3,4,5,1,3,3,3,549879,0,1
DEMO5K-3149,32,1,1,5,2,1,4,4,1,5,3,5,5,4,4,4,5,4,4,1,4,5,5,3,1,5,5,3,3,5,5,4,5,505929,0,1
DEMO5K-3150,32,1,1,5,1,4,4,2,4,1,1,2,2,3,3,2,1,2,1,1,4,5,4,4,4,3,3,2,4,2,5,4,4,590032,0,1
DEMO5K-3151,32,1,3,4,2,2,3,5,2,4,3,3,3,1,2,2,2,2,2,1,3,2,3,4,3,3,2,2,3,2,4,3,3,309605,0,1
DEMO5K-3152,24,1,2,3,2,5,2,1,3,1,2,1,4,4,3,2,3,3,3,1,3,4,4,5,4,5,2,2,4,1,2,2,4,57672,1,1
DEMO5K-3153,29,2,1,1,4,3,3,2,3,2,5,3,2,2,3,4,3,2,2,1,4,3,3,5,5,3,2,2,4,2,4,4,3,692057,0,1
DEMO5K-3154,23,1,2,5,2,2,2,3,4,1,2,2,4,5,3,5,2,3,3,1,2,3,3,3,3,2,3,4,4,3,5,3,2,566718,0,1
DEMO5K-3155,24,1,3,5,2,4,2,3,4,1,2,1,4,3,3,3,2,2,3,1,2,3,3,3,2,1,3,2,3,2,3,2,3,385221,0,1
DEMO5K-3156,33,2,2,3,4,4,1,4,4,2,2,3,5,4,4,3,3,5,3,1,4,4,1,3,3,4,3,4,2,2,2,3,2,387403,0,1
DEMO5K-3157,17,2,3,5,2,5,1,1,4,3,1,2,3,2,2,2,3,4,2,1,3,3,2,2,1,2,3,3,1,2,2,3,2,611415,0,1
DEMO5K-3158,18,1,1,5,3,3,4,2,3,4,4,3,4,3,2,3,2,3,2,1,3,3,3,4,4,3,2,1,3,3,1,3,3,456915,0,1
DEMO5K-3159,33,1,2,5,4,4,2,1,4,3,1,2,3,3,2,2,4,3,1,1,1,1,1,2,2,1,1,1,2,1,1,2,2,452695,0,1
DEMO5K-3160,35,1,3,4,1,2,5,4,3,5,4,2,4,4,3,3,3,4,3,1,4,3,3,2,4,2,3,4,3,3,5,2,5,563426,0,1
DEMO5K-3161,21,2,3,5,3,4,2,2,4,1,2,3,1,3,1,2,2,2,1,1,3,3,3,1,2,3,2,3,2,3,1,5,3,544916,0,1
DEMO5K-3162,25,2,3,2,2,4,2,1,3,4,2,2,4,1,5,1,1,4,3,1,2,1,4,3,3,2,2,3,2,1,1,2,3,594545,0,1
DEMO5K-3163,35,1,2,5,1,2,3,3,2,3,2,3,2,4,3,3,3,4,4,1,5,4,5,5,4,4,3,3,3,3,2,2,3,317539,0,1
DEMO5K-3164,31,1,2,3,3,2,5,3,1,4,5,2,3,5,2,1,2,3,2,1,4,2,3,3,1,1,4,5,4,5,5,5,3,553614,0,1
DEMO5K-3165,18,1,1,5,3,5,3,1,4,1,3,2,2,2,1,1,2,1,2,1,3,1,2,1,1,1,1,2,1,1,1,2,3,355202,0,1
DEMO5K-3166,29,1,1,4,3,1,4,4,3,2,3,2,4,5,5,3,3,3,2,1,5,2,5,4,4,3,3,3,1,2,3,3,1,406566,0,1
DEMO5K-3167,34,2,2,3,4,2,3,1,5,3,4,2,3,2,3,3,3,4,3,1,4,2,3,2,3,3,2,2,4,5,5,4,3,649559,0,1
DEMO5K-3168,34,1,2,5,4,2,3,1,2,3,3,2,3,3,2,4,2,4,3,1,3,5,5,4,3,4,4,3,4,2,4,3,2,303395,0,1
DEMO5K-3169,22,1,1,5,3,5,4,4,2,2,4,3,3,4,4,3,3,1,3,1,4,2,3,4,4,2,2,4,5,3,4,3,3,325505,0,1
DEMO5K-3170,35,2,3,1,3,4,2,2,4,2,1,1,3,1,2,3,3,1,3,1,2,3,2,3,3,2,1,3,1,2,3,1,2,557972,0,1
DEMO5K-3171,21,1,3,3,1,3,4,3,2,4,4,5,3,2,4,3,3,3,2,3,5,2,2,3,4,4,2,4,2,3,3,4,3,683894,0,0
DEMO5K-3172,21,1,3,5,2,3,3,5,3,3,5,3,4,3,3,3,4,3,2,1,4,5,2,5,2,2,1,1,2,3,1,1,1,386752,0,1
DEMO5K-3173,30,2,1,1,4,2,3,3,2,3,4,3,3,3,1,2,4,3,3,1,3,2,4,5,3,1,1,1,2,1,3,3,2,440645,0,1
DEMO5K-3174,30,2,1,3,1,2,4,4,2,4,3,4,4,4,5,4,3,4,5,1,4,3,4,5,4,5,4,4,5,4,4,5,5,82005,1,1
DEMO5K-3175,20,1,2,3,1,4,3,1,3,3,3,2,3,2,3,2,2,3,1,1,4,3,3,1,1,3,4,2,1,2,3,3,2,372035,0,1
DEMO5K-3176,20,1,3,1,3,4,3,2,3,2,1,2,2,1,1,1,2,1,1,1,1,1,1,1,2,1,3,3,4,3,3,3,3,632418,0,1
DEMO5K-3177,18,1,2,3,4,4,1,1,5,1,1,2,2,2,2,4,3,1,3,1,1,2,2,2,2,1,1,1,1,1,1,1,1,576738,0,1
DEMO5K-3178,26,2,3,2,4,3,3,2,1,3,3,3,3,2,4,2,4,3,4,1,2,3,2,3,4,4,4,4,4,4,5,4,3,669517,0,1
DEMO5K-3179,30,1,1,4,3,4,3,3,2,2,3,3,2,2,3,3,3,3,2,1,5,1,5,4,2,1,2,2,2,3,3,2,3,47819,1,1
DEMO5K-3180,35,2,2,4,2,3,2,3,3,3,5,3,3,3,4,2,3,2,4,1,4,4,3,4,2,4,3,4,5,3,4,4,4,643168,0,1
DEMO5K-3181,35,2,3,1,3,3,2,1,3,3,2,2,3,2,2,4,4,2,3,1,1,2,2,1,3,1,2,2,2,1,3,1,3,480765,0,1
DEMO5K-3182,22,2,1,2,1,2,4,4,3,5,5,4,3,3,2,2,5,3,3,1,3,3,4,2,4,4,4,3,4,3,3,2,3,610138,0,1
DEMO5K-3183,18,2,1,3,3,2,5,4,1,4,4,5,3,4,5,4,3,3,4,1,4,3,3,4,3,3,5,5,5,5,5,4,5,529179,0,1
DEMO5K-3184,21,2,3,4,3,1,5,5,2,5,3,4,3,3,3,4,3,2,3,1,3,4,5,5,3,4,5,4,5,3,4,3,3,680377,0,1
DEMO5K-3185,34,2,3,5,1,4,5,5,4,2,3,3,4,5,4,2,5,3,5,1,3,1,3,3,3,3,3,2,4,3,4,3,1,385578,0,1
DEMO5K-3186,17,1,1,1,3,4,3,4,2,3,2,4,4,5,5,5,5,4,5,1,3,3,4,2,3,2,3,3,2,5,3,2,1,595802,0,1
DEMO5K-3187,29,2,3,5,4,1,4,3,4,3,5,4,4,3,5,3,3,3,3,1,1,3,3,3,3,3,3,2,3,3,3,2,2,396868,0,1
DEMO5K-3188,32,1,3,2,2,4,4,3,3,2,2,3,4,3,1,3,2,2,4,1,3,3,2,2,4,4,4,4,3,2,3,3,3,580418,0,1
DEMO5K-3189,20,2,2,3,2,2,5,5,3,3,5,3,2,2,3,4,2,3,3,1,5,4,5,4,4,3,2,2,4,4,3,2,3,316288,0,1
DEMO5K-3190,30,2,2,3,4,2,5,5,3,4,4,4,2,2,3,3,3,4,3,1,2,1,1,3,5,1,3,3,4,3,2,3,4,493135,0,1
DEMO5K-3191,27,1,2,3,2,4,4,3,4,3,3,2,3,1,1,3,3,1,4,3,1,1,1,1,1,1,3,3,3,3,3,1,2,507226,0,0
DEMO5K-3192,33,1,3,2,4,3,5,5,4,5,4,5,2,2,4,2,2,3,4,1,3,4,4,3,5,3,3,4,4,3,3,3,2,469068,0,1
DEMO5K-3193,19,1,2,4,3,3,3,3,3,3,4,3,2,4,2,4,2,3,3,1,2,2,3,4,3,2,3,2,3,2,1,2,3,72464,1,1
DEMO5K-3194,35,2,3,4,4,4,3,4,3,4,3,1,3,2,3,2,2,3,4,1,3,1,4,3,3,1,3,1,3,2,5,2,3,647949,0,1
DEMO5K-3195,18,1,3,4,2,4,3,3,3,1,2,1,1,1,2,1,1,1,2,1,1,2,2,1,1,2,1,2,1,1,2,2,3,548032,0,1
DEMO5K-3196,33,1,1,3,2,3,4,3,3,3,2,5,2,1,2,3,3,2,2,1,3,3,3,2,4,3,3,5,3,5,3,4,5,548908,0,1
DEMO5K-3197,34,1,1,3,3,4,5,5,2,4,4,4,3,4,5,4,1,3,4,1,4,4,4,4,4,4,2,2,3,1,1,1,2,552660,0,1
DEMO5K-3198,21,2,3,4,2,2,5,3,3,4,5,3,4,2,3,4,3,3,4,5,1,3,2,2,3,3,3,3,3,3,3,3,3,593261,0,0
DEMO5K-3199,20,2,2,2,1,3,5,4,1,4,3,5,4,4,3,2,3,3,4,1,3,2,3,4,5,3,5,4,3,3,4,3,4,697408,0,1
DEMO5K-3200,30,2,3,5,3,3,4,3,2,5,3,4,1,4,2,3,1,3,4,1,3,3,1,3,4,2,5,2,2,3,3,1,5,317029,0,1
DEMO5K-3201,28,2,1,1,2,3,1,3,5,2,3,2,3,1,2,1,2,2,2,1,1,2,1,2,2,2,2,2,2,2,2,2,1,622045,0,1
DEMO5K-3202,21,2,2,4,3,4,4,3,2,4,3,4,4,3,3,1,2,2,3,1,5,4,3,3,5,4,4,5,3,5,5,5,3,508553,0,1
DEMO5K-3203,26,1,2,3,2,2,3,2,4,3,2,2,4,5,4,4,4,5,3,5,4,4,4,4,3,4,2,4,1,5,4,3,3,616242,0,0
DEMO5K-3204,27,1,1,5,2,3,3,1,2,1,1,1,1,1,1,1,2,3,1,1,4,3,4,3,2,3,2,2,3,2,2,2,4,506250,0,1
DEMO5K-3205,32,1,1,5,3,2,4,5,2,3,5,4,4,2,3,4,4,3,4,1,3,3,4,4,2,4,3,2,2,3,5,5,2,360894,0,1
DEMO5K-3206,29,1,2,3,3,3,3,4,2,5,2,4,5,5,5,5,5,5,4,1,5,5,4,5,5,5,5,4,4,5,5,5,5,386016,0,1
DEMO5K-3207,34,2,3,3,3,2,2,3,2,4,5,4,2,3,2,4,1,3,3,1,4,4,4,3,2,5,4,3,3,4,5,3,3,549409,0,1
DEMO5K-3208,23,2,1,3,3,5,1,1,5,1,2,1,1,2,3,3,3,3,2,1,1,1,1,1,1,2,1,1,1,1,1,3,1,68145,1,1
DEMO5K-3209,25,1,2,5,4,3,2,5,3,4,4,3,3,5,4,2,4,3,4,1,4,2,4,4,3,3,5,3,3,2,5,5,3,678638,0,1
DEMO5K-3210,35,2,2,3,1,2,2,2,3,2,3,2,5,4,2,3,2,3,4,1,2,2,2,4,2,2,2,5,2,3,3,4,4,654724,0,1
DEMO5K-3211,29,1,2,4,4,2,2,3,4,2,3,2,3,1,1,1,2,1,2,1,2,4,3,3,3,5,1,3,1,2,3,4,3,315044,0,1
DEMO5K-3212,21,2,2,1,3,1,4,3,3,3,3,4,2,3,2,2,3,4,1,1,4,4,3,3,1,4,3,4,3,3,4,4,5,329073,0,1
DEMO5K-3213,28,2,3,1,3,4,5,2,4,3,4,3,4,3,3,4,2,3,2,1,3,3,5,3,1,3,5,3,5,2,4,4,3,327016,0,1
DEMO5K-3214,21,2,2,3,4,3,3,3,4,3,2,2,3,2,3,2,1,3,2,1,3,2,1,3,3,3,4,4,1,1,3,1,4,668108,0,1
DEMO5K-3215,25,1,3,3,2,3,4,2,3,1,4,4,3,3,5,2,3,4,4,5,2,2,3,2,3,3,3,3,2,3,3,2,2,469075,0,0
DEMO5K-3216,32,1,3,2,1,3,5,5,4,4,3,3,4,5,5,5,5,5,5,1,5,4,3,2,4,2,3,3,4,4,3,3,4,547248,0,1
DEMO5K-3217,20,2,2,3,2,2,4,5,3,4,2,4,3,3,2,2,2,2,3,1,4,3,3,3,3,4,2,2,3,2,3,2,2,655381,0,1
DEMO5K-3218,19,1,2,1,2,1,3,2,3,5,3,4,1,3,3,2,1,3,2,1,3,3,1,3,2,1,1,4,2,2,3,2,1,694964,0,1
DEMO5K-3219,29,2,2,5,4,2,5,5,2,3,4,3,3,3,3,3,3,3,4,1,5,5,5,4,4,3,3,4,4,4,2,3,4,572741,0,1
DEMO5K-3220,25,2,3,2,2,4,4,3,2,2,5,3,2,4,2,1,2,3,5,1,5,3,5,5,4,5,5,4,3,5,2,4,3,407373,0,1
DEMO5K-3221,29,2,1,1,3,4,1,4,4,3,3,3,3,5,4,3,5,5,4,1,4,4,3,3,1,3,3,3,4,3,3,3,3,679733,0,1
DEMO5K-3222,34,1,3,2,1,4,2,2,4,2,3,2,4,3,3,3,4,5,2,1,3,2,2,3,1,3,4,4,4,2,2,4,4,417991,0,1
DEMO5K-3223,31,1,3,2,3,1,1,3,3,3,2,3,4,2,2,3,2,1,3,1,3,3,4,3,3,2,1,4,3,3,1,3,1,337065,0,1
DEMO5K-3224,19,2,2,3,1,3,3,3,4,3,2,2,3,3,3,3,3,2,4,1,3,3,2,5,2,3,3,3,3,3,3,2,3,542277,0,1
DEMO5K-3225,19,1,1,2,4,3,5,3,1,4,2,3,4,3,5,4,4,4,4,1,5,3,5,4,4,5,4,5,4,5,5,4,4,602604,0,1
DEMO5K-3226,24,2,3,3,2,5,2,1,4,1,1,2,4,3,2,2,3,3,2,1,3,4,3,2,3,3,2,2,1,1,1,2,2,453117,0,1
DEMO5K-3227,17,2,3,4,2,2,3,3,2,5,3,4,4,4,5,5,5,5,3,1,4,3,3,2,3,4,4,2,3,3,5,2,4,425965,0,1
DEMO5K-3228,31,2,3,5,4,3,4,3,3,3,4,2,3,2,2,3,4,2,4,1,4,3,5,4,4,5,4,3,4,3,3,3,3,442047,0,1
DEMO5K-3229,26,1,3,4,3,5,3,5,3,2,4,3,2,3,3,2,2,3,1,1,2,3,2,2,2,3,1,2,1,1,2,3,3,677306,0,1
DEMO5K-3230,27,2,2,1,2,2,1,4,2,2,4,3,3,2,3,3,2,3,3,1,2,4,2,2,2,3,5,5,4,4,4,5,4,353462,0,1
DEMO5K-3231,18,1,3,3,2,1,2,3,2,4,4,4,3,4,4,4,2,3,4,1,3,2,3,4,4,3,3,4,2,3,3,3,4,414738,0,1
DEMO5K-3232,19,1,3,1,1,4,3,3,2,3,4,3,1,2,3,1,1,4,2,1,2,1,3,2,3,1,2,1,3,4,2,1,3,380337,0,1
DEMO5K-3233,28,2,1,1,3,3,3,2,4,3,3,2,1,3,3,1,1,2,2,1,4,4,2,4,2,2,3,2,3,2,4,3,4,320706,0,1
DEMO5K-3234,30,1,2,1,2,2,2,1,4,2,3,3,4,4,2,4,2,2,4,1,1,2,3,2,4,5,4,2,2,2,3,2,4,582627,0,1
DEMO5K-3235,35,2,3,3,3,2,5,3,2,4,5,5,2,3,3,3,2,1,3,1,3,3,3,2,2,2,4,2,2,3,2,2,4,607324,0,1
DEMO5K-3236,28,2,3,2,1,2,3,4,2,4,5,5,3,4,4,3,3,4,3,1,4,3,2,3,3,3,5,4,3,4,5,5,4,510564,0,1
DEMO5K-3237,30,2,2,5,4,5,2,2,5,1,3,2,2,1,1,1,1,2,1,1,4,2,3,3,2,2,2,3,4,3,4,1,1,608648,0,1
DEMO5K-3238,29,1,2,4,3,1,4,3,1,3,2,4,3,3,3,3,2,3,3,1,3,4,5,5,3,4,3,5,4,4,4,5,4,526676,0,1
DEMO5K-3239,30,1,2,1,1,2,5,4,3,5,4,3,3,4,3,3,3,1,4,1,2,2,2,3,2,4,2,3,2,2,3,2,3,466818,0,1
DEMO5K-3240,32,1,1,2,4,3,2,2,4,4,2,2,4,3,4,3,4,3,3,1,5,4,5,4,5,4,4,3,4,3,3,4,4,664600,0,1
DEMO5K-3241,34,2,3,1,4,4,3,4,3,4,1,2,4,3,2,2,2,3,4,1,3,2,4,3,5,3,3,3,3,3,2,3,2,631687,0,1
DEMO5K-3242,20,2,2,5,3,3,3,4,3,3,3,3,3,2,2,3,3,2,3,1,1,3,4,3,4,3,2,2,3,5,3,3,5,78675,1,1
DEMO5K-3243,27,2,1,1,4,3,2,4,3,5,2,3,2,2,1,1,1,3,3,1,2,3,2,2,4,1,3,3,3,4,1,3,2,655287,0,1
DEMO5K-3244,26,2,3,4,3,2,4,3,2,3,4,2,2,2,2,2,1,1,3,1,2,3,1,3,1,4,3,4,3,3,2,3,3,45679,1,1
DEMO5K-3245,30,1,1,1,2,1,4,3,2,4,4,5,1,3,1,1,3,3,3,1,3,5,3,5,5,4,4,4,5,3,4,4,5,49034,1,1
DEMO5K-3246,26,1,3,1,4,5,3,3,3,3,4,2,4,5,3,4,2,3,3,1,3,1,1,3,3,2,3,2,3,2,1,3,1,680131,0,1
DEMO5K-3247,21,1,3,4,2,5,1,1,4,1,1,2,2,1,1,1,1,1,1,1,1,1,1,2,3,2,1,2,1,2,3,1,1,50025,1,1
DEMO5K-3248,17,2,3,3,3,3,4,5,2,3,1,5,4,3,3,1,4,5,3,3,3,3,2,4,1,3,3,2,2,4,4,3,2,69856,1,0
DEMO5K-3249,26,1,2,1,4,4,1,3,5,3,2,1,2,3,3,3,2,3,3,1,3,2,4,4,3,3,2,3,3,4,3,4,4,577627,0,1
DEMO5K-3250,29,1,2,1,2,4,3,3,1,3,4,2,3,4,3,1,1,3,3,1,2,3,2,3,1,2,3,3,3,3,2,3,5,364607,0,1
DEMO5K-3251,29,2,2,3,3,4,1,2,3,4,3,2,3,4,4,2,3,4,3,1,3,4,5,3,4,3,1,1,1,2,3,4,4,397139,0,1
DEMO5K-3252,26,2,2,4,2,5,1,1,2,3,1,3,2,1,2,1,1,1,1,1,3,5,3,3,3,2,2,3,3,5,3,3,3,387819,0,1
DEMO5K-3253,34,1,2,1,4,2,4,1,5,4,4,4,4,3,5,4,5,4,4,1,3,3,4,3,4,3,4,5,5,4,4,5,5,66831,1,1
DEMO5K-3254,18,2,1,4,4,2,5,3,2,5,4,5,3,2,4,3,4,4,5,1,4,4,4,3,3,3,3,4,4,2,3,3,2,690128,0,1
DEMO5K-3255,35,2,1,2,2,3,2,1,4,3,4,4,5,5,5,4,4,5,4,1,4,3,4,3,2,3,3,3,3,2,4,3,1,403497,0,1
DEMO5K-3256,17,2,2,2,4,4,1,2,3,3,3,2,2,1,2,1,2,2,2,1,3,3,2,2,2,1,2,3,2,2,1,1,3,404682,0,1
DEMO5K-3257,26,1,2,2,3,3,1,2,5,2,3,2,2,2,1,2,2,3,2,1,4,3,4,3,3,4,3,3,5,3,4,4,3,513456,0,1
DEMO5K-3258,30,1,3,1,2,2,3,3,3,2,4,4,2,3,4,3,4,3,3,1,5,3,3,2,3,4,3,3,5,4,3,2,3,529248,0,1
DEMO5K-3259,25,2,1,4,4,4,1,2,5,3,3,2,1,1,2,2,3,4,2,1,1,2,2,1,1,1,1,1,1,1,2,1,1,602057,0,1
DEMO5K-3260,17,1,2,1,2,3,4,1,2,2,3,4,3,2,2,1,4,4,4,1,3,5,5,5,5,5,4,2,2,4,2,2,2,693125,0,1
DEMO5K-3261,20,1,1,5,1,2,2,3,3,4,5,4,4,4,1,4,4,2,3,1,5,5,5,5,5,4,4,5,5,4,2,4,5,627260,0,1
DEMO5K-3262,33,2,2,4,3,3,3,5,1,5,3,4,2,3,4,5,3,3,3,1,4,4,4,4,5,4,3,4,3,3,4,3,4,71015,1,1
DEMO5K-3263,17,2,2,1,1,2,1,2,4,2,2,3,2,1,2,3,2,2,1,1,3,2,3,2,1,1,3,1,2,2,1,1,3,416765,0,1
DEMO5K-3264,18,2,3,3,4,2,4,2,2,3,3,5,3,1,3,2,3,3,2,1,3,1,2,1,1,2,2,2,1,1,4,4,3,640360,0,1
DEMO5K-3265,22,2,2,1,3,2,3,3,3,4,1,3,3,2,3,3,1,2,1,1,2,1,3,2,1,2,3,2,3,2,2,2,3,68333,1,1
DEMO5K-3266,27,2,2,2,4,3,3,1,3,2,2,1,2,3,3,1,1,3,3,1,3,2,3,2,1,2,1,2,2,1,1,1,1,671998,0,1
DEMO5K-3267,29,2,2,2,3,5,1,3,4,1,3,2,2,3,2,2,2,2,2,1,2,3,1,3,1,2,2,3,5,3,3,3,4,603137,0,1
DEMO5K-3268,21,2,3,5,3,3,4,2,3,3,3,4,4,5,2,3,3,3,2,1,5,4,5,5,5,3,4,4,2,3,3,4,3,519724,0,1
DEMO5K-3269,28,2,2,1,3,2,3,4,3,3,3,2,3,3,3,3,2,3,5,1,2,2,1,1,1,2,1,1,1,1,2,1,2,46556,1,1
DEMO5K-3270,32,1,2,2,2,5,1,2,5,1,1,1,2,3,1,1,2,3,3,1,3,4,3,2,3,3,2,1,1,2,2,2,3,435799,0,1
DEMO5K-3271,34,1,2,5,3,5,3,3,1,1,3,4,3,2,4,3,4,2,3,1,3,2,4,3,4,3,4,4,4,2,3,3,2,663236,0,1
DEMO5K-3272,23,1,2,5,1,5,2,4,4,3,4,1,4,2,4,3,4,4,3,1,3,1,2,1,3,2,2,4,4,3,3,4,3,352366,0,1
DEMO5K-3273,22,2,3,4,1,3,2,3,1,3,3,4,2,3,5,2,4,4,1,1,2,2,3,1,4,4,3,1,2,3,1,2,2,356200,0,1
DEMO5K-3274,30,1,3,3,2,3,3,1,1,4,3,3,5,5,3,4,3,5,4,1,3,3,4,5,5,1,3,2,4,4,4,3,3,317878,0,1
DEMO5K-3275,27,2,3,4,4,2,5,5,2,4,3,5,5,5,5,4,4,4,2,5,5,5,5,4,5,5,5,5,3,5,4,5,4,442331,0,0
DEMO5K-3276,23,1,1,4,2,1,5,3,1,2,4,4,3,3,1,2,1,3,1,1,3,5,2,2,4,2,3,4,4,4,3,5,4,537054,0,1
DEMO5K-3277,30,2,1,1,4,4,4,2,2,2,5,3,1,3,1,3,2,3,3,1,4,5,2,2,2,4,1,3,3,2,1,3,1,448323,0,1
DEMO5K-3278,19,2,3,5,2,4,4,2,3,2,2,2,4,2,5,4,5,2,4,1,2,4,2,3,3,2,2,3,4,3,2,4,3,685696,0,1
DEMO5K-3279,24,1,2,2,2,3,4,2,3,3,3,3,3,1,2,1,1,2,1,1,4,2,2,3,3,3,3,3,3,3,3,2,2,408639,0,1
DEMO5K-3280,34,2,3,2,2,3,2,4,4,1,3,3,4,5,5,5,4,4,4,1,1,1,2,4,3,1,4,3,4,5,2,2,2,436276,0,1
DEMO5K-3281,22,1,1,3,3,2,4,5,1,5,4,4,4,4,4,5,4,5,3,1,4,2,4,3,3,4,3,4,5,4,2,2,4,642738,0,1
DEMO5K-3282,22,2,2,1,3,2,3,4,2,3,4,4,3,3,2,2,3,3,2,1,5,3,3,3,4,4,3,2,2,4,3,5,3,587265,0,1
DEMO5K-3283,28,2,1,3,2,4,3,1,3,2,3,2,3,3,5,3,3,5,3,1,3,4,2,3,4,2,2,4,4,5,4,4,5,525877,0,1
DEMO5K-3284,23,2,3,2,3,1,2,3,3,3,3,3,3,3,4,2,3,2,4,1,3,3,3,2,3,2,1,3,3,4,2,2,3,70682,1,1
DEMO5K-3285,24,2,3,1,3,4,4,5,4,2,3,3,4,5,2,4,4,3,4,1,4,3,3,4,4,4,4,4,3,3,3,4,3,476101,0,1
DEMO5K-3286,19,1,2,3,2,3,2,4,4,3,2,3,2,2,2,3,3,3,2,1,3,1,3,2,2,2,2,4,3,2,4,3,1,402266,0,1
DEMO5K-3287,27,1,1,4,4,1,3,5,1,4,5,4,5,5,4,4,5,5,3,1,3,4,3,3,3,3,3,2,4,3,4,3,3,674689,0,1
DEMO5K-3288,25,1,2,5,3,3,4,4,3,2,5,5,3,3,2,4,2,2,4,1,3,3,2,1,2,3,4,3,3,3,1,2,1,611619,0,1
DEMO5K-3289,22,2,3,4,3,3,3,4,5,2,2,2,1,4,3,2,3,3,1,1,3,2,3,1,4,3,1,2,1,3,2,2,3,474257,0,1
DEMO5K-3290,23,1,2,5,3,3,2,1,3,3,4,1,4,2,2,3,1,2,3,1,1,3,2,1,2,3,1,1,2,2,2,1,2,648497,0,1
DEMO5K-3291,20,1,3,3,3,4,3,2,3,3,3,1,3,2,2,3,4,3,2,1,3,5,3,4,5,5,4,2,2,4,3,2,4,563222,0,1
DEMO5K-3292,34,1,1,2,4,5,2,3,3,3,2,4,3,3,3,3,2,2,2,1,3,3,3,4,4,3,5,2,5,3,5,5,4,512164,0,1
DEMO5K-3293,19,1,3,4,1,3,5,4,2,4,5,4,3,2,3,3,3,3,3,1,3,4,3,4,5,2,3,3,3,4,5,2,4,451761,0,1
DEMO5K-3294,29,1,3,1,4,3,4,3,3,2,5,2,5,4,5,5,5,3,5,1,5,5,5,5,5,5,4,4,5,5,3,5,4,474039,0,1
DEMO5K-3295,32,2,3,5,3,3,3,3,4,2,2,2,3,3,5,2,4,4,3,1,3,3,5,2,3,4,2,2,2,1,2,2,3,623939,0,1
DEMO5K-3296,17,2,3,2,3,4,3,3,3,4,5,4,2,2,2,3,4,5,3,1,5,3,3,5,5,4,5,4,4,4,3,3,1,318078,0,1
DEMO5K-3297,33,2,1,5,3,1,5,4,1,5,4,3,2,2,4,3,4,1,4,1,5,3,4,4,5,5,3,3,4,4,2,5,2,419115,0,1
DEMO5K-3298,27,1,3,5,2,3,1,3,5,4,2,2,3,3,3,4,3,3,4,1,2,1,3,2,2,1,3,1,4,4,4,4,4,370707,0,1
DEMO5K-3299,28,1,2,5,2,4,1,1,5,1,2,2,1,3,3,1,2,1,3,1,4,3,3,2,3,2,2,2,2,1,2,1,3,321218,0,1
DEMO5K-3300,30,2,3,5,2,1,3,5,2,5,4,4,4,4,4,2,4,2,4,1,5,5,5,5,5,4,3,5,4,3,5,3,3,589261,0,1
DEMO5K-3301,34,2,3,4,2,4,2,3,3,2,2,2,2,2,1,1,1,2,3,1,1,3,2,3,2,1,1,1,2,1,1,2,2,70572,1,1
DEMO5K-3302,27,2,2,2,3,3,1,4,4,5,3,1,5,2,3,3,4,3,2,1,3,4,2,3,4,3,2,4,2,4,3,3,2,569405,0,1
DEMO5K-3303,28,2,3,2,4,4,4,3,2,3,5,4,4,2,2,1,2,3,4,1,3,3,4,2,3,2,1,2,2,2,2,3,1,313609,0,1
DEMO5K-3304,35,2,2,1,2,3,3,4,4,3,3,3,1,1,2,2,2,2,1,1,2,1,1,2,1,2,2,1,3,2,2,1,1,576978,0,1
DEMO5K-3305,29,2,3,2,4,1,4,4,2,4,1,3,4,3,4,3,3,3,3,1,3,5,4,4,5,5,4,4,3,3,4,3,4,697341,0,1
DEMO5K-3306,18,2,2,4,3,4,2,3,3,2,4,3,4,3,4,4,4,3,4,1,4,2,4,3,2,4,3,2,3,3,4,3,3,611916,0,1
DEMO5K-3307,34,1,3,2,2,2,4,3,3,4,3,5,1,3,3,1,2,3,3,1,3,2,4,4,3,3,4,5,4,5,3,3,5,382187,0,1
DEMO5K-3308,27,2,3,1,3,1,3,5,2,2,4,4,3,3,3,4,4,4,3,1,4,4,3,4,2,3,4,4,3,4,4,3,4,308001,0,1
DEMO5K-3309,17,2,3,3,4,3,2,3,4,5,1,1,2,2,2,1,2,2,3,1,4,3,3,2,2,5,2,2,2,3,2,2,3,629132,0,1
DEMO5K-3310,35,1,3,5,3,4,2,2,4,2,2,2,4,5,4,4,5,4,4,1,4,4,3,3,5,5,3,1,4,3,2,3,2,648377,0,1
DEMO5K-3311,35,2,2,4,3,4,1,3,5,2,4,5,3,4,3,2,2,2,3,1,3,3,5,2,4,3,4,3,3,3,4,3,4,644089,0,1
DEMO5K-3312,27,2,2,2,2,2,4,3,3,4,3,4,4,2,4,3,3,4,2,1,1,4,3,3,2,3,4,4,4,3,4,5,4,366092,0,1
DEMO5K-3313,17,2,1,3,2,4,3,1,3,1,3,2,2,2,3,4,1,3,1,1,3,3,3,3,2,2,4,4,4,5,3,2,3,686038,0,1
DEMO5K-3314,24,2,3,5,4,2,3,2,4,1,5,4,3,3,2,4,3,2,4,1,3,2,2,2,3,1,4,5,3,3,3,3,2,456085,0,1
DEMO5K-3315,25,1,2,4,1,2,3,4,3,3,2,4,3,2,3,2,1,2,3,1,2,4,3,4,4,3,2,3,2,2,3,2,2,570551,0,1
DEMO5K-3316,24,1,1,4,2,5,2,2,3,3,3,4,5,2,3,4,3,3,4,1,3,2,4,3,3,3,3,3,4,4,4,2,4,678244,0,1
DEMO5K-3317,31,1,1,1,3,4,3,2,3,3,3,2,4,4,4,5,4,4,5,1,3,2,2,3,2,2,2,3,4,5,3,3,4,425687,0,1
DEMO5K-3318,30,1,1,4,3,2,3,3,2,4,3,1,5,3,3,3,5,5,4,1,3,3,4,3,2,2,2,4,3,4,3,1,3,484980,0,1
DEMO5K-3319,21,2,2,3,3,5,3,3,2,4,3,4,3,4,4,3,3,2,2,1,1,3,4,3,2,4,4,4,2,4,3,3,5,451994,0,1
DEMO5K-3320,22,1,2,3,3,3,3,4,2,4,4,3,1,2,2,2,3,2,3,1,5,1,4,5,4,3,2,3,3,2,2,3,2,436710,0,1
DEMO5K-3321,20,2,2,2,3,3,1,4,3,4,3,4,2,2,2,1,1,3,4,3,5,4,3,4,2,3,4,2,3,3,4,3,1,51189,1,0
DEMO5K-3322,19,2,3,5,2,2,4,4,2,5,4,3,2,3,3,3,3,2,2,1,2,2,2,1,2,2,3,1,3,3,3,4,3,439489,0,1
DEMO5K-3323,35,2,2,4,3,3,4,5,2,4,4,4,4,4,5,5,5,5,5,1,5,5,5,5,5,5,4,4,5,5,5,5,4,567056,0,1
DEMO5K-3324,32,2,1,5,1,3,4,1,4,2,2,1,3,4,3,4,3,3,3,1,3,4,1,1,2,2,4,3,2,2,4,3,3,556777,0,1
DEMO5K-3325,20,2,2,4,2,4,2,2,3,3,3,3,1,1,2,1,1,2,1,5,4,2,2,5,2,3,2,1,3,2,2,3,1,588826,0,0
DEMO5K-3326,26,2,2,4,3,3,3,3,3,4,3,2,1,2,2,1,1,1,1,4,2,1,1,2,1,1,1,2,2,2,3,3,3,407692,0,0
DEMO5K-3327,22,1,2,1,3,5,4,2,5,2,3,3,5,5,5,5,5,5,4,1,3,5,2,3,3,5,2,3,4,3,3,4,3,337574,0,1
DEMO5K-3328,26,1,2,3,4,3,3,1,4,4,3,3,5,4,3,5,5,4,5,1,5,3,3,5,3,4,5,4,2,5,5,4,5,516943,0,1
DEMO5K-3329,20,2,1,1,2,1,5,5,2,5,4,5,2,3,3,1,5,3,3,1,3,4,4,2,4,5,4,5,3,3,4,4,4,624459,0,1
DEMO5K-3330,17,1,3,2,3,5,4,2,2,3,3,4,3,4,3,4,5,2,3,1,2,2,2,2,1,2,1,1,2,3,1,2,3,545574,0,1
DEMO5K-3331,22,2,2,2,3,5,4,1,4,2,3,2,2,1,2,2,2,3,2,1,1,1,2,1,2,1,2,1,1,1,2,2,1,620738,0,1
DEMO5K-3332,31,2,2,1,4,4,4,5,3,5,3,4,2,4,3,2,3,3,2,1,3,2,4,4,3,3,5,2,2,3,3,4,2,529217,0,1
DEMO5K-3333,35,1,2,5,4,3,4,3,2,4,3,4,3,4,3,5,4,3,4,1,5,4,5,5,5,5,3,3,3,4,4,2,4,325659,0,1
DEMO5K-3334,34,2,2,2,4,4,3,3,2,4,3,3,1,3,3,1,2,1,2,1,4,2,2,2,5,3,2,3,3,2,2,2,2,426433,0,1
DEMO5K-3335,27,2,3,3,4,2,4,2,1,4,4,5,4,4,5,5,2,4,5,4,4,1,4,3,2,2,2,3,1,2,3,4,2,430432,0,0
DEMO5K-3336,35,2,2,1,4,3,4,4,3,4,3,5,2,3,4,2,4,4,3,5,4,2,2,4,3,3,3,3,3,4,3,5,4,589584,0,0
DEMO5K-3337,17,1,2,3,3,4,3,4,2,4,2,3,2,2,3,2,1,3,1,3,2,1,1,3,1,1,4,5,4,4,4,3,5,393397,0,0
DEMO5K-3338,30,1,1,4,2,4,4,4,3,3,3,3,5,3,5,2,3,3,2,1,1,1,3,3,2,2,3,1,1,4,1,3,4,585942,0,1
DEMO5K-3339,32,2,2,2,3,2,3,2,5,3,2,2,4,2,3,5,5,5,5,1,4,5,5,4,3,4,2,1,3,3,4,2,3,359367,0,1
DEMO5K-3340,20,2,3,2,4,3,5,4,1,5,3,5,1,1,1,2,1,1,1,1,2,3,4,2,4,2,2,1,3,2,3,2,4,606899,0,1
DEMO5K-3341,27,2,3,1,3,2,5,4,2,4,5,4,5,4,5,4,3,5,4,1,4,4,5,3,3,4,5,5,4,4,5,4,5,534173,0,1
DEMO5K-3342,29,1,1,1,3,2,4,3,3,4,3,3,5,3,5,5,5,4,5,1,2,1,2,2,2,3,4,3,2,2,4,3,3,597424,0,1
DEMO5K-3343,32,2,2,2,3,4,1,1,4,2,2,1,4,2,3,3,3,2,4,1,5,5,4,4,5,4,4,4,4,4,2,2,5,655480,0,1
DEMO5K-3344,34,1,2,5,3,5,2,1,4,2,1,2,2,4,3,3,3,3,4,1,2,1,1,2,1,1,3,2,2,3,4,5,2,495967,0,1
DEMO5K-3345,22,1,2,2,3,5,1,2,4,1,1,2,3,3,3,1,1,2,3,1,1,1,1,2,2,1,2,2,2,1,3,3,3,607789,0,1
DEMO5K-3346,27,2,3,1,2,4,2,2,4,3,3,1,4,5,4,4,3,3,3,1,1,4,2,1,1,4,1,2,3,1,1,2,1,364609,0,1
DEMO5K-3347,33,2,2,5,2,4,2,1,4,1,1,2,3,4,3,2,2,2,3,1,3,2,1,3,1,1,1,2,2,1,1,1,3,453575,0,1
DEMO5K-3348,27,1,2,4,1,2,5,4,2,5,4,4,4,2,2,3,2,3,2,1,3,3,3,3,4,2,3,3,3,2,5,1,4,370158,0,1
DEMO5K-3349,21,2,3,3,1,3,3,4,3,2,2,4,5,5,5,5,5,4,4,1,3,3,3,3,4,3,3,2,4,4,3,3,4,475303,0,1
DEMO5K-3350,28,1,2,4,4,3,2,3,4,2,2,2,3,1,2,3,1,3,3,1,4,3,3,3,4,3,2,2,1,3,2,4,3,601831,0,1
DEMO5K-3351,20,2,2,2,3,3,3,2,4,2,1,3,3,2,4,2,3,4,2,1,3,1,3,4,2,3,3,3,2,4,1,2,3,69253,1,1
DEMO5K-3352,31,1,2,3,3,2,4,3,3,2,4,5,3,4,4,4,4,4,3,1,5,5,4,3,5,4,2,2,4,3,3,3,3,386933,0,1
DEMO5K-3353,35,2,3,1,3,5,2,2,5,3,2,3,1,3,1,2,2,4,2,1,3,3,2,2,2,1,1,4,1,2,3,4,1,365171,0,1
DEMO5K-3354,24,1,2,3,4,4,3,3,5,4,4,3,2,3,2,3,2,5,4,1,3,2,2,3,2,3,1,2,4,3,3,2,3,545335,0,1
DEMO5K-3355,18,1,2,2,2,4,2,4,3,3,4,3,3,3,3,1,2,2,3,1,3,3,2,3,3,1,3,3,3,3,3,4,1,571922,0,1
DEMO5K-3356,30,1,3,2,3,5,4,1,5,2,3,1,2,2,1,3,1,4,2,2,3,4,4,4,3,3,2,2,1,2,3,2,2,517029,0,0
DEMO5K-3357,22,2,2,3,1,4,2,3,4,2,4,2,3,2,3,2,1,5,3,1,2,5,2,3,3,1,3,3,2,2,3,4,2,684426,0,1
DEMO5K-3358,17,2,3,1,3,3,2,1,5,3,2,1,2,3,3,2,3,2,1,1,2,1,1,1,3,3,1,3,2,3,2,1,1,491460,0,1
DEMO5K-3359,18,2,2,3,3,3,5,5,1,4,4,4,4,3,4,3,4,5,5,1,4,4,3,4,4,3,5,5,4,5,4,4,4,362281,0,1
DEMO5K-3360,21,2,3,5,3,3,1,3,5,2,1,1,4,3,5,4,5,3,3,1,4,4,4,3,4,3,1,3,3,2,3,1,2,677275,0,1
DEMO5K-3361,17,2,3,5,4,4,2,3,4,2,1,1,3,4,3,3,3,3,3,1,2,2,5,3,2,3,5,2,3,4,2,3,4,619919,0,1
DEMO5K-3362,29,1,2,3,3,2,3,4,3,4,3,5,3,3,4,3,4,4,3,1,2,3,2,3,3,3,4,3,4,5,3,3,3,438587,0,1
DEMO5K-3363,19,2,1,4,1,2,5,4,2,4,5,5,1,2,2,3,3,3,2,1,5,4,3,4,4,4,3,3,3,3,4,1,3,356172,0,1
DEMO5K-3364,26,1,3,2,2,3,4,2,3,3,1,2,3,3,2,2,2,4,4,1,2,2,2,1,1,2,2,2,2,2,1,2,2,609482,0,1
DEMO5K-3365,25,2,3,4,4,2,2,2,3,3,2,3,3,2,4,4,4,4,5,1,5,4,4,4,5,5,4,3,1,3,5,4,3,550458,0,1
DEMO5K-3366,35,2,3,3,3,4,2,2,5,3,1,1,2,1,3,1,1,1,2,1,1,2,4,3,3,2,4,3,3,3,4,4,4,470511,0,1
DEMO5K-3367,19,2,3,4,1,3,2,3,5,2,1,1,4,3,4,3,3,4,5,1,1,2,1,2,2,2,2,3,3,3,1,1,2,61250,1,1
DEMO5K-3368,25,1,3,3,3,1,3,3,1,5,5,5,4,3,4,5,5,3,5,1,2,3,3,3,3,3,3,5,2,3,3,3,3,404492,0,1
DEMO5K-3369,35,1,2,3,3,3,1,3,5,3,3,2,4,2,3,4,3,3,4,1,4,3,5,5,4,5,4,3,4,2,2,2,4,469863,0,1
DEMO5K-3370,32,2,2,3,3,3,2,3,4,3,1,3,3,4,4,3,1,4,3,1,4,4,4,5,5,4,3,3,3,2,4,3,3,308756,0,1
DEMO5K-3371,29,2,1,2,4,3,3,3,4,1,3,3,2,2,2,2,2,4,3,1,4,4,5,5,3,5,3,3,3,2,2,4,2,382286,0,1
DEMO5K-3372,17,2,3,1,3,4,4,2,1,4,3,2,4,4,2,4,2,2,3,1,4,2,3,3,4,4,2,3,4,3,4,4,4,517607,0,1
DEMO5K-3373,28,1,2,5,3,4,2,2,4,1,1,3,2,3,1,2,4,2,4,4,2,1,1,1,2,1,1,2,2,1,4,1,1,359693,0,0
DEMO5K-3374,21,2,3,2,2,4,3,3,3,2,1,2,3,2,3,3,5,1,2,1,5,3,4,3,4,4,3,1,2,1,3,3,3,647359,0,1
DEMO5K-3375,19,2,3,1,2,5,1,1,4,1,1,1,2,2,2,2,1,3,3,1,2,2,1,3,3,3,1,2,1,1,1,1,1,666379,0,1
DEMO5K-3376,24,2,2,1,1,2,2,3,2,3,2,2,1,3,2,2,1,3,3,1,1,1,1,2,4,2,2,3,4,1,1,1,2,360600,0,1
DEMO5K-3377,33,1,3,1,3,1,4,3,3,3,2,2,4,3,3,3,4,4,4,1,2,2,3,2,2,3,2,2,2,2,3,4,4,607604,0,1
DEMO5K-3378,31,2,2,1,3,3,3,2,5,2,3,3,3,2,2,2,1,1,3,1,4,2,4,4,5,3,4,2,3,3,3,4,3,572368,0,1
DEMO5K-3379,27,1,3,3,4,3,2,1,4,2,1,2,1,2,3,3,3,1,3,1,2,4,2,1,1,2,1,2,1,2,2,1,2,659846,0,1
DEMO5K-3380,33,2,3,1,3,1,2,4,3,4,4,4,4,5,3,2,3,4,3,1,4,2,4,3,3,4,3,2,2,3,2,3,3,65964,1,1
DEMO5K-3381,21,1,3,2,3,2,4,4,2,3,4,4,4,1,3,5,2,4,5,1,5,5,2,5,3,5,4,5,3,5,5,5,4,528220,0,1
DEMO5K-3382,21,2,1,3,4,4,3,3,4,3,4,1,4,5,4,2,2,3,4,1,3,1,3,1,4,1,4,4,5,4,4,5,3,636961,0,1
DEMO5K-3383,27,2,3,5,4,1,2,4,2,3,4,1,3,4,3,4,3,4,3,1,2,4,5,4,2,2,2,4,4,4,5,4,4,83142,1,1
DEMO5K-3384,31,1,2,2,1,3,3,3,1,2,3,1,2,4,3,4,2,3,3,1,5,3,4,1,3,1,4,5,4,4,4,5,5,81730,1,1
DEMO5K-3385,32,1,3,5,2,3,4,2,3,4,3,2,3,3,2,2,3,2,4,1,3,3,4,3,2,1,3,3,1,5,3,3,4,692884,0,1
DEMO5K-3386,32,2,3,3,2,3,2,3,3,4,2,3,3,1,2,3,4,1,3,1,3,2,3,1,5,4,4,4,3,4,2,4,4,573272,0,1
DEMO5K-3387,29,2,3,2,3,2,3,2,2,3,4,2,3,4,4,3,5,5,5,1,4,5,5,3,3,4,4,4,4,4,1,3,3,357658,0,1
DEMO5K-3388,26,2,2,1,3,3,2,3,3,3,3,2,4,3,3,4,4,4,3,1,4,3,4,5,4,5,3,3,2,4,4,3,3,605544,0,1
DEMO5K-3389,30,2,2,2,4,3,4,3,4,4,3,5,3,3,5,4,4,3,4,1,3,2,2,3,2,3,3,3,3,4,3,4,4,79353,1,1
DEMO5K-3390,19,1,1,3,3,2,4,2,2,1,2,2,4,4,5,5,4,4,3,1,3,3,3,3,4,2,3,3,2,2,4,4,3,696988,0,1
DEMO5K-3391,17,1,3,5,3,3,2,1,5,2,3,2,2,2,4,1,3,4,2,1,4,3,3,4,3,3,2,1,1,2,3,2,3,495314,0,1
DEMO5K-3392,25,1,3,5,2,2,3,3,3,3,1,2,5,5,4,3,4,4,2,1,4,4,3,3,4,4,3,4,3,2,2,3,3,591062,0,1
DEMO5K-3393,32,1,2,5,2,3,2,2,3,1,1,2,2,3,5,5,3,5,2,1,3,2,2,2,2,2,2,4,3,2,1,3,2,339183,0,1
DEMO5K-3394,23,2,2,2,2,2,3,1,4,2,3,1,3,2,2,3,5,4,2,1,2,3,2,2,2,3,1,3,4,4,5,5,4,669993,0,1
DEMO5K-3395,17,1,2,5,4,5,3,1,4,2,3,2,4,2,4,1,2,1,3,1,3,2,3,2,2,4,2,2,2,2,1,2,4,436852,0,1
DEMO5K-3396,34,1,3,1,3,2,3,3,2,1,5,3,1,2,2,2,2,2,1,1,3,4,3,3,4,3,2,4,1,4,2,2,3,529600,0,1
DEMO5K-3397,34,1,3,4,2,4,2,1,3,3,3,2,4,3,5,2,4,3,4,1,3,3,2,3,3,3,2,4,4,4,4,5,3,682509,0,1
DEMO5K-3398,21,2,3,1,2,5,2,1,5,2,3,2,2,1,2,2,1,1,3,1,1,1,1,2,1,1,1,2,2,2,4,1,1,354947,0,1
DEMO5K-3399,33,2,3,2,3,5,1,2,5,1,1,2,2,1,3,2,2,1,3,1,3,2,2,2,4,2,3,2,5,2,2,2,5,633502,0,1
DEMO5K-3400,17,1,3,2,1,3,5,4,1,4,2,4,4,4,4,4,5,3,4,1,5,5,5,5,5,5,5,2,4,4,5,5,5,654047,0,1
DEMO5K-3401,17,2,1,5,3,5,3,4,5,4,3,2,3,2,4,3,1,2,3,1,2,3,3,2,3,2,3,2,2,2,2,1,1,517119,0,1
DEMO5K-3402,20,2,1,4,4,4,2,3,3,3,2,2,3,2,5,3,3,3,1,1,4,2,3,3,4,3,4,4,3,3,4,5,2,400834,0,1
DEMO5K-3403,32,2,1,3,1,4,3,2,4,1,2,3,2,2,2,2,1,3,3,1,3,4,3,3,3,3,3,3,2,3,2,2,4,401854,0,1
DEMO5K-3404,32,1,1,2,3,4,2,2,4,2,2,3,2,3,2,3,2,4,2,1,3,1,1,5,3,4,1,2,2,3,1,2,4,429656,0,1
DEMO5K-3405,33,1,3,3,3,4,2,3,4,1,4,3,3,3,2,2,4,1,1,1,3,4,4,3,3,2,3,4,3,4,3,3,4,464408,0,1
DEMO5K-3406,26,2,1,3,2,4,3,2,4,2,2,2,5,5,4,5,4,5,5,1,3,2,2,4,2,3,4,5,4,4,3,5,4,330870,0,1
DEMO5K-3407,26,2,3,2,3,3,5,4,2,4,5,4,4,4,2,2,1,4,2,1,5,4,4,3,5,4,5,3,3,4,2,3,4,65807,1,1
DEMO5K-3408,25,2,3,4,4,2,4,5,2,2,4,4,4,3,3,3,3,4,3,1,3,2,4,3,2,3,2,2,3,1,2,2,3,404978,0,1
DEMO5K-3409,25,1,2,4,4,4,1,1,5,2,2,4,1,2,3,1,2,2,2,1,2,1,2,1,3,1,3,3,2,2,4,3,3,587630,0,1
DEMO5K-3410,27,1,3,3,2,3,3,4,3,2,3,3,3,5,4,4,3,4,3,1,4,3,3,4,2,4,2,3,2,2,3,3,2,323554,0,1
DEMO5K-3411,19,1,2,3,3,4,1,3,4,1,2,2,2,3,3,4,3,1,2,1,2,4,3,4,3,4,2,3,3,3,4,3,2,366039,0,1
DEMO5K-3412,34,2,2,3,3,3,4,4,3,2,2,4,4,5,4,3,5,5,3,1,3,5,4,5,5,3,4,3,4,4,5,5,4,329821,0,1
DEMO5K-3413,32,2,2,2,1,4,4,3,4,2,5,3,5,4,5,4,5,5,4,1,2,2,1,3,2,2,4,4,5,3,2,2,3,68107,1,1
DEMO5K-3414,25,2,2,3,4,3,2,3,4,4,4,3,4,3,4,4,4,3,2,1,2,4,4,2,4,4,3,4,3,5,3,4,4,352508,0,1
DEMO5K-3415,33,1,3,5,1,4,3,3,3,3,2,3,2,4,3,5,4,3,3,1,3,4,3,4,2,3,5,4,3,4,3,4,3,424556,0,1
DEMO5K-3416,24,1,2,1,4,2,3,1,4,2,3,3,3,2,2,2,3,2,3,1,4,3,4,5,4,4,3,2,5,3,3,4,2,563226,0,1
DEMO5K-3417,27,2,2,1,4,1,5,4,2,4,4,3,3,3,4,4,4,3,4,1,1,2,3,2,1,1,3,2,4,2,3,3,3,663085,0,1
DEMO5K-3418,27,2,3,3,4,5,1,2,3,2,3,2,3,2,2,4,2,2,3,1,2,4,3,3,2,4,4,4,3,3,5,4,3,501831,0,1
DEMO5K-3419,20,2,1,1,2,3,4,4,2,3,5,4,4,1,2,3,3,3,2,1,2,3,2,3,4,2,3,5,4,4,4,5,4,434479,0,1
DEMO5K-3420,27,1,2,1,2,3,5,5,1,5,5,5,5,5,4,5,5,4,5,1,5,5,2,4,3,5,4,5,4,3,2,4,5,673598,0,1
DEMO5K-3421,24,1,1,2,2,3,2,2,2,3,2,1,3,3,4,1,2,3,3,1,1,3,2,2,3,1,3,3,3,4,4,4,5,523796,0,1
DEMO5K-3422,23,1,2,4,2,1,3,4,3,5,3,4,1,3,3,2,3,2,1,1,5,5,5,5,4,4,4,5,3,4,4,3,4,670974,0,1
DEMO5K-3423,18,2,3,1,2,3,3,3,2,2,5,2,3,5,4,4,4,4,5,1,3,3,5,3,1,3,5,4,4,2,3,2,3,301231,0,1
DEMO5K-3424,28,1,1,4,2,2,3,3,2,2,2,4,3,3,3,2,2,5,2,1,3,3,4,4,2,2,3,2,3,2,1,2,2,455723,0,1
DEMO5K-3425,24,1,3,1,3,1,3,4,2,3,3,4,4,4,4,4,4,4,4,1,2,4,2,1,2,1,5,5,5,2,3,5,5,586153,0,1
DEMO5K-3426,21,1,2,4,4,2,4,5,2,3,5,4,3,3,3,2,2,2,4,1,5,3,3,3,3,2,4,4,4,4,3,4,4,635155,0,1
DEMO5K-3427,19,1,1,5,2,3,1,4,4,3,4,4,4,4,3,2,3,3,2,1,3,2,3,2,2,2,3,5,5,4,4,5,4,601952,0,1
DEMO5K-3428,23,2,2,4,3,2,3,3,2,4,3,3,3,3,4,2,4,2,3,1,3,4,3,2,4,3,3,5,3,2,4,3,4,445769,0,1
DEMO5K-3429,22,2,1,5,3,1,5,5,1,5,5,5,3,5,5,4,3,2,3,1,2,1,2,2,2,2,3,3,2,3,4,5,5,565470,0,1
DEMO5K-3430,33,1,2,2,2,3,2,3,1,2,2,3,4,5,2,4,5,5,5,1,4,2,4,3,1,2,1,1,3,4,4,4,5,460088,0,1
DEMO5K-3431,32,1,3,1,4,3,1,3,3,2,2,2,4,3,3,3,3,3,3,1,5,5,5,3,5,4,2,3,3,2,3,3,1,367345,0,1
DEMO5K-3432,31,2,2,2,2,2,5,4,4,5,3,3,5,5,5,5,5,5,4,2,3,4,3,1,2,3,3,4,3,5,2,4,3,473095,0,0
DEMO5K-3433,26,2,2,3,3,2,5,5,4,1,3,4,3,4,2,3,3,4,4,1,5,5,4,5,5,4,4,4,5,2,4,4,5,477357,0,1
DEMO5K-3434,34,2,3,2,4,5,2,2,5,3,1,2,3,2,2,3,3,4,3,2,2,4,4,2,2,4,3,4,4,4,3,3,2,622407,0,0
DEMO5K-3435,28,2,2,4,4,3,1,1,5,1,1,2,1,1,2,4,1,1,3,1,3,4,3,3,2,3,2,2,2,1,3,1,2,64571,1,1
DEMO5K-3436,22,2,2,2,3,4,2,2,4,2,1,3,2,2,3,4,3,4,3,1,1,1,2,1,1,1,5,2,2,3,4,4,4,678248,0,1
DEMO5K-3437,25,2,2,2,4,1,5,5,2,4,5,3,2,4,2,3,2,4,4,1,3,3,4,3,4,3,4,4,2,3,5,3,4,689775,0,1
DEMO5K-3438,33,2,1,3,3,2,1,1,3,3,1,2,3,2,3,3,2,2,3,1,4,3,2,3,3,4,2,2,3,2,2,3,2,521149,0,1
DEMO5K-3439,28,2,3,2,3,4,3,4,4,4,3,3,3,1,2,2,3,1,1,1,1,1,2,1,1,1,1,1,2,2,1,1,3,485713,0,1
DEMO5K-3440,22,2,3,5,2,3,4,4,4,4,4,4,4,3,4,2,2,2,2,1,2,5,4,4,3,5,2,3,4,3,4,3,4,578243,0,1
DEMO5K-3441,32,2,2,3,1,2,3,3,3,2,4,4,3,4,4,1,5,3,3,1,4,1,2,4,3,2,3,3,3,3,2,3,2,345359,0,1
DEMO5K-3442,29,1,1,4,2,2,3,2,3,5,2,3,3,3,5,5,4,4,4,1,1,3,2,1,2,3,2,1,2,4,3,3,5,513312,0,1
DEMO5K-3443,18,2,1,1,3,2,5,5,2,3,5,4,3,3,3,4,2,3,4,1,4,3,3,5,2,3,2,5,3,3,4,4,4,645005,0,1
DEMO5K-3444,35,1,3,1,4,3,3,2,3,2,4,5,3,2,3,2,2,1,3,1,4,5,3,5,4,4,3,2,1,3,4,3,3,629585,0,1
DEMO5K-3445,17,1,3,5,2,3,4,5,3,3,4,4,1,1,3,3,2,4,2,1,3,2,4,3,2,4,3,3,2,2,2,3,4,675806,0,1
DEMO5K-3446,35,2,3,3,2,3,2,2,3,3,3,2,2,2,3,3,4,4,4,1,3,2,4,3,3,2,2,2,2,3,3,3,2,508084,0,1
DEMO5K-3447,27,2,2,5,2,4,2,3,1,2,3,1,4,3,2,2,2,1,3,1,2,4,3,3,3,4,3,3,3,4,3,3,4,654773,0,1
DEMO5K-3448,22,2,3,1,4,5,1,1,5,1,2,1,3,2,3,3,2,2,3,1,3,2,3,1,1,2,3,3,3,3,3,3,3,367378,0,1
DEMO5K-3449,33,2,3,5,4,2,4,5,2,4,5,4,3,3,3,4,2,5,3,1,5,3,3,3,3,4,2,2,5,3,3,4,2,549652,0,1
DEMO5K-3450,30,1,1,5,4,4,3,2,3,3,1,1,2,2,2,2,3,2,2,1,3,4,3,5,3,4,3,2,2,3,1,2,3,603466,0,1
DEMO5K-3451,20,2,2,5,4,1,4,4,1,2,3,2,4,5,4,4,4,3,3,1,2,2,3,4,3,3,4,3,1,3,4,4,3,572113,0,1
DEMO5K-3452,22,2,3,4,3,1,4,4,3,4,4,5,3,5,4,5,5,5,5,1,4,3,5,5,5,2,4,5,4,4,4,4,4,552978,0,1
DEMO5K-3453,31,2,2,5,4,2,3,3,4,2,3,3,3,5,3,5,2,3,3,1,2,3,3,2,4,3,3,2,4,2,3,1,2,452195,0,1
DEMO5K-3454,24,1,3,5,2,4,2,2,5,5,2,2,3,1,2,4,1,1,3,1,4,2,3,2,2,2,4,1,2,4,3,2,1,319241,0,1
DEMO5K-3455,26,1,2,3,3,3,1,2,3,2,2,3,2,2,4,2,2,2,2,1,3,4,4,3,4,3,5,3,4,3,2,2,4,329354,0,1
DEMO5K-3456,23,1,2,4,2,3,4,4,4,4,3,2,5,3,3,3,3,2,2,1,3,2,3,3,4,2,2,3,2,1,3,3,2,381647,0,1
DEMO5K-3457,26,1,3,1,4,3,1,4,2,3,3,3,4,4,4,4,2,3,1,1,4,4,3,4,4,3,5,4,5,3,5,3,3,503202,0,1
DEMO5K-3458,23,2,2,5,3,1,3,3,3,4,4,4,1,3,3,5,4,2,5,1,5,4,5,5,5,5,3,3,2,4,5,2,3,660533,0,1
DEMO5K-3459,27,1,3,3,4,2,4,3,2,3,3,4,4,1,4,3,2,2,3,1,2,5,4,4,4,4,3,4,5,5,5,3,5,368321,0,1
DEMO5K-3460,32,2,2,2,2,1,4,5,1,4,3,3,3,3,4,4,3,2,2,1,5,3,2,2,4,2,3,1,2,1,3,2,3,576687,0,1
DEMO5K-3461,25,2,3,3,1,4,1,2,5,2,1,1,2,1,3,3,2,3,4,1,3,4,3,1,3,1,3,2,3,3,3,3,5,519638,0,1
DEMO5K-3462,31,1,2,3,3,4,3,2,4,2,3,3,1,2,2,2,2,3,1,1,3,3,2,3,3,1,3,2,2,2,2,3,2,424340,0,1
DEMO5K-3463,21,2,2,3,1,4,3,3,5,1,2,4,2,3,2,3,3,2,1,1,3,2,1,1,3,1,3,1,1,1,1,1,2,582332,0,1
DEMO5K-3464,34,2,2,1,3,1,4,3,2,5,3,4,2,2,4,3,4,4,2,1,2,2,3,4,3,2,4,4,5,5,5,4,5,365578,0,1
DEMO5K-3465,31,1,1,5,3,2,3,2,5,4,4,1,4,4,3,3,4,3,4,1,4,2,4,1,4,4,5,5,4,5,5,5,3,675528,0,1
DEMO5K-3466,24,1,3,4,3,2,3,3,2,4,4,1,2,2,4,3,3,5,5,1,2,3,4,3,3,4,3,2,2,1,1,4,3,634232,0,1
DEMO5K-3467,17,1,3,3,2,1,5,4,1,5,5,4,4,5,5,4,5,4,4,1,5,4,4,5,4,5,4,3,4,4,5,4,3,613893,0,1
DEMO5K-3468,20,2,3,5,2,3,3,3,3,3,4,3,3,4,4,3,4,4,4,1,4,4,3,5,3,4,5,4,5,2,5,3,5,465669,0,1
DEMO5K-3469,22,2,3,4,3,5,1,1,5,1,2,2,1,1,3,2,4,2,1,1,1,1,1,1,2,1,1,1,3,2,3,2,2,508002,0,1
DEMO5K-3470,25,2,1,5,1,3,2,4,3,2,2,1,3,3,3,3,2,3,1,1,1,2,3,2,2,3,5,2,5,3,5,2,1,307636,0,1
DEMO5K-3471,22,2,2,4,1,5,2,1,4,2,1,2,3,4,3,3,4,4,3,1,1,1,3,1,2,2,3,3,1,2,3,1,2,607382,0,1
DEMO5K-3472,29,1,2,4,2,3,4,5,2,2,2,4,2,3,3,3,3,3,2,1,4,2,5,4,5,4,1,3,4,1,1,1,2,448223,0,1
DEMO5K-3473,21,2,1,4,2,1,3,5,1,3,5,4,3,3,2,4,2,2,4,1,1,3,2,2,3,3,4,2,4,4,3,2,3,344875,0,1
DEMO5K-3474,31,2,2,5,2,3,4,3,3,5,4,3,2,3,3,4,3,3,2,1,5,5,4,5,5,4,4,5,2,5,4,5,3,303608,0,1
DEMO5K-3475,17,2,2,1,2,3,5,5,1,5,4,3,4,5,3,4,4,2,4,1,5,4,5,4,5,5,4,2,2,2,4,5,3,626968,0,1
DEMO5K-3476,25,1,3,5,4,3,4,1,4,1,3,1,4,1,1,2,2,3,3,1,3,3,4,2,2,4,3,5,4,4,3,4,3,625861,0,1
DEMO5K-3477,22,1,3,3,3,4,3,1,3,1,2,2,3,4,3,2,2,2,3,1,3,4,4,4,4,2,3,2,2,2,3,1,2,460447,0,1
DEMO5K-3478,26,1,1,4,3,4,3,3,3,2,2,2,4,3,2,4,3,2,3,1,4,3,3,3,5,3,5,3,3,5,3,2,3,663389,0,1
DEMO5K-3479,31,2,3,3,3,2,4,3,3,2,3,3,4,2,3,2,3,2,3,1,4,5,4,4,4,5,4,3,4,2,3,3,4,541700,0,1
DEMO5K-3480,30,1,2,2,3,3,2,2,5,1,1,3,4,2,3,3,2,2,2,1,1,1,2,2,1,1,3,2,3,3,5,2,2,639739,0,1
DEMO5K-3481,30,2,3,5,2,2,5,3,3,3,4,4,2,4,3,4,4,5,2,1,5,3,3,4,4,3,4,2,4,3,4,4,2,623941,0,1
DEMO5K-3482,27,2,2,2,3,4,4,3,2,4,5,5,4,3,4,5,4,4,5,1,5,3,3,3,2,3,3,3,3,3,1,2,3,572325,0,1
DEMO5K-3483,25,2,3,1,2,3,2,2,3,3,2,3,5,3,3,3,3,4,3,1,5,3,5,4,5,5,4,3,5,4,5,4,3,479487,0,1
DEMO5K-3484,20,2,1,2,3,2,3,5,3,1,5,5,2,3,3,2,3,4,2,1,3,4,5,4,4,5,5,4,4,3,5,5,5,693123,0,1
DEMO5K-3485,34,1,3,3,3,2,3,2,4,4,4,2,5,2,3,4,4,4,3,1,4,3,2,3,3,3,3,2,4,4,5,3,3,662559,0,1
DEMO5K-3486,26,2,2,5,3,1,5,5,2,5,5,5,5,3,5,4,3,5,4,1,2,3,4,3,3,3,5,2,3,3,2,5,5,326996,0,1
DEMO5K-3487,19,1,2,1,4,4,2,3,5,4,2,3,3,3,4,4,5,2,2,1,2,4,1,2,2,2,2,2,1,2,2,1,1,685310,0,1
DEMO5K-3488,21,2,1,2,3,3,3,4,3,3,4,2,3,2,2,2,2,2,4,1,5,2,4,4,3,4,4,3,5,4,4,3,4,686659,0,1
DEMO5K-3489,30,2,2,3,4,3,3,4,3,4,4,4,2,4,3,5,4,3,5,1,5,3,4,4,4,4,3,4,4,3,1,4,1,651662,0,1
DEMO5K-3490,20,2,2,4,1,1,4,5,1,4,3,5,4,2,2,5,2,1,3,1,3,3,3,3,1,2,2,2,3,3,2,3,3,356619,0,1
DEMO5K-3491,25,2,2,3,2,3,5,5,1,2,5,5,4,5,4,5,4,3,4,1,4,3,4,5,4,4,3,2,4,3,4,3,2,353445,0,1
DEMO5K-3492,18,1,2,2,3,3,2,3,4,3,3,4,3,1,1,1,1,3,3,1,2,2,3,2,3,4,3,3,2,2,2,3,2,346643,0,1
DEMO5K-3493,17,2,3,1,1,2,4,5,4,4,2,2,1,3,3,4,3,4,2,1,3,3,4,4,3,3,3,2,2,2,3,2,3,537524,0,1
DEMO5K-3494,17,1,2,4,4,5,2,4,3,2,4,3,5,5,5,5,4,4,5,1,3,4,3,4,3,3,4,4,3,3,4,4,4,604733,0,1
DEMO5K-3495,25,2,2,1,4,5,2,1,5,2,2,2,2,3,2,2,3,2,3,1,2,4,2,3,2,4,1,1,1,1,2,3,1,495028,0,1
DEMO5K-3496,29,2,2,1,4,3,5,4,3,4,4,3,2,3,2,4,3,1,2,1,3,5,3,5,3,3,4,4,5,4,3,4,3,352370,0,1
DEMO5K-3497,23,2,1,1,3,3,2,3,3,3,3,2,2,4,2,4,4,4,2,1,3,5,5,3,4,4,2,4,2,4,3,3,3,557378,0,1
DEMO5K-3498,32,2,3,1,1,4,4,2,2,3,3,4,3,3,5,4,2,3,4,1,3,1,2,2,4,2,2,4,5,3,4,3,3,654356,0,1
DEMO5K-3499,35,2,3,1,4,2,5,5,4,4,3,4,4,3,3,3,3,2,2,1,4,3,3,3,4,4,3,3,1,4,3,4,3,332006,0,1
DEMO5K-3500,22,2,2,4,2,3,2,1,3,2,2,4,4,3,5,1,4,3,4,1,2,3,4,4,4,2,4,4,3,4,1,5,4,400670,0,1
DEMO5K-3501,23,1,2,2,4,5,4,3,4,2,3,3,4,3,3,4,3,3,3,1,4,3,1,2,3,3,3,3,3,1,3,1,3,519908,0,1
DEMO5K-3502,31,2,3,3,2,2,4,5,1,5,4,4,5,5,5,5,5,5,5,1,4,5,4,5,4,5,3,4,3,3,4,3,2,625666,0,1
DEMO5K-3503,26,1,3,4,4,5,2,1,5,2,3,1,4,2,2,3,3,2,4,1,3,3,4,5,3,5,5,1,5,4,4,3,5,567957,0,1
DEMO5K-3504,33,1,2,4,3,3,3,5,3,4,1,5,5,4,2,3,4,5,3,1,5,4,4,5,2,5,2,5,3,5,4,4,5,592652,0,1
DEMO5K-3505,33,1,1,5,2,2,5,3,2,4,4,4,4,3,5,4,3,4,4,1,2,3,4,3,2,4,4,5,3,2,3,3,2,50020,1,1
DEMO5K-3506,24,2,1,3,2,3,2,2,4,3,3,5,2,4,3,4,3,2,3,1,2,2,4,3,2,2,3,2,3,3,1,2,2,410236,0,1
DEMO5K-3507,30,1,1,1,2,4,3,3,5,2,4,3,1,1,1,2,1,1,1,1,2,1,1,2,2,3,1,1,1,1,3,1,2,512713,0,1
DEMO5K-3508,31,2,2,5,3,3,3,3,4,3,2,2,2,5,2,3,3,4,4,1,2,5,5,4,4,3,3,1,2,2,1,3,2,462954,0,1
DEMO5K-3509,32,1,3,5,3,3,3,3,1,3,3,4,1,3,2,2,3,5,2,1,2,3,5,4,3,2,3,4,4,5,3,4,3,490232,0,1
DEMO5K-3510,24,2,3,5,4,3,4,4,3,4,4,4,3,5,4,4,3,4,4,1,4,4,3,3,4,4,4,3,5,3,2,4,4,83261,1,1
DEMO5K-3511,25,1,2,3,2,4,2,4,2,1,3,1,2,3,2,2,3,3,3,1,5,1,3,2,5,4,2,3,2,3,1,2,2,561820,0,1
DEMO5K-3512,23,2,3,2,4,1,5,5,2,4,5,4,3,5,5,5,4,3,3,1,2,3,2,2,3,3,4,5,4,4,4,4,4,323779,0,1
DEMO5K-3513,25,2,1,3,3,3,4,3,2,3,5,4,2,3,2,3,2,3,1,1,4,3,4,2,4,4,5,4,3,4,3,4,4,535861,0,1
DEMO5K-3514,27,1,2,2,1,3,2,4,4,2,3,2,3,4,3,4,2,4,4,1,4,5,5,4,4,5,5,4,3,4,5,2,4,634412,0,1
DEMO5K-3515,22,2,1,5,4,2,3,3,3,3,4,4,4,2,2,2,2,2,2,1,3,3,2,2,4,3,3,3,2,4,3,3,2,512333,0,1
DEMO5K-3516,28,2,3,1,3,2,5,4,1,4,5,5,4,4,3,2,4,3,4,1,4,2,4,3,3,4,3,4,3,3,3,2,2,467160,0,1
DEMO5K-3517,24,2,2,1,4,4,3,4,3,2,2,3,1,2,2,1,3,3,3,1,2,1,1,1,1,2,1,2,2,4,1,2,2,338897,0,1
DEMO5K-3518,29,2,3,5,2,3,4,4,2,5,4,2,2,3,3,2,3,2,1,1,4,5,4,5,4,4,2,3,3,5,3,3,1,673292,0,1
DEMO5K-3519,19,1,3,2,1,4,3,4,3,4,5,4,2,3,4,5,5,4,3,1,4,3,2,3,4,3,3,3,4,3,4,2,1,627478,0,1
DEMO5K-3520,28,2,2,3,2,2,2,3,5,3,2,2,1,1,1,1,1,1,3,1,2,3,1,2,2,2,2,1,2,4,1,4,3,684840,0,1
DEMO5K-3521,33,1,3,1,2,2,4,5,2,5,5,2,5,4,5,5,4,4,4,1,5,3,3,3,4,3,4,4,4,4,4,4,5,401502,0,1
DEMO5K-3522,21,1,2,3,3,2,3,1,5,3,3,3,4,4,2,2,3,3,3,1,4,5,3,5,4,5,2,1,2,2,2,1,1,614122,0,1
DEMO5K-3523,26,2,2,3,4,4,1,2,4,3,2,2,3,4,3,3,3,4,5,1,2,4,2,3,5,4,4,5,4,4,5,3,5,533311,0,1
DEMO5K-3524,25,2,3,1,1,3,3,1,2,4,1,4,4,4,3,4,5,3,3,5,4,3,3,4,1,2,3,4,4,3,4,4,3,662575,0,0
DEMO5K-3525,20,2,2,1,3,4,2,2,4,1,3,2,3,2,2,2,3,2,3,1,4,3,5,2,2,3,4,1,3,5,5,4,4,409971,0,1
DEMO5K-3526,31,1,3,1,3,1,2,4,2,4,4,4,4,3,4,3,5,3,5,1,4,5,5,5,5,5,5,4,3,4,3,3,3,675365,0,1
DEMO5K-3527,33,2,3,5,1,2,3,4,1,3,1,2,1,1,3,2,3,3,4,1,3,3,2,5,2,2,1,3,3,3,2,3,2,559475,0,1
DEMO5K-3528,19,2,3,4,3,2,3,4,1,4,4,4,4,2,3,1,3,4,4,1,2,3,3,5,3,2,3,2,3,3,4,2,2,370305,0,1
DEMO5K-3529,34,2,2,5,4,3,1,3,5,1,2,2,3,1,4,4,1,3,2,1,5,5,5,4,3,3,4,3,4,3,3,5,2,579345,0,1
DEMO5K-3530,25,2,3,2,1,5,3,3,4,2,2,4,1,3,3,3,4,4,3,1,3,2,3,1,1,2,5,5,3,2,5,2,4,649107,0,1
DEMO5K-3531,29,2,3,1,3,5,3,2,5,2,3,3,2,3,4,3,1,3,1,1,2,3,4,1,1,3,3,3,4,4,3,3,3,566453,0,1
DEMO5K-3532,30,2,3,2,4,3,3,2,5,2,4,3,4,3,2,2,4,3,3,1,2,4,4,3,3,5,4,5,3,4,4,2,3,348149,0,1
DEMO5K-3533,27,2,2,1,1,3,3,4,1,5,5,5,3,2,3,3,4,2,3,1,4,5,1,3,2,2,1,1,1,2,1,1,2,55628,1,1
DEMO5K-3534,31,1,1,5,3,5,2,2,5,1,1,1,2,3,3,3,3,2,4,1,4,3,3,4,4,3,3,2,2,3,1,2,2,628164,0,1
DEMO5K-3535,29,1,1,4,1,3,3,5,4,3,2,4,1,3,2,2,2,3,2,1,1,1,1,3,2,2,2,2,2,1,1,1,1,690603,0,1
DEMO5K-3536,31,1,3,1,1,4,3,2,3,3,4,3,5,4,3,3,4,4,4,1,2,3,2,2,4,3,3,4,2,4,1,5,2,544134,0,1
DEMO5K-3537,32,1,2,3,3,1,3,4,1,5,5,3,1,3,2,2,1,2,1,1,1,1,1,1,2,1,3,4,1,1,2,1,1,609221,0,1
DEMO5K-3538,22,1,3,2,3,3,2,2,3,4,3,3,4,3,4,3,3,4,5,1,2,2,3,2,5,3,4,2,3,2,3,5,4,468448,0,1
DEMO5K-3539,34,1,3,4,4,4,2,2,3,1,1,1,3,2,2,2,2,1,2,1,4,1,3,1,2,2,2,2,1,1,5,1,1,666336,0,1
DEMO5K-3540,22,2,2,4,2,3,1,3,5,2,2,2,4,4,4,3,2,3,4,1,3,3,5,3,3,3,3,1,2,3,1,2,3,393114,0,1
DEMO5K-3541,24,2,3,1,3,3,5,5,1,5,5,4,2,3,3,2,3,3,2,1,3,3,5,3,5,5,5,5,4,5,5,5,4,429812,0,1
DEMO5K-3542,24,2,2,2,3,2,5,3,3,3,4,3,4,5,3,3,4,2,5,1,1,2,3,3,3,2,2,4,3,5,4,5,3,473495,0,1
DEMO5K-3543,32,1,3,3,2,4,1,2,5,2,1,2,2,3,4,4,3,5,4,1,2,1,1,1,3,1,3,4,3,3,2,3,3,386127,0,1
DEMO5K-3544,29,1,3,2,1,3,2,3,1,4,3,3,4,2,4,2,3,2,2,1,3,3,3,1,3,4,1,3,3,3,1,2,2,52882,1,1
DEMO5K-3545,27,1,2,2,1,2,5,2,1,5,5,4,4,5,5,5,4,4,4,1,2,3,3,4,4,3,4,4,5,5,4,5,5,541908,0,1
DEMO5K-3546,32,2,3,1,4,5,1,1,5,1,1,1,1,1,2,3,2,1,1,1,1,2,1,1,1,1,2,1,1,1,1,1,1,306175,0,1
DEMO5K-3547,30,1,3,4,1,2,4,4,4,5,4,4,2,3,1,3,4,2,4,1,2,4,3,3,4,3,4,3,5,5,3,2,4,619564,0,1
DEMO5K-3548,19,1,2,5,4,4,1,2,4,1,3,2,2,3,2,1,3,3,2,1,1,3,2,2,2,3,3,3,2,4,3,2,3,538281,0,1
DEMO5K-3549,20,1,2,2,2,5,1,2,4,2,1,2,1,2,4,3,2,1,3,1,3,3,5,3,1,4,2,4,1,3,1,2,3,436637,0,1
DEMO5K-3550,29,2,3,5,2,4,1,2,4,3,1,1,3,2,2,1,3,4,3,1,3,1,2,1,3,2,1,2,1,2,2,1,1,570466,0,1
DEMO5K-3551,23,1,1,2,3,1,4,4,1,4,4,5,3,2,4,2,3,3,3,1,3,4,3,3,2,4,1,1,4,5,3,4,2,621988,0,1
DEMO5K-3552,25,1,2,3,3,2,2,4,3,3,5,4,2,2,4,3,3,2,2,1,1,3,1,2,1,1,4,2,3,3,3,3,3,560451,0,1
DEMO5K-3553,22,2,2,2,4,1,5,5,2,3,5,5,5,5,4,4,5,5,3,1,2,5,3,5,4,5,2,4,2,5,3,3,2,302072,0,1
DEMO5K-3554,20,2,3,2,4,2,5,3,1,3,3,2,3,2,2,3,4,3,2,1,3,4,3,2,3,3,1,2,3,2,1,2,3,480468,0,1
DEMO5K-3555,28,1,3,2,4,3,3,3,3,2,2,3,3,3,3,2,3,4,2,1,1,4,3,2,2,2,2,2,2,4,3,2,3,608573,0,1
DEMO5K-3556,17,2,3,1,3,2,5,4,1,4,4,4,4,3,3,4,4,4,2,1,4,4,2,4,5,5,5,5,2,4,3,3,4,65939,1,1
DEMO5K-3557,30,2,3,1,3,4,1,2,4,2,3,3,5,1,3,2,2,3,2,1,2,2,3,2,4,1,1,3,2,3,1,3,1,415872,0,1
DEMO5K-3558,31,1,2,4,4,5,3,3,3,3,4,2,3,4,5,3,4,3,3,1,1,3,3,4,3,2,1,2,3,5,3,4,2,597519,0,1
DEMO5K-3559,22,2,3,3,3,2,4,4,3,4,4,2,4,3,3,3,2,4,5,1,3,4,3,4,4,4,3,3,4,4,4,5,2,607429,0,1
DEMO5K-3560,17,2,3,5,2,3,2,4,4,2,3,2,4,4,5,3,5,3,4,1,4,3,3,5,4,3,2,3,4,2,1,2,3,333530,0,1
DEMO5K-3561,28,1,2,4,4,5,1,4,5,3,3,3,2,3,4,3,4,5,5,1,2,3,2,2,3,3,3,4,5,4,5,4,4,601696,0,1
DEMO5K-3562,25,1,1,3,4,3,1,4,4,1,3,2,2,3,3,1,1,1,2,1,2,2,1,1,2,1,3,2,3,2,4,2,1,355351,0,1
DEMO5K-3563,31,1,1,5,2,4,1,2,4,2,2,2,1,2,1,1,1,2,1,1,3,1,2,2,3,2,2,2,2,2,3,2,2,683355,0,1
DEMO5K-3564,33,2,1,2,3,2,3,4,2,3,3,3,4,1,3,3,2,2,2,1,2,2,3,5,4,3,1,2,3,4,2,3,4,454834,0,1
DEMO5K-3565,29,2,2,4,3,3,2,4,1,4,2,3,5,3,3,3,5,3,3,1,2,4,2,3,3,4,4,3,4,3,4,4,3,445280,0,1
DEMO5K-3566,27,2,2,3,4,1,4,1,2,4,3,3,4,5,2,2,3,2,1,1,4,3,4,4,3,5,3,2,3,1,1,1,2,642044,0,1
DEMO5K-3567,33,2,3,3,4,3,4,2,3,3,3,3,3,2,2,2,3,2,3,1,3,2,2,3,3,1,1,2,2,4,3,1,2,334662,0,1
DEMO5K-3568,23,1,3,5,2,5,2,2,5,3,3,3,4,3,1,2,3,1,4,1,3,3,3,3,4,4,4,2,4,1,4,1,3,466311,0,1
DEMO5K-3569,22,1,2,3,2,3,3,4,4,3,3,2,1,3,2,3,2,4,3,1,2,3,3,4,3,4,4,3,3,2,5,4,3,517004,0,1
DEMO5K-3570,28,2,2,5,4,2,4,4,3,3,3,4,5,5,5,3,4,4,4,1,4,3,4,4,1,3,3,4,5,4,5,4,3,667187,0,1
DEMO5K-3571,34,2,3,5,2,4,3,2,3,3,1,3,1,3,2,1,1,1,3,1,4,4,3,2,4,4,4,2,2,4,2,3,3,614183,0,1
DEMO5K-3572,33,2,1,5,4,2,1,3,4,4,3,2,2,2,2,4,3,3,4,1,4,2,3,3,2,3,1,1,1,1,1,2,2,645832,0,1
DEMO5K-3573,19,1,3,4,2,2,4,4,3,3,4,5,4,3,4,2,4,4,3,1,5,4,5,5,5,5,5,4,5,3,3,3,4,575244,0,1
DEMO5K-3574,35,2,3,5,3,4,1,1,5,2,2,3,1,1,2,3,2,1,1,1,2,1,2,3,3,1,3,3,1,2,4,4,3,491110,0,1
DEMO5K-3575,27,1,3,5,4,4,4,3,4,2,3,4,3,4,4,2,2,3,3,1,3,4,3,3,4,3,4,4,2,3,5,3,3,577193,0,1
DEMO5K-3576,29,2,1,3,4,3,2,3,3,3,2,3,3,3,1,2,3,4,3,1,4,3,4,5,5,3,2,3,3,2,3,1,2,503133,0,1
DEMO5K-3577,19,2,1,3,2,3,3,3,4,3,3,3,4,3,2,2,2,3,4,1,3,2,3,3,2,3,3,4,2,1,3,2,3,512714,0,1
DEMO5K-3578,35,1,1,1,3,2,5,5,2,5,5,5,3,5,3,3,4,4,5,1,5,4,4,5,3,5,4,4,3,3,5,3,5,76817,1,1
DEMO5K-3579,31,2,2,2,2,2,3,4,4,3,3,4,4,3,4,4,3,4,4,1,4,3,4,3,4,3,2,2,3,3,5,4,4,359464,0,1
DEMO5K-3580,25,2,2,3,4,2,4,3,4,2,4,4,5,3,5,4,5,5,3,1,2,2,4,4,3,2,2,1,3,1,1,1,3,545466,0,1
DEMO5K-3581,27,1,2,1,3,5,1,1,5,1,1,2,2,3,3,4,3,2,2,1,3,2,3,4,4,1,3,3,4,2,4,3,3,682944,0,1
DEMO5K-3582,28,2,1,1,1,4,2,3,4,4,4,4,5,4,3,4,5,4,2,1,3,3,5,3,5,5,4,3,4,4,4,5,5,379520,0,1
DEMO5K-3583,24,2,3,5,4,2,5,4,3,3,2,1,2,3,3,3,4,4,2,1,4,2,4,4,3,2,3,5,4,4,3,3,3,547675,0,1
DEMO5K-3584,23,1,3,3,3,3,3,3,2,1,3,5,1,1,2,2,1,2,3,1,2,2,2,3,1,2,4,3,2,2,3,2,2,640655,0,1
DEMO5K-3585,24,2,3,1,4,3,4,1,3,5,5,5,3,4,4,3,4,5,2,1,2,5,3,1,5,4,4,3,3,2,2,4,3,541175,0,1
DEMO5K-3586,26,1,2,5,2,3,3,5,4,4,3,3,1,3,2,3,4,4,3,1,5,4,4,3,5,4,5,4,4,4,4,4,4,685359,0,1
DEMO5K-3587,27,1,2,2,3,3,3,2,3,2,2,4,2,1,3,2,2,2,4,3,1,1,2,2,2,1,3,3,4,2,2,2,3,529875,0,0
DEMO5K-3588,22,2,3,1,1,5,2,3,3,3,1,1,5,3,4,3,5,3,4,1,4,2,5,5,4,4,2,3,2,1,2,1,2,505734,0,1
DEMO5K-3589,25,2,1,4,4,4,2,2,4,2,3,3,3,2,2,4,3,4,2,1,4,4,2,2,4,3,4,2,2,2,2,2,1,368172,0,1
DEMO5K-3590,24,2,2,2,2,2,3,1,3,2,3,3,3,3,1,3,1,2,1,1,4,3,4,2,3,3,3,1,1,3,2,3,1,340202,0,1
DEMO5K-3591,24,1,3,1,3,2,4,3,5,3,4,3,4,3,4,4,5,4,3,1,3,2,3,1,4,4,3,4,4,3,4,2,4,71905,1,1
DEMO5K-3592,35,2,3,1,2,4,2,1,4,2,1,2,3,3,5,4,4,2,3,1,2,2,2,2,2,2,1,2,1,1,1,3,2,681305,0,1
DEMO5K-3593,26,2,3,1,1,4,3,3,3,1,2,3,2,3,1,1,3,1,1,1,2,1,1,2,3,3,2,2,1,2,2,3,2,587715,0,1
DEMO5K-3594,18,1,2,4,4,2,4,2,4,3,2,4,1,1,1,3,3,2,3,1,2,3,3,1,3,5,1,4,4,2,4,4,3,610563,0,1
DEMO5K-3595,19,1,1,1,3,1,2,4,3,4,5,4,4,5,3,5,1,3,5,1,3,3,4,4,5,3,5,2,3,3,3,4,4,344880,0,1
DEMO5K-3596,23,1,2,4,3,2,2,3,3,3,4,2,3,4,5,4,4,5,2,1,4,1,4,3,2,3,5,3,2,2,3,2,3,448100,0,1
DEMO5K-3597,30,1,3,1,2,1,4,4,2,5,2,4,1,2,3,3,2,4,2,1,4,4,5,4,3,4,4,2,5,4,5,1,5,344719,0,1
DEMO5K-3598,34,1,2,5,4,3,1,1,3,2,2,1,1,2,3,1,1,1,2,1,2,1,3,3,1,3,3,3,2,3,2,3,2,395254,0,1
DEMO5K-3599,17,1,3,4,4,1,3,5,2,4,3,3,2,4,3,3,3,3,4,1,3,3,3,5,4,5,1,3,4,4,4,4,3,629885,0,1
DEMO5K-3600,21,1,2,3,3,1,3,3,3,2,2,3,2,3,4,2,3,3,3,1,2,1,1,3,3,1,3,2,1,3,5,3,3,452580,0,1
DEMO5K-3601,23,1,3,5,2,5,3,1,4,2,2,2,1,1,2,2,1,2,1,1,1,2,1,2,2,4,3,3,3,3,3,3,4,416018,0,1
DEMO5K-3602,25,1,2,1,4,3,3,2,3,2,3,4,3,4,2,2,1,2,1,1,2,2,2,3,3,2,4,3,3,5,4,3,1,674016,0,1
DEMO5K-3603,21,2,2,2,4,2,4,2,3,3,3,2,2,3,1,2,1,4,2,1,1,2,4,2,2,1,2,4,4,3,4,3,3,628007,0,1
DEMO5K-3604,29,2,1,2,3,4,4,3,4,2,1,1,4,2,3,3,2,3,2,1,5,4,5,3,5,5,2,4,5,5,3,3,2,667780,0,1
DEMO5K-3605,27,2,2,4,1,3,2,1,3,5,2,3,5,5,5,5,4,3,3,1,3,3,2,3,3,3,4,4,5,4,5,3,4,591232,0,1
DEMO5K-3606,17,2,2,3,3,3,3,2,3,2,3,3,1,1,1,2,2,2,4,1,4,4,3,3,5,5,3,3,4,2,3,2,3,639140,0,1
DEMO5K-3607,25,1,2,5,3,5,2,2,5,2,2,3,1,2,2,2,2,2,1,1,1,4,3,2,2,2,2,1,1,1,2,1,1,422616,0,1
DEMO5K-3608,21,2,3,3,2,2,3,3,3,2,2,2,1,1,2,1,1,1,1,1,1,2,4,1,2,3,1,1,1,1,1,1,1,78992,1,1
DEMO5K-3609,22,2,2,4,1,2,3,4,3,5,3,1,4,5,3,4,3,5,4,1,5,5,4,5,5,4,4,2,2,4,4,5,2,556286,0,1
DEMO5K-3610,22,1,3,3,4,3,3,5,5,4,3,1,4,3,4,1,1,4,3,1,3,2,5,2,4,3,3,3,4,2,3,5,5,432842,0,1
DEMO5K-3611,18,2,1,1,3,1,3,5,2,5,5,5,4,5,4,5,4,3,3,1,3,4,5,4,4,3,2,2,2,2,3,3,3,59584,1,1
DEMO5K-3612,21,2,3,1,3,4,2,3,4,3,1,2,1,2,2,3,2,4,1,1,3,3,2,2,2,1,1,1,2,3,4,1,2,449751,0,1
DEMO5K-3613,18,2,1,4,4,3,4,3,2,4,3,5,4,4,2,1,1,2,4,1,3,2,4,3,4,4,1,4,4,3,1,3,4,396637,0,1
DEMO5K-3614,29,2,2,1,3,3,3,4,3,3,4,3,4,4,3,3,3,5,3,1,5,4,4,3,3,5,3,3,4,4,2,5,2,535253,0,1
DEMO5K-3615,30,1,3,3,3,3,1,2,4,2,3,1,4,4,2,3,3,4,3,1,1,2,2,1,1,2,3,1,1,1,2,2,1,662017,0,1
DEMO5K-3616,33,1,1,3,4,3,1,2,4,1,1,3,4,4,3,1,3,3,1,1,1,2,3,2,4,3,1,2,1,3,2,4,2,469879,0,1
DEMO5K-3617,31,1,3,2,4,4,2,1,5,2,1,3,4,1,5,2,3,2,3,1,1,3,3,3,3,3,3,3,4,3,3,2,3,358405,0,1
DEMO5K-3618,23,1,3,5,4,4,4,4,2,2,4,3,4,2,2,5,4,2,4,1,4,4,4,4,3,4,3,2,5,3,2,3,1,435713,0,1
DEMO5K-3619,26,2,3,3,3,4,2,2,3,2,1,1,2,3,2,3,2,1,3,1,2,3,4,1,3,3,3,4,3,4,4,4,3,557379,0,1
DEMO5K-3620,22,1,1,1,3,3,2,2,2,1,2,1,4,3,2,3,3,3,5,1,3,4,3,3,4,5,2,3,2,2,1,2,1,332618,0,1
DEMO5K-3621,35,2,2,4,4,5,2,4,2,4,2,3,5,5,4,5,4,5,4,1,4,4,5,5,3,3,4,3,4,3,4,4,4,673492,0,1
DEMO5K-3622,34,1,3,1,3,5,2,2,4,1,2,1,1,2,1,2,1,2,3,1,2,1,2,3,3,2,2,3,3,4,2,4,3,650455,0,1
DEMO5K-3623,26,2,2,5,2,3,2,4,3,3,5,5,3,3,3,4,4,2,4,1,2,1,3,2,2,3,2,5,4,2,2,3,4,378840,0,1
DEMO5K-3624,18,2,2,5,3,1,5,4,2,4,4,5,4,3,4,5,3,4,5,1,4,5,4,5,4,4,4,3,5,3,3,4,4,682486,0,1
DEMO5K-3625,35,2,3,1,3,3,2,3,2,2,3,4,3,4,2,3,3,5,3,1,3,2,4,2,2,3,3,2,2,3,2,4,3,693135,0,1
DEMO5K-3626,17,2,3,2,4,3,4,4,3,3,2,2,1,2,2,3,3,4,2,1,2,4,4,4,2,4,4,3,4,2,3,3,2,663076,0,1
DEMO5K-3627,35,1,3,3,2,3,2,3,3,4,1,3,2,1,3,4,2,1,4,1,4,2,2,3,2,1,3,3,2,3,3,3,2,559183,0,1
DEMO5K-3628,22,2,2,1,1,2,2,1,1,3,2,3,3,3,2,1,1,1,1,1,1,3,2,3,1,1,3,3,2,4,2,2,3,647912,0,1
DEMO5K-3629,18,2,3,3,3,4,3,3,3,3,4,4,5,4,5,5,5,4,3,1,3,3,3,1,2,3,3,3,4,4,3,3,4,603019,0,1
DEMO5K-3630,19,1,2,2,4,4,1,3,4,4,3,3,1,2,2,1,1,3,2,1,3,2,4,3,4,3,4,3,2,3,5,3,3,474172,0,1
DEMO5K-3631,34,1,2,4,3,5,2,3,5,2,2,2,2,1,3,2,2,2,3,1,2,4,4,4,4,3,3,3,3,4,4,4,3,627498,0,1
DEMO5K-3632,25,2,3,2,3,2,3,3,4,4,4,2,1,2,1,3,1,2,1,5,2,2,1,1,2,2,2,2,1,2,2,1,1,661135,0,0
DEMO5K-3633,19,1,1,4,3,3,3,5,4,3,2,1,1,3,1,2,2,1,2,1,4,4,3,5,3,3,4,2,4,4,5,4,4,439255,0,1
DEMO5K-3634,18,1,1,1,4,2,3,3,1,4,4,3,3,2,5,5,3,5,4,1,3,3,3,3,3,4,5,5,3,4,4,2,5,573889,0,1
DEMO5K-3635,32,2,3,5,2,5,2,1,5,1,3,1,2,3,2,2,2,1,2,1,2,4,2,3,1,3,4,5,4,3,5,3,4,333909,0,1
DEMO5K-3636,27,1,3,3,4,4,3,2,3,4,4,1,3,4,2,3,4,4,2,1,2,1,2,1,3,2,3,4,1,3,3,3,3,445174,0,1
DEMO5K-3637,30,1,2,3,3,2,3,3,3,3,3,5,5,5,4,5,3,4,4,1,4,4,3,4,4,4,3,2,2,2,2,2,1,485181,0,1
DEMO5K-3638,22,1,2,3,4,5,1,1,4,2,1,1,1,3,1,1,1,3,1,1,3,2,1,2,2,1,2,2,2,3,2,1,2,62544,1,1
DEMO5K-3639,34,1,2,2,1,2,4,5,1,5,4,4,3,3,3,3,4,3,4,1,4,4,4,4,4,4,3,5,5,5,5,4,2,534757,0,1
DEMO5K-3640,27,2,3,2,3,3,3,4,4,3,3,4,2,4,3,5,2,3,3,1,3,3,2,4,4,4,2,5,3,2,4,3,2,653910,0,1
DEMO5K-3641,21,2,2,1,3,3,4,3,1,4,2,2,4,4,4,4,5,5,4,1,3,5,3,3,3,2,4,4,5,4,4,4,4,663003,0,1
DEMO5K-3642,25,2,3,3,1,1,5,5,2,3,2,3,1,4,3,4,3,2,3,1,3,3,4,3,4,3,3,3,2,2,4,2,1,61135,1,1
DEMO5K-3643,30,2,1,4,2,2,2,4,2,4,5,3,2,2,3,3,2,2,4,1,4,4,4,4,4,4,5,4,2,4,5,2,3,382710,0,1
DEMO5K-3644,20,2,1,1,4,2,3,3,2,4,4,5,4,4,5,5,4,4,4,1,5,4,4,4,4,3,4,4,3,2,4,4,3,666639,0,1
DEMO5K-3645,34,1,3,3,3,3,3,3,3,3,3,2,3,4,3,2,3,4,2,1,2,3,4,5,3,5,3,3,3,4,4,3,5,538830,0,1
DEMO5K-3646,19,2,2,3,3,3,2,3,3,2,3,2,3,3,4,2,3,4,3,1,4,4,3,4,5,5,4,5,5,3,5,3,4,519953,0,1
DEMO5K-3647,33,1,2,2,1,3,3,4,2,3,2,4,2,3,2,2,1,3,3,1,2,2,2,3,3,5,2,3,2,2,1,2,2,462659,0,1
DEMO5K-3648,33,1,1,2,3,4,2,3,1,3,3,2,4,4,5,3,4,5,4,1,4,4,4,4,3,4,3,2,4,3,4,4,5,680508,0,1
DEMO5K-3649,32,2,2,2,3,4,2,3,5,2,2,3,2,2,3,2,5,2,4,1,2,1,1,2,3,2,4,3,5,3,4,4,5,658490,0,1
DEMO5K-3650,33,2,3,3,3,1,4,3,3,4,3,3,2,4,4,4,4,3,3,1,4,4,3,4,3,4,4,4,4,4,4,4,4,84806,1,1
DEMO5K-3651,27,2,1,1,2,2,1,2,4,1,3,3,2,1,3,2,2,3,2,1,2,1,1,3,4,2,1,1,1,1,1,2,2,512137,0,1
DEMO5K-3652,17,2,1,3,3,3,3,3,4,4,3,3,2,2,2,2,3,1,3,1,2,2,2,3,1,1,2,1,2,1,2,2,2,431221,0,1
DEMO5K-3653,22,1,2,5,2,4,1,3,1,3,3,3,2,4,2,3,2,2,2,1,5,2,3,4,4,3,3,3,3,3,3,4,2,304446,0,1
DEMO5K-3654,20,2,3,5,1,4,1,1,2,2,1,4,4,2,1,1,2,1,2,1,2,3,2,2,1,2,1,1,1,2,3,3,1,383530,0,1
DEMO5K-3655,32,1,3,1,4,3,2,3,3,3,2,4,1,3,2,3,3,1,2,1,2,2,2,2,2,2,3,1,3,2,2,2,3,669061,0,1
DEMO5K-3656,19,2,3,2,4,3,3,3,4,2,2,3,2,3,1,2,3,3,1,1,4,5,3,4,3,2,1,2,2,3,2,2,3,327672,0,1
DEMO5K-3657,34,2,2,3,2,2,4,5,3,4,5,2,4,3,4,4,5,5,5,1,5,5,5,4,5,5,5,5,5,5,5,5,5,506267,0,1
DEMO5K-3658,35,2,2,2,2,2,4,3,4,5,3,4,1,1,1,2,4,2,2,1,4,1,4,2,5,3,2,1,1,2,2,2,2,370200,0,1
DEMO5K-3659,30,1,3,4,2,3,3,3,4,3,3,3,4,3,4,4,3,2,3,1,4,3,2,3,3,1,3,4,3,4,2,2,3,384382,0,1
DEMO5K-3660,29,2,2,5,3,3,3,2,2,3,2,3,4,2,2,4,3,3,3,1,2,2,3,1,3,1,3,1,2,3,2,1,1,522879,0,1
DEMO5K-3661,20,1,1,2,3,2,5,5,1,5,5,5,4,4,3,5,4,3,4,1,3,5,3,2,3,2,5,3,3,4,4,2,3,443166,0,1
DEMO5K-3662,32,1,1,2,2,2,5,2,3,3,2,4,2,2,5,3,2,3,2,1,4,3,3,2,4,3,2,5,3,2,4,5,3,484872,0,1
DEMO5K-3663,28,2,3,3,3,3,1,2,2,2,3,2,1,3,3,1,2,3,2,1,4,3,2,3,2,3,2,1,1,1,1,1,2,46913,1,1
DEMO5K-3664,26,1,3,3,4,5,1,1,5,3,2,1,1,3,2,1,1,3,4,1,2,2,2,3,2,2,1,1,2,2,1,1,3,307145,0,1
DEMO5K-3665,25,2,3,3,2,4,3,3,4,4,3,2,3,3,3,2,3,3,1,1,2,3,1,2,3,3,1,3,2,3,3,2,4,422808,0,1
DEMO5K-3666,24,2,2,5,3,4,2,2,3,2,4,1,3,2,4,3,5,4,4,1,4,3,2,3,3,3,2,4,2,5,4,4,3,586133,0,1
DEMO5K-3667,18,2,3,1,3,4,2,3,3,2,5,3,2,4,3,4,4,3,3,1,3,5,2,2,1,3,4,4,2,2,2,3,1,351813,0,1
DEMO5K-3668,18,2,2,5,3,3,3,2,2,3,2,1,3,3,3,3,3,1,3,1,3,2,2,3,2,2,3,1,3,2,3,2,1,464556,0,1
DEMO5K-3669,27,2,3,1,3,4,2,3,4,1,4,3,3,1,2,4,4,1,3,1,4,4,5,3,3,2,4,4,3,2,5,2,2,638000,0,1
DEMO5K-3670,30,1,2,4,4,3,5,5,4,3,5,2,4,3,4,3,5,5,5,1,3,4,3,2,2,3,4,5,5,4,4,2,3,659181,0,1
DEMO5K-3671,28,1,2,4,1,4,2,2,3,4,2,3,3,1,4,3,4,3,2,1,1,3,3,1,2,1,2,3,3,2,1,1,2,642292,0,1
DEMO5K-3672,24,2,3,4,3,4,2,2,2,3,1,3,1,2,1,4,1,1,2,1,2,3,2,3,3,3,1,2,1,2,2,2,1,658632,0,1
DEMO5K-3673,26,1,1,4,2,5,2,2,4,1,1,1,3,3,2,2,2,2,3,1,1,2,2,1,1,2,1,2,2,1,1,1,4,485878,0,1
DEMO5K-3674,24,1,3,5,2,3,4,2,3,3,3,2,5,4,3,4,4,3,2,1,5,4,5,3,4,3,3,3,4,1,1,2,3,608912,0,1
DEMO5K-3675,22,2,3,3,4,4,3,3,5,3,2,2,3,2,1,3,2,3,2,1,1,1,1,1,1,2,1,1,2,2,2,1,3,695615,0,1
DEMO5K-3676,29,1,1,1,3,4,3,3,3,4,3,1,4,2,3,2,2,2,3,1,2,3,3,3,4,2,1,3,1,1,2,1,2,559527,0,1
DEMO5K-3677,32,2,2,2,3,4,3,3,3,4,3,3,3,4,5,4,3,2,3,1,4,3,1,3,3,4,1,2,1,2,1,1,1,691612,0,1
DEMO5K-3678,21,2,3,3,4,3,5,3,2,4,3,5,4,3,3,3,4,4,2,1,2,2,3,3,3,4,4,3,4,5,4,5,3,625707,0,1
DEMO5K-3679,29,1,1,2,2,4,4,4,2,4,4,4,4,4,3,4,4,5,3,1,2,3,4,3,4,4,2,3,3,3,4,4,3,582926,0,1
DEMO5K-3680,31,1,2,2,4,1,4,5,3,5,4,4,3,3,5,3,5,2,4,1,3,3,4,3,3,3,3,2,5,4,3,5,4,465485,0,1
DEMO5K-3681,29,2,3,4,3,5,1,2,2,3,3,3,1,1,2,1,2,2,3,1,2,2,3,3,3,3,4,2,3,3,3,2,2,680944,0,1
DEMO5K-3682,31,1,1,3,2,4,3,3,3,1,2,3,4,5,3,3,3,5,4,1,4,5,2,5,4,1,2,2,4,3,3,4,3,636892,0,1
DEMO5K-3683,32,2,3,2,2,5,3,3,3,1,3,3,3,3,4,5,4,3,4,1,3,3,3,2,4,3,3,3,4,3,4,3,4,503654,0,1
DEMO5K-3684,23,2,2,2,3,4,3,2,5,2,2,2,1,3,3,2,2,4,2,1,1,3,4,2,2,1,2,3,4,3,3,2,4,424649,0,1
DEMO5K-3685,23,2,3,2,1,2,3,3,3,3,3,3,1,1,2,2,1,3,3,1,4,4,4,3,4,3,1,3,1,2,1,1,1,582621,0,1
DEMO5K-3686,23,2,3,4,2,3,3,2,4,1,3,2,2,2,3,1,3,3,3,1,2,4,3,4,4,4,3,2,3,2,3,1,2,387935,0,1
DEMO5K-3687,28,2,1,1,2,1,4,3,3,3,3,3,3,5,4,3,5,5,3,1,3,4,5,4,5,4,3,3,4,4,4,3,5,546528,0,1
DEMO5K-3688,17,2,2,4,4,2,4,3,2,4,4,4,1,2,1,1,4,3,2,1,3,3,3,4,5,4,5,4,5,3,4,5,3,697262,0,1
DEMO5K-3689,24,2,3,4,3,2,4,5,1,5,4,5,2,1,3,3,2,2,1,1,4,4,3,3,5,4,3,4,4,5,3,4,2,67802,1,1
DEMO5K-3690,22,2,3,3,2,4,4,5,2,4,3,2,5,5,2,5,3,5,3,1,3,4,4,3,3,3,2,3,3,2,2,4,4,557335,0,1
DEMO5K-3691,26,2,2,4,3,4,2,4,5,1,3,3,4,2,4,4,1,3,2,1,1,3,1,2,5,1,3,1,4,3,3,1,3,637548,0,1
DEMO5K-3692,30,2,2,5,2,2,5,4,3,3,3,2,5,4,4,4,2,4,5,1,5,3,5,4,4,5,3,2,4,4,2,3,3,487008,0,1
DEMO5K-3693,23,1,1,3,2,1,4,4,4,4,3,3,2,3,3,2,3,2,3,1,2,1,2,2,2,2,4,2,3,3,3,4,2,689724,0,1
DEMO5K-3694,25,2,1,1,4,2,5,5,2,3,4,4,3,3,3,3,3,3,4,1,4,5,2,4,3,4,4,2,3,4,2,5,4,606773,0,1
DEMO5K-3695,21,2,1,4,2,2,3,2,2,4,2,4,3,5,2,4,4,4,5,1,4,4,4,4,4,3,4,5,4,4,4,3,3,327549,0,1
DEMO5K-3696,34,2,1,2,3,5,1,1,5,2,2,2,1,1,1,2,1,1,1,1,1,1,1,1,1,1,3,2,1,1,1,3,1,676254,0,1
DEMO5K-3697,35,1,2,2,3,5,2,1,4,1,1,1,1,2,3,3,3,2,4,1,1,1,1,1,1,3,1,1,1,1,1,1,3,446970,0,1
DEMO5K-3698,24,1,2,3,1,2,4,2,3,3,4,2,1,3,2,2,1,5,3,1,4,4,4,3,4,5,3,4,3,3,4,3,4,660897,0,1
DEMO5K-3699,28,2,3,5,1,4,4,4,1,5,5,5,4,3,4,3,4,4,3,1,2,3,2,2,2,2,2,3,3,3,3,3,2,372948,0,1
DEMO5K-3700,20,2,3,3,3,2,3,4,4,2,2,3,3,4,2,5,5,5,3,1,3,2,4,3,3,4,3,2,3,3,3,3,2,417679,0,1
DEMO5K-3701,34,2,3,3,4,2,5,5,3,4,4,5,4,3,4,5,4,5,5,1,5,5,5,5,5,5,4,5,2,5,4,4,3,546812,0,1
DEMO5K-3702,21,2,3,1,3,1,5,5,2,4,4,3,3,4,3,2,3,4,4,1,3,3,3,3,4,3,3,4,3,5,3,3,4,337888,0,1
DEMO5K-3703,25,2,2,5,3,5,3,2,5,3,3,3,3,4,3,3,3,5,2,1,2,1,2,1,3,1,1,4,3,1,3,5,1,443623,0,1
DEMO5K-3704,29,2,2,4,2,4,3,4,3,4,3,3,4,4,3,4,4,4,3,1,3,3,1,2,3,4,4,4,5,4,3,4,5,608657,0,1
DEMO5K-3705,17,2,1,1,3,3,2,1,3,3,2,1,3,4,2,4,2,4,1,1,3,2,3,2,2,4,4,3,3,2,3,2,2,349229,0,1
DEMO5K-3706,31,2,1,4,4,3,4,5,1,4,5,4,3,3,4,4,3,5,4,1,3,3,4,2,3,3,4,4,5,4,5,2,3,497315,0,1
DEMO5K-3707,30,2,3,3,1,4,3,5,3,2,3,2,4,5,3,5,5,2,2,1,4,3,4,4,4,3,4,4,4,2,3,4,3,517972,0,1
DEMO5K-3708,28,2,2,5,2,3,2,5,4,3,3,3,3,3,1,3,2,4,2,1,3,2,3,4,3,2,2,3,3,5,5,3,3,649513,0,1
DEMO5K-3709,34,2,2,3,1,1,2,4,5,2,2,1,3,3,2,3,2,3,3,1,1,2,2,2,2,2,3,3,3,2,2,3,2,525544,0,1
DEMO5K-3710,29,2,3,5,2,3,2,2,3,1,1,4,1,3,1,1,2,2,3,1,2,2,3,2,2,1,3,4,2,3,1,2,3,316180,0,1
DEMO5K-3711,21,2,2,1,3,5,1,3,4,3,2,4,2,3,1,3,3,1,1,1,1,2,2,2,1,1,4,1,1,3,2,2,1,51115,1,1
DEMO5K-3712,29,2,1,5,3,2,3,4,2,3,3,2,1,3,4,3,4,3,2,1,1,3,3,4,2,2,1,2,1,1,3,1,2,685731,0,1
DEMO5K-3713,20,1,2,3,1,3,2,1,3,2,2,3,2,3,1,1,2,1,2,1,4,4,3,2,3,4,3,2,4,3,3,4,3,303858,0,1
DEMO5K-3714,35,2,3,4,4,3,4,2,4,2,2,2,2,3,2,3,2,2,1,1,1,2,1,1,1,1,2,1,2,1,1,2,1,54150,1,1
DEMO5K-3715,22,1,1,1,4,1,4,4,1,2,3,4,5,4,5,5,4,3,4,1,1,4,4,4,2,2,5,3,4,3,4,4,3,335332,0,1
DEMO5K-3716,19,1,1,4,3,2,4,4,1,4,4,4,4,4,2,4,4,4,4,1,4,4,3,4,3,4,4,5,5,4,5,5,4,318244,0,1
DEMO5K-3717,35,2,2,5,4,1,5,5,2,4,3,3,4,4,4,5,2,4,5,1,2,3,4,3,2,2,4,4,5,4,5,2,5,435213,0,1
DEMO5K-3718,34,1,2,4,3,4,4,4,4,2,3,4,5,3,4,4,4,4,3,1,2,2,5,3,3,3,5,3,4,4,4,5,4,57097,1,1
DEMO5K-3719,22,2,3,2,3,2,3,3,2,2,4,3,3,3,2,2,3,3,3,1,5,5,1,2,4,4,3,4,3,3,5,4,5,667552,0,1
DEMO5K-3720,25,1,3,2,2,4,2,3,4,2,3,2,1,3,4,2,1,1,1,1,4,4,5,4,4,4,4,3,4,4,3,4,4,543547,0,1
DEMO5K-3721,18,1,2,1,2,3,2,2,4,4,1,3,5,3,4,4,4,5,5,1,2,3,1,3,1,1,2,3,2,2,4,3,3,460717,0,1
DEMO5K-3722,27,2,2,3,2,1,5,5,1,4,5,3,4,4,5,4,4,3,4,1,2,3,1,1,4,3,3,4,2,3,3,4,5,603863,0,1
DEMO5K-3723,22,2,2,4,3,5,1,1,5,2,3,2,3,3,1,1,3,2,2,1,1,1,3,1,2,1,3,3,3,1,3,2,2,366807,0,1
DEMO5K-3724,20,1,3,5,4,3,4,3,2,4,5,5,4,1,2,4,4,3,4,1,5,5,4,4,3,4,4,3,5,5,5,2,4,78522,1,1
DEMO5K-3725,28,2,2,5,2,2,4,3,2,5,4,5,4,1,3,2,4,3,5,1,5,5,5,4,5,5,3,4,3,2,3,3,1,495002,0,1
DEMO5K-3726,30,2,1,1,4,5,4,3,4,1,2,2,2,2,2,2,3,3,4,1,1,1,2,1,2,2,2,1,3,1,1,2,1,384230,0,1
DEMO5K-3727,27,2,3,3,2,3,3,3,2,3,2,2,5,5,3,4,4,3,4,1,3,3,4,3,4,5,1,3,2,2,3,3,2,404254,0,1
DEMO5K-3728,24,2,3,2,2,5,1,2,5,2,1,1,3,4,3,2,2,4,3,1,1,1,1,1,2,2,2,1,1,2,3,3,4,562795,0,1
DEMO5K-3729,34,2,1,4,2,2,2,5,4,2,2,3,2,1,3,2,3,2,2,1,2,2,4,1,2,3,3,1,3,3,3,3,3,393495,0,1
DEMO5K-3730,24,1,1,2,2,4,1,3,3,1,3,2,1,3,2,3,3,2,2,1,5,5,5,4,3,3,3,3,2,1,2,1,1,468509,0,1
DEMO5K-3731,27,1,1,2,4,4,5,3,3,4,4,2,4,2,3,2,2,3,3,1,2,3,4,5,3,5,3,2,3,2,4,2,1,471696,0,1
DEMO5K-3732,28,1,2,3,3,1,4,5,3,3,3,4,3,3,2,4,2,4,3,1,3,2,4,3,2,2,2,3,3,3,3,3,3,366980,0,1
DEMO5K-3733,28,1,2,1,1,2,3,3,5,3,1,1,1,1,3,1,1,2,1,1,2,2,3,1,4,4,3,4,3,5,3,4,5,667373,0,1
DEMO5K-3734,24,1,2,3,3,2,5,5,1,4,4,5,5,5,5,5,5,5,5,1,4,3,4,5,4,5,5,5,5,3,4,5,5,612712,0,1
DEMO5K-3735,24,1,2,3,3,4,5,4,3,4,4,3,2,4,2,1,3,5,4,1,3,4,2,5,2,4,3,3,4,3,3,4,4,590441,0,1
DEMO5K-3736,26,2,1,4,3,3,4,4,2,2,3,4,4,5,4,4,3,4,5,1,3,2,4,4,3,3,3,2,2,3,1,1,2,452563,0,1
DEMO5K-3737,34,2,2,2,1,4,2,2,5,3,3,1,3,3,4,3,3,3,2,1,3,3,5,3,3,4,1,2,2,1,1,1,2,443888,0,1
DEMO5K-3738,33,2,3,2,3,3,2,2,4,2,4,3,3,3,2,3,2,2,2,1,4,3,3,4,5,4,2,4,3,3,5,3,4,515125,0,1
DEMO5K-3739,25,2,1,1,3,2,4,4,2,4,3,3,5,4,4,2,4,5,4,1,4,2,4,2,5,4,4,4,3,3,5,4,3,64808,1,1
DEMO5K-3740,19,1,2,2,3,3,2,4,2,4,2,3,1,2,3,1,2,3,2,1,3,2,2,2,1,2,2,3,3,1,3,2,4,492475,0,1
DEMO5K-3741,18,2,2,3,4,5,1,2,4,1,4,2,3,3,4,2,4,4,4,1,3,2,3,3,2,5,4,4,5,3,4,4,3,483287,0,1
DEMO5K-3742,18,2,3,2,4,4,2,1,5,1,2,3,3,3,2,5,5,4,4,1,3,3,2,4,2,3,3,3,3,3,4,4,3,323809,0,1
DEMO5K-3743,18,1,2,4,3,5,3,4,3,2,2,4,4,2,2,2,2,4,3,1,5,4,4,4,5,4,2,3,5,2,4,2,4,443164,0,1
DEMO5K-3744,32,2,3,3,3,5,2,3,4,3,1,3,2,2,3,2,5,2,2,1,2,1,2,1,1,3,2,1,1,3,3,1,3,677887,0,1
DEMO5K-3745,17,2,3,4,3,2,5,2,2,3,5,5,5,5,5,4,4,5,4,1,5,4,2,4,2,2,4,4,4,2,5,3,5,508154,0,1
DEMO5K-3746,34,2,3,1,1,4,4,1,4,1,1,3,2,2,2,1,1,3,2,1,2,3,3,4,5,2,3,3,1,1,5,1,4,614199,0,1
DEMO5K-3747,18,2,3,2,4,2,2,3,3,4,3,2,1,2,2,1,2,2,1,1,3,2,4,2,3,4,3,1,4,1,4,2,2,601241,0,1
DEMO5K-3748,27,1,3,2,4,3,3,4,4,3,3,3,2,4,4,3,5,5,4,1,1,1,1,3,1,1,5,5,3,2,3,3,3,325729,0,1
DEMO5K-3749,17,1,2,2,2,3,4,5,2,5,2,5,2,1,1,1,1,1,1,1,2,4,2,3,4,2,3,3,2,4,3,3,3,552630,0,1
DEMO5K-3750,21,1,3,5,4,4,3,2,4,2,4,3,4,2,3,2,3,1,4,1,4,5,3,4,5,5,1,2,1,2,2,4,1,686594,0,1
DEMO5K-3751,33,1,3,2,3,3,4,3,4,4,3,4,3,2,3,4,3,3,2,1,2,3,4,3,2,3,4,2,4,3,1,3,3,368851,0,1
DEMO5K-3752,24,2,2,5,2,2,3,2,4,3,3,3,4,5,4,4,4,4,5,1,4,3,4,4,5,3,3,4,1,5,4,4,4,659176,0,1
DEMO5K-3753,25,2,3,1,4,4,2,1,5,2,1,3,3,3,3,4,4,2,5,1,2,3,2,4,3,1,2,3,3,3,3,5,5,316145,0,1
DEMO5K-3754,18,2,2,1,1,3,4,3,4,2,1,2,2,3,2,3,3,4,1,1,4,3,4,3,5,5,2,4,2,3,2,3,4,542674,0,1
DEMO5K-3755,31,2,1,1,2,4,4,2,3,2,3,2,3,2,2,5,4,1,4,1,2,2,1,3,4,2,2,4,3,2,1,1,3,67156,1,1
DEMO5K-3756,21,1,1,4,4,4,4,3,3,3,3,3,4,2,2,3,4,4,2,1,4,2,3,3,4,4,2,3,3,2,3,3,3,688388,0,1
DEMO5K-3757,21,1,2,4,4,2,3,4,3,4,3,3,3,2,2,2,1,1,2,1,3,4,4,4,4,5,5,3,4,4,4,4,4,363674,0,1
DEMO5K-3758,18,2,2,3,3,1,4,3,3,5,3,4,3,3,3,3,3,3,3,1,2,4,2,2,3,3,3,4,2,2,1,3,3,475554,0,1
DEMO5K-3759,22,1,3,4,3,3,3,3,3,4,2,3,4,4,4,2,3,1,2,1,4,3,3,3,4,4,4,3,3,4,3,4,2,624278,0,1
DEMO5K-3760,30,2,2,2,3,2,2,5,2,3,3,4,2,2,2,1,2,3,2,1,3,3,3,3,3,3,2,2,3,3,2,2,1,322414,0,1
DEMO5K-3761,26,1,3,3,3,2,3,4,3,4,3,2,3,3,4,5,3,3,4,1,2,3,4,3,2,4,4,3,4,3,3,3,2,536276,0,1
DEMO5K-3762,33,2,3,4,4,3,2,2,4,2,3,5,1,3,2,2,4,3,4,1,2,2,3,4,1,3,4,2,2,1,3,3,5,353250,0,1
DEMO5K-3763,34,1,2,5,2,3,3,1,4,2,4,3,4,3,2,4,3,3,3,1,1,3,1,1,1,1,3,3,3,2,3,2,3,318506,0,1
DEMO5K-3764,19,2,2,2,4,2,3,4,4,4,2,4,3,4,5,3,3,4,5,1,3,1,1,1,1,1,1,3,1,1,2,2,2,305648,0,1
DEMO5K-3765,24,2,2,4,3,4,3,1,3,2,3,2,1,5,3,3,2,4,3,1,2,5,4,3,3,4,3,5,3,4,4,4,4,499270,0,1
DEMO5K-3766,26,2,3,3,3,5,3,2,4,3,3,2,1,1,3,2,1,2,1,1,3,2,2,2,2,3,4,3,2,3,3,2,3,491432,0,1
DEMO5K-3767,29,1,2,2,4,5,2,2,4,2,2,2,1,1,1,2,2,1,2,1,2,4,3,1,3,3,2,4,1,2,1,2,1,521774,0,1
DEMO5K-3768,35,2,2,4,4,3,2,4,2,2,3,4,1,3,2,4,3,3,2,1,2,2,1,1,2,2,3,3,2,3,3,3,5,469841,0,1
DEMO5K-3769,22,2,2,3,4,1,4,4,3,3,5,3,4,3,4,3,4,5,4,1,3,5,4,4,3,4,2,4,2,3,2,1,3,554064,0,1
DEMO5K-3770,23,1,3,4,3,3,4,2,5,1,1,3,3,3,2,2,2,4,4,1,2,3,1,3,2,1,5,4,1,2,2,1,2,477712,0,1
DEMO5K-3771,31,1,2,4,2,2,3,2,2,1,2,2,2,2,5,4,1,4,2,1,3,3,2,2,2,3,4,3,3,2,5,3,3,343849,0,1
DEMO5K-3772,34,2,1,5,2,4,2,1,3,3,2,2,3,2,2,4,2,4,2,2,3,2,3,2,3,1,2,2,1,3,3,2,2,578358,0,0
DEMO5K-3773,26,1,3,1,1,1,4,3,3,4,4,5,3,4,5,4,4,3,5,1,3,4,3,2,2,5,5,3,3,5,5,4,3,411680,0,1
DEMO5K-3774,31,2,3,2,4,1,5,2,4,4,3,3,1,1,1,1,1,3,1,1,3,3,3,2,3,4,1,1,2,2,2,1,1,559766,0,1
DEMO5K-3775,22,1,1,5,3,4,2,1,2,1,3,1,3,2,1,4,4,3,2,1,3,3,3,3,3,2,3,4,3,3,4,4,3,429659,0,1
DEMO5K-3776,17,1,2,2,3,5,1,2,3,4,1,2,2,3,2,1,2,1,2,1,1,2,4,2,1,1,2,2,1,1,2,3,2,485174,0,1
DEMO5K-3777,34,1,1,3,3,3,4,3,2,3,4,3,2,2,3,4,2,1,2,1,3,1,4,2,3,3,3,1,3,2,3,3,2,574808,0,1
DEMO5K-3778,24,2,1,5,3,2,4,3,2,4,2,3,5,4,2,5,5,3,4,1,2,4,4,1,2,2,3,4,2,3,2,3,3,584222,0,1
DEMO5K-3779,33,2,3,3,4,4,3,3,3,2,2,3,2,2,3,3,2,3,3,1,1,2,2,3,2,4,3,2,3,1,4,5,1,387711,0,1
DEMO5K-3780,17,2,3,4,2,4,1,1,5,2,4,2,3,2,3,3,3,2,2,1,1,2,3,4,3,1,4,2,4,4,5,5,5,338815,0,1
DEMO5K-3781,19,2,3,5,3,4,3,4,1,4,3,4,4,3,5,4,5,4,3,1,3,3,5,3,4,3,4,4,5,5,3,3,5,646605,0,1
DEMO5K-3782,23,2,2,4,4,4,2,2,3,3,3,2,2,3,2,3,3,2,3,4,3,2,3,4,2,4,4,4,4,3,4,4,4,446747,0,0
DEMO5K-3783,31,2,1,4,3,2,3,3,2,3,4,3,2,1,3,2,2,1,2,1,3,2,2,3,3,4,3,3,3,3,2,1,1,490154,0,1
DEMO5K-3784,22,2,3,4,4,4,3,2,3,1,2,3,3,2,3,4,3,3,3,1,3,1,3,4,2,1,3,3,3,2,1,2,2,436779,0,1
DEMO5K-3785,22,1,3,4,3,1,1,2,4,3,1,3,2,4,4,4,4,3,5,1,2,2,2,2,4,1,3,3,3,5,2,2,3,314741,0,1
DEMO5K-3786,35,2,3,3,1,3,4,5,2,5,4,4,4,5,3,3,4,3,4,1,4,2,3,3,4,3,5,4,2,3,2,5,4,383322,0,1
DEMO5K-3787,18,1,2,4,1,3,2,4,3,4,4,3,2,4,4,4,3,4,5,1,5,5,5,4,5,4,4,4,3,3,4,5,5,318059,0,1
DEMO5K-3788,25,2,3,2,4,5,2,2,4,2,1,3,2,5,2,4,3,3,3,1,4,4,4,5,5,4,2,2,3,2,2,2,3,439437,0,1
DEMO5K-3789,28,1,2,1,3,3,4,2,4,3,3,4,3,4,3,3,2,2,4,1,4,4,5,3,3,3,2,4,2,3,3,3,2,536623,0,1
DEMO5K-3790,25,2,2,1,4,3,3,4,4,4,4,3,4,4,3,5,4,4,5,1,3,4,4,4,5,5,4,4,4,4,3,4,4,300641,0,1
DEMO5K-3791,28,2,1,5,4,2,4,3,4,4,4,4,3,1,3,3,2,3,3,3,5,3,5,4,5,4,5,3,4,3,4,3,4,646349,0,0
DEMO5K-3792,33,1,2,1,2,4,4,3,3,2,4,2,4,2,2,2,3,2,3,1,1,2,2,2,4,3,4,2,2,1,1,1,2,596697,0,1
DEMO5K-3793,19,1,2,4,1,2,4,3,3,2,4,1,1,2,2,2,1,4,2,1,4,2,4,3,3,4,4,4,4,2,3,3,2,342015,0,1
DEMO5K-3794,27,2,1,1,3,5,2,2,1,3,1,2,3,4,4,4,3,2,2,1,2,2,3,3,4,5,3,3,3,3,2,2,4,392934,0,1
DEMO5K-3795,33,2,3,4,3,2,5,3,2,5,3,5,4,5,4,5,5,5,5,1,4,5,4,3,4,4,5,5,3,2,3,3,4,313759,0,1
DEMO5K-3796,29,1,3,1,4,4,3,2,4,5,4,2,1,1,1,1,2,1,2,1,1,4,4,3,3,2,1,2,1,1,1,1,1,445849,0,1
DEMO5K-3797,18,2,1,2,3,3,4,4,3,2,3,3,3,2,2,2,4,2,3,1,3,4,2,3,3,2,3,3,2,1,3,2,2,75874,1,1
DEMO5K-3798,34,2,2,3,3,2,2,4,4,3,3,2,1,2,4,4,5,3,3,1,5,2,4,5,4,5,4,4,5,4,3,2,3,589601,0,1
DEMO5K-3799,24,2,3,1,4,3,2,1,4,2,2,1,3,1,1,1,2,3,1,1,1,1,2,4,2,2,2,3,3,2,2,2,2,445272,0,1
DEMO5K-3800,32,2,1,2,3,4,1,2,5,1,1,2,2,2,1,2,1,1,1,1,1,2,1,1,1,3,1,2,1,3,2,2,4,479466,0,1
DEMO5K-3801,25,2,1,2,2,2,2,3,1,2,2,2,3,2,2,1,1,1,1,1,1,1,2,1,1,2,2,1,2,4,3,2,2,81954,1,1
DEMO5K-3802,28,2,2,5,4,3,2,4,3,5,5,3,4,5,5,4,5,2,4,1,3,4,3,5,4,2,4,5,3,4,5,3,4,650703,0,1
DEMO5K-3803,19,2,2,2,3,3,2,3,3,3,2,4,4,2,3,2,1,3,1,1,4,2,1,2,2,3,3,2,4,2,3,3,3,63365,1,1
DEMO5K-3804,33,2,2,4,3,3,4,4,4,3,4,4,3,3,3,3,2,2,3,1,5,2,3,4,3,1,2,1,2,4,3,2,2,65912,1,1
DEMO5K-3805,24,1,2,2,4,5,1,1,3,3,1,1,1,2,2,4,4,2,3,1,2,1,2,3,3,2,2,1,4,4,3,3,1,549743,0,1
DEMO5K-3806,32,2,2,3,4,3,2,1,4,1,2,1,3,1,4,2,2,2,2,3,2,4,2,3,3,2,3,4,2,3,5,4,3,692137,0,0
DEMO5K-3807,29,2,3,5,4,4,1,2,5,2,2,2,2,2,3,2,2,2,5,1,1,2,1,1,1,2,3,2,2,1,2,2,2,308418,0,1
DEMO5K-3808,26,1,3,3,3,1,4,3,1,3,2,3,3,3,1,2,2,4,2,1,4,1,1,2,3,3,1,2,2,1,2,2,3,355437,0,1
DEMO5K-3809,26,2,3,5,4,4,1,3,2,4,1,2,3,5,4,4,3,5,4,1,4,5,4,4,2,5,3,3,3,2,2,2,2,629487,0,1
DEMO5K-3810,24,1,1,3,3,4,1,2,3,2,4,1,3,4,2,4,4,4,3,1,4,4,5,5,5,3,1,1,2,3,1,1,2,689402,0,1
DEMO5K-3811,24,1,3,5,4,5,2,3,2,2,1,3,2,4,3,2,2,3,3,1,5,5,5,5,4,5,4,4,3,2,3,3,5,427370,0,1
DEMO5K-3812,23,1,2,2,3,4,3,4,4,5,3,3,5,4,4,4,1,4,3,1,2,1,3,4,3,4,3,4,5,4,3,5,4,407018,0,1
DEMO5K-3813,19,2,2,3,3,4,1,1,4,3,2,2,2,3,5,3,2,1,3,1,5,3,4,3,3,3,4,4,3,3,2,3,2,608529,0,1
DEMO5K-3814,18,1,2,3,1,3,3,2,4,2,2,4,4,4,5,4,3,4,3,1,5,2,3,4,3,3,1,1,3,4,1,2,1,301452,0,1
DEMO5K-3815,27,2,3,5,2,1,5,5,3,5,5,4,4,4,5,4,4,5,5,1,4,3,2,4,4,3,5,3,4,5,5,3,3,658188,0,1
DEMO5K-3816,21,1,1,4,3,2,5,4,2,4,3,3,4,1,4,3,2,1,3,1,1,2,1,2,1,1,3,2,3,4,3,3,2,546474,0,1
DEMO5K-3817,21,2,2,5,2,3,5,4,4,4,4,5,5,4,5,2,5,4,5,1,2,3,5,4,4,3,2,3,3,2,3,2,3,398580,0,1
DEMO5K-3818,26,1,2,3,3,4,2,3,4,4,1,2,3,1,3,3,3,2,3,1,4,2,4,3,4,3,4,2,3,3,4,4,3,597419,0,1
DEMO5K-3819,27,1,2,3,2,4,3,2,3,2,3,3,3,2,3,3,2,2,1,1,2,2,3,3,4,3,4,3,4,3,4,3,4,530938,0,1
DEMO5K-3820,25,1,3,3,1,4,4,4,1,4,4,5,5,4,4,3,4,3,2,1,4,4,1,3,4,4,3,3,5,4,2,3,5,678217,0,1
DEMO5K-3821,20,2,3,1,2,3,3,2,5,3,3,1,2,2,2,2,1,1,3,1,1,2,3,2,1,2,2,2,2,3,1,2,1,420817,0,1
DEMO5K-3822,25,2,3,1,3,5,1,1,5,1,1,1,2,2,2,2,1,2,3,1,3,3,3,1,4,3,4,4,1,2,1,1,3,684470,0,1
DEMO5K-3823,20,1,1,2,2,3,2,2,5,2,4,2,3,5,5,5,3,4,4,1,4,4,4,2,2,4,5,3,4,4,5,4,3,328437,0,1
DEMO5K-3824,18,1,3,4,3,4,4,4,3,1,2,3,4,4,4,4,5,4,3,1,3,2,1,3,3,4,3,5,5,3,4,4,5,475905,0,1
DEMO5K-3825,33,2,1,1,2,1,5,5,1,4,5,4,5,5,5,5,5,3,5,1,2,3,3,2,3,3,4,3,2,4,3,3,2,530714,0,1
DEMO5K-3826,26,1,2,1,3,3,2,3,3,3,3,3,3,2,1,3,2,3,2,1,2,2,2,4,1,4,3,3,3,3,3,4,4,68310,1,1
DEMO5K-3827,34,2,2,1,4,4,4,4,4,2,3,3,3,4,5,3,5,4,3,1,2,5,3,2,3,2,2,5,5,5,1,5,4,549142,0,1
DEMO5K-3828,17,2,3,2,3,4,1,2,4,3,1,1,2,1,1,2,1,2,4,1,2,1,3,2,1,3,2,1,2,1,2,3,1,608262,0,1
DEMO5K-3829,21,1,3,2,3,4,2,3,4,1,2,1,4,3,3,3,2,3,2,4,3,3,1,2,2,1,1,3,2,2,1,3,4,346100,0,0
DEMO5K-3830,31,2,1,4,3,5,2,3,3,1,2,2,2,2,3,4,1,1,2,1,1,1,2,2,2,1,4,4,3,2,2,3,1,633034,0,1
DEMO5K-3831,20,2,2,1,4,5,1,1,2,1,1,2,2,4,2,2,3,1,3,1,3,3,2,1,2,2,4,2,2,4,1,3,3,679671,0,1
DEMO5K-3832,31,1,3,4,2,3,4,3,3,4,4,4,5,5,5,4,4,3,5,1,4,4,3,3,3,4,4,5,2,3,3,4,4,669431,0,1
DEMO5K-3833,27,2,3,1,2,2,3,4,2,2,4,4,4,3,2,3,2,4,3,1,3,2,2,3,4,3,3,3,4,5,3,2,3,68957,1,1
DEMO5K-3834,33,2,3,1,3,3,3,2,5,3,3,4,4,3,4,3,4,4,2,1,4,1,3,4,4,2,2,2,2,2,1,1,3,385503,0,1
DEMO5K-3835,30,2,2,5,3,4,4,4,4,2,2,3,5,4,4,4,4,4,5,1,3,4,3,2,1,3,4,3,3,4,4,4,4,78201,1,1
DEMO5K-3836,19,1,3,3,3,4,2,3,2,2,4,3,3,2,2,3,1,3,4,1,5,4,3,3,3,1,3,3,5,2,4,3,3,690326,0,1
DEMO5K-3837,22,1,3,2,3,4,2,2,2,2,3,2,3,3,3,3,2,4,2,1,1,2,2,2,3,3,3,4,1,2,1,3,1,541267,0,1
DEMO5K-3838,31,2,3,5,3,4,2,2,5,3,1,1,3,3,3,3,2,2,2,1,1,1,1,1,1,2,1,1,1,3,3,1,1,473745,0,1
DEMO5K-3839,23,2,3,3,4,5,2,2,5,1,3,1,1,3,3,2,3,3,1,1,3,3,2,1,3,1,2,2,1,2,1,2,2,393096,0,1
DEMO5K-3840,30,2,3,3,3,3,5,5,1,4,2,3,5,5,5,4,4,5,4,1,4,4,4,4,3,3,4,3,5,3,4,3,3,367941,0,1
DEMO5K-3841,25,2,3,4,2,3,3,4,1,4,4,3,2,4,4,3,2,2,5,1,3,2,3,2,1,1,5,1,3,2,4,3,5,557529,0,1
DEMO5K-3842,21,2,1,4,3,2,1,3,3,1,3,2,4,5,3,1,4,4,3,1,3,4,5,4,3,2,4,2,1,3,4,3,2,66455,1,1
DEMO5K-3843,29,2,3,1,3,3,2,5,4,3,4,2,4,2,3,2,3,2,4,1,5,3,5,3,4,4,2,2,2,3,2,3,2,476835,0,1
DEMO5K-3844,19,2,3,2,2,4,2,3,4,3,4,2,3,3,3,3,2,3,3,1,5,3,5,4,4,5,4,3,4,2,4,3,2,533583,0,1
DEMO5K-3845,19,1,2,5,3,2,5,4,2,3,3,5,5,4,4,4,4,5,4,1,3,5,5,3,5,5,5,5,4,3,4,3,4,328311,0,1
DEMO5K-3846,32,2,3,3,2,3,3,4,1,4,4,3,3,3,2,3,3,3,1,1,4,5,4,5,4,5,4,5,3,3,4,3,4,515086,0,1
DEMO5K-3847,18,2,2,3,1,3,4,3,3,4,3,3,4,5,3,4,3,4,2,1,1,3,5,4,2,2,4,3,3,4,4,2,4,531782,0,1
DEMO5K-3848,25,2,2,5,1,3,4,4,1,5,5,5,4,3,3,4,2,5,3,1,4,4,5,1,4,3,5,5,5,5,5,5,5,567785,0,1
DEMO5K-3849,24,2,3,4,4,4,3,3,3,3,4,2,2,3,3,4,2,3,4,1,2,3,1,4,3,4,1,3,3,3,3,3,3,423412,0,1
DEMO5K-3850,29,1,2,4,2,5,3,2,4,2,1,2,3,3,2,1,4,3,3,1,3,3,5,2,3,2,3,3,5,5,3,3,4,541554,0,1
DEMO5K-3851,19,2,1,2,3,2,4,3,2,4,3,5,1,4,1,1,1,2,2,1,3,1,3,2,1,3,1,2,1,1,4,2,3,412283,0,1
DEMO5K-3852,21,1,3,1,1,2,3,4,3,4,4,3,4,3,3,4,5,5,5,1,4,2,5,4,3,4,1,2,3,3,1,3,3,532979,0,1
DEMO5K-3853,34,1,2,2,2,4,2,3,2,3,2,2,3,2,2,3,2,3,2,1,4,3,3,4,4,3,4,4,5,4,2,3,4,480642,0,1
DEMO5K-3854,27,2,2,4,3,4,1,3,3,2,2,3,4,1,3,3,2,2,2,1,3,2,3,1,2,4,2,4,2,4,3,1,2,535421,0,1
DEMO5K-3855,32,2,3,2,1,1,5,2,2,1,1,3,5,5,5,5,5,5,4,1,5,4,4,3,3,3,4,4,4,5,3,4,5,574775,0,1
DEMO5K-3856,21,2,1,3,3,1,5,4,1,4,4,5,5,4,4,3,4,5,5,1,4,4,5,4,4,5,3,5,5,5,3,3,4,496538,0,1
DEMO5K-3857,34,1,1,2,2,1,5,5,1,5,4,5,5,5,5,5,5,5,4,1,3,5,5,4,4,5,3,5,4,4,2,5,5,396782,0,1
DEMO5K-3858,21,1,3,1,4,2,1,2,4,2,2,5,4,4,5,5,4,5,4,1,3,3,1,3,3,4,5,3,4,3,5,2,4,634321,0,1
DEMO5K-3859,33,2,3,4,2,1,5,4,1,5,5,5,3,4,5,5,5,5,5,1,5,5,5,5,4,4,3,5,3,3,4,3,5,471081,0,1
DEMO5K-3860,21,2,3,4,2,1,4,4,2,5,4,3,3,4,3,4,4,3,3,1,3,3,4,2,4,5,4,3,4,5,3,4,2,307861,0,1
DEMO5K-3861,31,2,3,4,3,3,3,3,3,1,2,4,2,3,1,1,1,1,1,1,2,2,1,1,1,1,2,1,1,1,1,1,1,74065,1,1
DEMO5K-3862,17,2,1,4,4,3,2,3,3,3,3,2,3,3,5,4,4,3,2,1,5,4,4,5,3,4,3,2,3,3,3,5,2,692513,0,1
DEMO5K-3863,33,2,3,5,4,3,3,4,5,2,5,1,2,2,5,4,3,2,3,1,5,4,4,4,4,5,4,2,3,1,3,1,2,510669,0,1
DEMO5K-3864,30,2,1,3,3,5,2,3,4,3,2,3,3,4,4,4,5,3,4,1,5,3,4,4,3,2,3,3,4,4,3,3,3,347998,0,1
DEMO5K-3865,32,1,1,2,2,3,5,5,1,3,5,4,5,3,4,3,3,3,4,1,3,3,1,3,3,4,3,4,5,5,4,3,4,528467,0,1
DEMO5K-3866,23,2,1,4,2,2,3,2,2,3,3,4,2,1,3,3,3,1,1,1,1,2,4,2,4,2,2,5,5,4,4,4,2,329173,0,1
DEMO5K-3867,31,1,3,2,2,3,2,5,3,2,3,2,5,4,4,3,3,3,4,1,3,3,4,4,3,2,3,4,1,2,2,2,4,563790,0,1
DEMO5K-3868,31,2,3,1,2,3,3,1,3,2,3,3,2,2,3,2,3,2,3,1,3,4,3,3,3,3,2,1,2,3,2,3,2,445038,0,1
DEMO5K-3869,29,2,2,1,3,5,2,1,3,2,2,2,3,3,3,2,2,4,2,1,2,1,3,2,2,2,2,5,1,3,3,2,3,562254,0,1
DEMO5K-3870,21,2,3,2,3,2,4,4,4,4,4,5,3,5,2,4,4,5,5,1,1,3,2,4,3,3,4,3,4,3,5,2,3,617011,0,1
DEMO5K-3871,24,1,2,4,3,5,3,1,5,1,1,3,5,4,3,5,5,3,4,1,5,5,4,3,5,3,5,4,5,5,5,3,5,517627,0,1
DEMO5K-3872,34,2,2,1,2,5,2,3,3,2,2,1,3,1,2,1,1,1,2,1,3,3,4,3,4,3,2,2,1,2,2,1,1,320735,0,1
DEMO5K-3873,21,2,1,1,2,2,5,5,1,5,5,5,4,5,5,3,5,4,4,1,4,3,3,3,3,3,3,3,3,3,4,3,3,648397,0,1
DEMO5K-3874,21,2,2,1,3,2,3,3,3,4,2,2,3,4,3,3,3,4,3,1,2,1,1,2,2,1,3,2,2,4,3,2,3,481201,0,1
DEMO5K-3875,23,2,3,5,4,4,1,3,3,2,3,1,1,1,3,1,3,2,3,1,1,2,1,1,2,2,2,1,2,2,2,2,1,624089,0,1
DEMO5K-3876,24,2,2,3,2,3,4,2,1,3,2,2,3,3,4,4,4,5,2,1,2,4,3,3,5,2,3,3,2,4,2,4,3,329333,0,1
DEMO5K-3877,23,1,2,2,1,4,2,1,5,1,4,2,3,4,3,4,2,2,3,1,3,2,3,3,2,3,2,2,1,2,1,2,4,656086,0,1
DEMO5K-3878,22,2,3,1,2,3,4,2,3,1,3,3,5,4,3,5,5,2,3,1,3,3,5,4,3,4,2,1,1,1,1,3,2,529428,0,1
DEMO5K-3879,19,2,2,5,3,3,5,3,3,3,3,2,3,4,4,5,4,3,3,1,4,3,5,3,4,4,3,3,4,4,4,3,3,369587,0,1
DEMO5K-3880,23,2,2,3,3,3,4,1,3,4,3,1,4,2,4,3,2,3,3,1,2,4,4,4,5,2,5,4,4,4,5,5,4,595160,0,1
DEMO5K-3881,29,2,3,5,2,4,2,1,5,1,1,1,3,3,4,3,3,2,2,1,2,2,2,3,3,3,2,2,2,2,1,2,2,395180,0,1
DEMO5K-3882,19,2,1,2,3,4,1,4,5,1,1,2,1,2,2,1,2,2,3,1,1,1,1,1,1,2,1,1,1,2,2,1,1,607751,0,1
DEMO5K-3883,24,2,1,5,3,2,4,1,3,4,2,4,3,4,5,5,3,2,2,1,3,5,2,4,4,2,3,4,3,1,3,3,3,389208,0,1
DEMO5K-3884,35,2,3,5,4,2,3,3,3,4,3,3,4,4,4,3,5,2,5,1,2,5,3,2,3,4,4,5,3,5,3,4,3,557278,0,1
DEMO5K-3885,19,2,2,3,2,4,4,4,1,4,4,4,4,4,4,4,4,5,3,1,2,4,5,4,4,5,3,2,3,5,3,3,3,347586,0,1
DEMO5K-3886,26,2,2,1,3,4,3,2,3,3,3,2,4,3,3,3,2,2,3,1,1,3,2,1,2,3,2,3,1,3,2,2,2,450771,0,1
DEMO5K-3887,34,1,3,4,2,3,4,3,2,4,3,1,2,3,2,2,2,2,4,1,3,2,4,2,2,2,3,3,4,2,3,4,3,346157,0,1
DEMO5K-3888,20,1,1,1,4,5,1,2,3,2,2,1,1,2,2,1,2,1,1,1,2,2,3,1,2,1,1,2,2,2,1,2,1,513548,0,1
DEMO5K-3889,34,1,2,4,2,2,3,4,3,3,2,4,3,3,5,4,3,4,2,1,4,1,4,3,2,3,4,2,2,4,4,2,4,486206,0,1
DEMO5K-3890,29,1,2,3,3,3,5,4,2,5,5,5,2,3,1,4,2,4,3,1,3,3,3,5,4,3,3,5,2,4,3,4,3,308814,0,1
DEMO5K-3891,29,2,2,1,1,3,5,4,4,4,4,4,4,2,2,2,3,2,4,1,4,3,4,4,5,5,2,1,2,2,2,4,1,600048,0,1
DEMO5K-3892,21,1,3,3,2,4,2,3,3,3,3,4,3,3,4,2,2,2,3,1,3,2,4,3,3,1,2,4,1,1,1,2,3,403864,0,1
DEMO5K-3893,35,2,3,5,4,2,3,2,3,4,3,2,4,2,4,3,4,5,3,1,4,5,4,5,5,5,5,5,4,4,4,5,4,552172,0,1
DEMO5K-3894,29,1,3,4,3,2,4,3,1,5,4,5,3,4,2,4,5,3,3,1,5,5,4,5,4,3,3,4,5,3,4,4,4,73220,1,1
DEMO5K-3895,32,2,3,3,1,3,2,2,3,3,2,3,4,1,1,3,2,2,3,1,4,3,4,3,3,3,5,1,3,2,3,3,3,592220,0,1
DEMO5K-3896,21,2,2,3,4,2,2,5,4,2,3,3,3,5,2,5,3,2,3,1,3,2,4,3,3,3,5,5,3,4,5,5,3,596494,0,1
DEMO5K-3897,19,2,2,5,4,3,3,2,3,3,4,3,4,3,1,3,2,4,3,1,2,3,2,1,1,1,4,4,3,5,4,3,4,593352,0,1
DEMO5K-3898,25,1,1,5,3,2,4,3,2,2,3,3,2,5,5,3,5,4,4,1,4,4,3,3,3,3,4,3,4,5,4,3,4,615814,0,1
DEMO5K-3899,30,1,2,2,2,2,5,5,2,4,5,5,2,3,1,3,3,2,3,1,3,3,5,3,2,3,3,3,5,2,3,5,5,669990,0,1
DEMO5K-3900,25,1,3,5,4,2,3,3,3,5,4,3,3,4,2,4,2,4,3,1,3,5,3,4,2,4,1,3,1,3,2,2,2,301472,0,1
DEMO5K-3901,26,2,2,3,2,5,4,3,2,4,4,3,3,2,2,5,3,4,4,1,4,3,4,4,4,5,1,3,2,3,1,3,1,50413,1,1
DEMO5K-3902,35,2,1,5,2,5,3,2,4,1,4,3,2,3,2,3,2,2,2,1,5,5,4,2,1,3,3,3,3,5,3,4,4,354225,0,1
DEMO5K-3903,31,2,1,1,1,3,1,4,3,1,3,3,3,3,3,1,2,2,2,1,1,2,1,4,4,1,1,2,2,2,3,1,2,583862,0,1
DEMO5K-3904,24,2,1,1,4,5,1,2,5,3,2,2,3,4,4,5,3,3,3,1,3,2,1,3,3,2,4,2,4,5,3,3,3,639404,0,1
DEMO5K-3905,20,2,3,5,1,4,3,3,1,2,4,2,4,5,3,3,5,3,3,1,5,5,4,5,3,5,5,5,5,5,3,4,5,462360,0,1
DEMO5K-3906,25,1,1,5,1,5,1,2,5,1,1,1,1,1,1,2,1,1,2,1,1,1,3,1,1,3,1,2,2,1,2,1,2,303096,0,1
DEMO5K-3907,26,2,1,2,4,3,5,5,3,3,5,4,4,5,5,5,5,5,5,1,2,4,2,3,4,2,4,3,2,3,3,1,3,617303,0,1
DEMO5K-3908,19,2,3,2,4,2,3,3,5,3,3,4,3,5,4,3,2,5,2,1,4,3,4,1,2,4,4,3,2,1,3,4,3,580944,0,1
DEMO5K-3909,18,1,2,2,4,2,4,5,4,4,4,4,3,4,4,4,3,3,4,1,3,3,2,2,2,1,2,3,2,2,4,4,3,591940,0,1
DEMO5K-3910,21,2,2,1,3,3,2,1,3,2,4,2,3,4,4,4,4,4,3,1,3,2,4,2,2,2,4,3,3,2,3,2,3,651165,0,1
DEMO5K-3911,30,2,1,2,3,2,5,4,3,4,3,2,3,3,3,1,4,3,3,1,3,5,1,5,3,4,4,4,3,3,3,3,5,83663,1,1
DEMO5K-3912,23,2,2,5,3,3,3,3,3,4,5,3,3,3,2,4,2,2,2,1,1,2,3,3,2,2,4,4,1,3,1,1,1,306152,0,1
DEMO5K-3913,17,1,1,2,3,2,3,3,3,1,3,3,1,1,1,3,2,2,1,1,3,4,2,4,2,2,3,4,5,2,1,5,5,79045,1,1
DEMO5K-3914,34,1,1,5,4,3,3,3,4,3,3,2,4,4,3,4,4,5,4,1,4,2,4,3,2,3,1,1,2,2,1,1,2,475123,0,1
DEMO5K-3915,18,1,3,4,3,3,3,5,3,4,3,3,5,5,4,4,5,5,5,1,2,1,3,5,2,1,3,3,3,4,3,5,5,310379,0,1
DEMO5K-3916,26,2,2,1,3,5,2,2,4,3,2,4,3,2,2,4,3,4,2,1,2,1,4,1,1,2,3,2,1,2,1,1,1,454430,0,1
DEMO5K-3917,27,2,3,1,3,2,2,3,2,3,1,2,4,4,4,4,5,3,2,1,2,2,1,2,4,2,2,4,3,3,3,5,2,642275,0,1
DEMO5K-3918,20,1,2,1,3,1,4,3,2,4,4,4,3,3,4,4,3,2,3,1,2,5,3,3,2,2,3,5,3,4,2,5,4,376155,0,1
DEMO5K-3919,30,1,3,4,2,3,2,3,4,1,2,2,1,2,2,3,1,1,3,1,1,4,2,4,1,3,2,1,1,1,1,3,2,437597,0,1
DEMO5K-3920,35,1,3,5,3,1,4,4,1,5,4,4,4,5,4,2,2,4,4,1,4,3,3,2,4,4,5,3,4,3,3,1,3,664889,0,1
DEMO5K-3921,18,2,1,2,1,2,2,2,4,1,2,2,4,5,2,4,4,3,4,1,2,3,2,1,4,4,3,5,3,4,2,5,4,470310,0,1
DEMO5K-3922,26,2,2,3,1,2,3,3,1,5,4,5,2,1,3,2,4,2,2,1,3,4,5,5,4,5,3,5,2,4,4,5,2,620271,0,1
DEMO5K-3923,33,1,2,2,1,5,3,1,3,1,1,3,1,1,3,1,2,2,4,1,1,2,1,1,2,2,3,2,2,3,1,3,3,397659,0,1
DEMO5K-3924,19,1,2,3,3,2,3,3,2,4,4,5,4,4,3,3,3,5,4,1,5,1,4,5,5,4,4,5,4,4,4,3,3,386443,0,1
DEMO5K-3925,23,2,2,1,4,5,4,2,4,1,3,3,3,4,2,3,2,3,3,1,2,3,3,5,3,5,3,3,3,3,3,4,3,671442,0,1
DEMO5K-3926,29,2,2,3,3,2,4,4,1,5,4,4,3,3,1,5,4,3,4,1,2,3,3,2,4,2,5,3,4,4,4,2,3,434955,0,1
DEMO5K-3927,25,1,3,3,1,2,4,2,3,3,4,3,5,5,5,4,3,4,4,1,3,3,4,5,4,4,2,3,3,4,4,4,3,306508,0,1
DEMO5K-3928,22,1,3,2,3,3,4,1,4,4,4,1,3,3,3,3,4,3,5,1,2,2,3,3,2,1,4,3,4,2,4,3,2,385810,0,1
DEMO5K-3929,30,2,3,3,2,2,2,4,2,4,4,4,4,3,3,3,3,4,5,1,1,4,3,3,4,2,3,1,4,1,3,3,3,521833,0,1
DEMO5K-3930,30,1,2,3,4,3,3,2,2,2,3,3,4,4,4,3,4,4,2,1,3,3,1,2,2,2,2,3,4,3,4,4,1,430358,0,1
DEMO5K-3931,33,1,2,2,3,5,2,1,5,1,3,1,1,2,1,2,1,1,1,1,2,2,1,3,1,1,2,1,2,1,1,2,1,487654,0,1
DEMO5K-3932,35,2,2,3,1,3,4,3,4,2,3,4,3,5,2,5,4,4,4,1,2,3,3,3,3,3,4,4,3,5,3,4,3,52582,1,1
DEMO5K-3933,18,2,2,3,2,4,3,3,3,4,2,4,1,3,3,2,2,1,1,1,3,3,3,2,3,2,3,3,2,4,4,3,4,321952,0,1
DEMO5K-3934,29,1,2,3,4,4,2,3,3,3,3,2,2,1,2,3,2,1,2,1,1,3,1,1,2,2,3,2,2,3,3,2,1,434552,0,1
DEMO5K-3935,32,1,3,3,4,3,3,4,1,3,3,3,3,3,2,2,2,2,3,1,3,2,4,3,2,2,2,3,2,3,2,3,3,391437,0,1
DEMO5K-3936,33,1,3,3,3,4,1,5,3,3,3,3,3,1,1,2,2,1,1,3,3,3,5,4,4,3,2,4,4,3,3,3,3,515352,0,0
DEMO5K-3937,24,1,2,4,3,1,3,3,1,4,3,2,3,3,2,2,2,4,3,1,4,2,4,4,3,2,1,2,4,3,3,4,5,329236,0,1
DEMO5K-3938,34,2,2,5,3,4,3,3,5,2,1,3,2,2,2,4,2,1,4,1,1,3,3,1,1,2,2,3,1,1,1,1,1,653775,0,1
DEMO5K-3939,18,1,2,3,3,2,5,4,2,5,5,5,3,3,2,2,2,3,3,1,4,1,3,3,3,2,2,4,3,4,3,4,3,670054,0,1
DEMO5K-3940,35,2,2,1,2,4,2,2,3,3,4,3,2,1,3,2,2,4,3,1,1,1,2,1,1,1,3,3,2,2,2,2,3,486480,0,1
DEMO5K-3941,27,2,2,5,2,2,2,2,4,3,1,3,5,2,3,2,4,2,3,1,4,3,3,3,1,4,5,3,3,4,2,3,2,355138,0,1
DEMO5K-3942,28,2,2,1,4,3,4,3,3,4,4,2,3,2,5,3,3,4,4,1,4,4,3,2,3,3,3,3,3,2,3,4,1,573059,0,1
DEMO5K-3943,26,2,2,5,1,4,3,2,4,3,3,1,4,3,3,3,4,4,3,1,3,4,3,3,4,2,4,2,3,3,3,3,3,427537,0,1
DEMO5K-3944,22,2,2,2,2,2,4,5,2,3,4,5,5,5,3,4,4,5,5,1,3,4,4,4,4,4,5,5,4,5,5,4,5,688743,0,1
DEMO5K-3945,24,2,1,5,3,4,2,2,5,4,3,3,2,2,1,2,3,2,2,1,2,2,2,1,2,3,2,3,5,3,4,2,4,331600,0,1
DEMO5K-3946,28,2,3,2,1,4,1,2,2,2,3,3,3,3,3,2,3,3,2,1,4,3,5,3,4,2,2,2,2,2,2,1,2,656502,0,1
DEMO5K-3947,23,1,3,4,2,4,1,2,3,2,1,2,1,1,1,1,2,1,1,1,2,1,3,1,2,3,2,3,3,2,4,3,2,63151,1,1
DEMO5K-3948,20,1,2,5,4,3,1,3,5,2,3,2,1,2,3,4,2,1,3,1,4,2,3,2,2,4,2,1,3,3,3,1,3,549263,0,1
DEMO5K-3949,32,1,1,3,2,2,5,4,2,4,4,3,5,5,5,5,5,5,5,1,4,2,3,3,4,4,5,4,3,3,3,4,3,561806,0,1
DEMO5K-3950,24,2,2,3,1,3,3,4,4,4,3,3,4,4,5,5,4,4,3,1,5,4,5,4,5,5,4,3,4,4,3,3,4,383717,0,1
DEMO5K-3951,30,1,2,4,3,5,4,2,3,2,3,2,3,2,4,2,3,1,3,1,3,3,3,1,3,2,4,3,5,3,2,3,2,592822,0,1
DEMO5K-3952,22,1,1,2,3,2,2,2,5,3,3,3,2,2,2,2,1,1,4,1,4,2,1,1,2,4,3,1,3,2,2,1,2,64409,1,1
DEMO5K-3953,17,2,2,1,1,4,1,1,2,2,3,2,4,3,3,2,2,2,5,1,3,2,2,3,2,3,4,3,4,3,3,3,3,574533,0,1
DEMO5K-3954,29,1,2,4,2,4,2,4,1,3,4,4,3,4,3,4,4,3,3,1,3,5,4,3,3,3,3,2,3,3,2,3,4,572041,0,1
DEMO5K-3955,21,2,2,1,3,2,2,3,3,3,2,2,2,4,3,5,5,5,4,1,4,5,3,4,3,5,4,4,5,5,5,4,5,75915,1,1
DEMO5K-3956,28,1,2,3,3,2,3,2,3,3,4,5,4,5,5,4,4,3,3,1,4,5,3,4,4,3,1,1,3,4,3,3,4,650158,0,1
DEMO5K-3957,35,2,3,5,2,3,2,3,1,2,2,3,3,4,4,5,3,4,3,1,5,4,3,3,4,4,2,3,4,4,2,1,2,556098,0,1
DEMO5K-3958,20,2,2,2,3,5,3,4,3,1,2,1,2,2,3,3,2,2,3,1,5,4,4,4,5,4,1,3,4,1,2,1,1,325248,0,1
DEMO5K-3959,33,2,3,2,3,4,3,5,3,4,4,3,3,3,4,3,3,3,2,1,4,4,4,3,3,4,4,2,2,2,4,3,2,531462,0,1
DEMO5K-3960,29,2,1,1,2,2,4,5,4,3,3,3,4,4,4,3,3,3,5,1,4,2,3,2,4,3,4,3,4,2,3,3,2,623123,0,1
DEMO5K-3961,30,2,2,3,2,4,3,4,3,3,4,5,3,4,3,4,3,4,3,1,5,4,5,4,4,4,3,2,3,5,2,5,3,592465,0,1
DEMO5K-3962,24,2,3,5,3,4,2,5,4,2,3,3,3,1,2,2,3,1,2,1,2,3,3,2,3,2,2,1,1,3,1,2,1,462300,0,1
DEMO5K-3963,29,2,2,1,3,2,3,4,1,5,5,3,1,2,2,2,2,2,1,1,5,5,5,5,5,5,4,2,2,3,3,2,2,567357,0,1
DEMO5K-3964,22,2,3,1,3,1,5,2,1,3,4,2,2,3,2,3,2,2,3,1,2,3,2,4,4,1,3,2,2,2,2,2,2,475617,0,1
DEMO5K-3965,29,1,1,5,1,2,5,3,3,3,5,3,5,2,2,2,4,3,5,1,3,2,3,1,5,4,3,1,3,3,3,2,3,390910,0,1
DEMO5K-3966,33,2,1,4,3,2,3,3,4,4,2,3,2,3,2,2,2,4,4,1,2,3,2,2,3,2,4,4,3,5,4,3,2,592067,0,1
DEMO5K-3967,20,1,1,1,1,2,4,4,1,4,5,4,5,3,3,4,4,3,4,1,5,5,5,4,4,4,4,4,4,3,4,2,1,527017,0,1
DEMO5K-3968,26,1,3,4,3,1,5,5,1,4,5,5,5,3,3,4,4,4,4,1,5,5,5,5,5,5,3,4,4,3,3,5,3,358930,0,1
DEMO5K-3969,33,2,1,2,1,1,3,3,1,4,4,5,4,4,3,4,3,5,2,1,3,5,3,4,3,4,4,3,4,5,4,5,3,645100,0,1
DEMO5K-3970,22,2,2,2,2,4,2,3,3,2,2,4,3,4,4,4,3,2,4,1,4,4,4,5,3,5,2,2,3,2,3,3,3,346114,0,1
DEMO5K-3971,17,1,3,1,1,3,3,2,4,4,2,3,3,5,4,4,4,5,4,1,2,4,4,4,3,2,3,3,3,5,4,3,3,655509,0,1
DEMO5K-3972,23,1,1,1,3,3,5,4,1,4,3,5,3,3,4,5,4,4,2,1,5,4,5,5,5,3,5,4,4,5,5,4,5,373596,0,1
DEMO5K-3973,26,1,2,2,2,4,5,1,5,2,3,3,3,1,5,2,2,4,3,1,2,3,1,1,3,3,2,3,1,2,3,2,2,470234,0,1
DEMO5K-3974,34,1,1,3,3,3,4,5,2,2,3,4,1,3,2,3,5,4,5,1,4,3,3,3,4,4,3,3,3,4,2,1,3,435216,0,1
DEMO5K-3975,19,1,3,2,3,3,5,3,3,1,3,4,2,2,3,2,3,2,2,1,1,2,3,3,3,3,5,3,4,2,3,4,3,80694,1,1
DEMO5K-3976,26,1,2,2,3,4,2,1,4,2,4,2,4,1,1,2,3,3,1,1,3,1,1,2,3,4,3,4,2,2,4,4,2,654467,0,1
DEMO5K-3977,34,1,2,3,3,3,3,5,2,3,4,2,5,5,2,3,3,4,4,1,5,3,4,4,5,5,5,3,3,4,4,5,3,417709,0,1
DEMO5K-3978,32,2,2,4,2,4,3,3,3,3,5,4,5,5,5,5,3,4,5,1,3,3,2,5,4,4,5,4,3,4,4,2,3,644430,0,1
DEMO5K-3979,32,2,3,2,2,3,4,4,2,5,5,4,3,2,5,2,4,5,4,1,3,1,3,2,3,2,5,3,1,3,2,2,2,63169,1,1
DEMO5K-3980,30,1,3,2,4,3,2,1,5,1,1,2,3,2,2,2,1,4,2,1,1,1,3,2,2,2,2,2,2,1,2,2,2,358963,0,1
DEMO5K-3981,27,1,1,4,4,2,3,2,2,3,4,5,5,4,3,3,3,4,4,1,2,4,2,2,2,3,2,4,5,4,2,4,4,356079,0,1
DEMO5K-3982,32,1,2,5,2,3,1,1,4,2,3,4,3,3,1,2,4,4,3,1,5,3,5,1,4,2,2,3,3,5,1,1,2,76916,1,1
DEMO5K-3983,35,2,1,3,4,1,5,4,3,5,3,5,2,3,5,5,5,4,4,1,3,3,4,5,3,5,2,3,3,4,4,3,4,475773,0,1
DEMO5K-3984,28,2,2,4,3,5,2,2,2,2,4,3,2,1,3,1,3,1,1,1,1,3,2,2,2,1,3,2,2,1,2,3,2,683612,0,1
DEMO5K-3985,28,1,3,4,4,2,4,2,3,5,4,3,3,1,4,3,2,1,3,1,5,5,5,3,3,3,4,3,4,3,3,3,3,414871,0,1
DEMO5K-3986,24,2,3,5,4,3,3,4,4,3,4,3,4,3,5,4,5,5,4,1,4,4,5,5,4,5,2,2,3,2,1,3,2,354433,0,1
DEMO5K-3987,29,1,2,4,3,3,3,3,5,1,2,4,2,1,2,1,3,2,2,1,2,4,2,5,2,3,4,5,5,2,4,4,2,67450,1,1
DEMO5K-3988,18,1,1,3,3,5,2,1,5,3,1,3,1,2,2,2,2,1,1,1,3,2,1,3,1,1,1,4,1,2,2,2,1,401019,0,1
DEMO5K-3989,26,2,2,1,4,3,3,4,3,3,4,3,2,5,4,3,4,2,2,1,3,4,3,3,4,4,3,3,4,3,2,3,2,487908,0,1
DEMO5K-3990,21,1,3,2,2,2,5,5,1,3,4,3,4,5,2,4,3,2,4,1,5,3,4,5,5,3,4,5,4,3,5,4,5,525851,0,1
DEMO5K-3991,33,1,2,5,4,5,1,1,5,2,1,1,2,1,3,2,3,2,2,1,4,3,3,1,3,4,1,3,1,2,2,3,2,475342,0,1
DEMO5K-3992,20,1,1,3,4,5,1,1,5,1,1,2,3,3,5,5,2,4,2,2,2,2,2,3,3,2,1,1,2,3,4,3,4,476878,0,0
DEMO5K-3993,31,2,3,4,2,4,2,3,5,3,1,2,3,3,1,2,3,3,1,1,1,3,1,1,3,1,4,3,4,5,3,5,4,563637,0,1
DEMO5K-3994,24,2,2,2,3,3,3,2,2,2,3,3,4,4,3,2,4,2,3,1,2,5,3,3,2,3,3,4,3,3,4,5,3,571803,0,1
DEMO5K-3995,26,1,2,2,3,4,1,2,3,3,2,2,2,3,4,3,4,3,3,1,3,2,1,3,2,3,4,4,2,3,3,3,1,432888,0,1
DEMO5K-3996,33,1,1,3,3,4,1,1,2,2,2,2,4,1,5,2,3,3,2,1,1,2,1,2,1,1,1,2,2,1,1,2,2,46173,1,1
DEMO5K-3997,33,2,3,5,4,4,4,4,2,3,3,2,5,4,5,4,4,4,3,1,3,4,3,3,1,4,5,4,3,3,4,4,5,395748,0,1
DEMO5K-3998,31,2,2,1,2,4,2,1,5,2,2,2,3,3,3,4,2,3,3,1,5,4,3,3,5,2,1,1,2,2,1,2,1,593868,0,1
DEMO5K-3999,33,2,3,5,3,2,3,5,1,5,5,5,3,1,2,2,3,2,3,1,3,4,3,2,4,4,3,3,3,4,4,3,3,315830,0,1
DEMO5K-4000,26,2,2,4,3,3,5,3,2,4,5,4,5,2,1,3,4,4,3,1,5,5,5,4,3,4,3,4,4,4,2,4,4,515060,0,1
DEMO5K-4001,25,2,1,1,3,4,3,2,3,2,2,4,1,2,2,3,3,4,4,1,2,3,4,3,2,2,2,3,1,4,2,3,1,410811,0,1
DEMO5K-4002,34,1,3,1,2,4,1,1,4,1,1,1,4,1,2,2,3,2,3,1,2,2,1,1,1,2,1,2,1,1,2,1,1,350641,0,1
DEMO5K-4003,17,2,3,2,1,4,2,2,3,3,3,2,2,3,3,4,2,3,2,1,2,2,1,3,4,1,2,1,1,2,2,1,3,508272,0,1
DEMO5K-4004,19,2,3,3,3,3,4,3,2,2,3,2,3,3,3,2,2,1,2,1,1,2,1,1,1,3,4,3,2,2,3,3,4,636416,0,1
DEMO5K-4005,21,1,3,3,2,4,3,2,3,2,1,2,4,2,3,5,4,4,3,1,1,1,2,2,1,1,1,3,1,2,2,3,2,338875,0,1
DEMO5K-4006,31,2,3,3,3,5,1,1,4,1,1,2,4,3,3,3,2,3,2,1,2,1,1,1,1,1,4,3,3,2,3,3,1,341534,0,1
DEMO5K-4007,29,1,3,4,3,4,1,1,4,1,1,1,1,3,2,2,1,1,1,1,1,3,1,1,4,2,3,2,3,4,2,3,2,579141,0,1
DEMO5K-4008,25,2,2,4,2,3,3,3,4,2,3,2,3,3,4,4,4,4,3,1,1,1,2,1,2,4,1,3,1,2,3,5,1,313510,0,1
DEMO5K-4009,17,1,2,5,4,1,5,5,1,5,4,5,3,4,4,4,3,3,3,1,3,5,5,5,4,5,5,4,5,4,4,5,4,414207,0,1
DEMO5K-4010,22,2,2,4,4,4,3,1,5,2,1,1,3,1,4,2,2,3,2,1,3,2,2,1,2,1,2,1,1,1,3,1,2,374006,0,1
DEMO5K-4011,21,2,2,2,4,3,2,1,3,3,3,3,3,3,2,3,3,4,2,5,2,3,2,3,1,2,3,2,3,3,1,2,4,605903,0,0
DEMO5K-4012,25,2,1,2,4,5,2,1,4,2,3,2,2,3,2,2,3,3,5,1,1,2,3,2,2,1,2,2,1,2,1,1,2,441375,0,1
DEMO5K-4013,19,2,2,5,4,2,5,5,1,4,3,4,2,4,3,4,4,5,2,1,5,4,4,4,5,3,5,4,3,4,4,3,3,634364,0,1
DEMO5K-4014,29,2,2,1,4,3,4,3,2,2,4,3,2,2,1,3,3,4,3,1,5,2,3,2,3,4,4,5,5,5,4,5,5,526412,0,1
DEMO5K-4015,17,2,3,1,4,1,3,3,3,5,3,4,4,3,4,2,4,4,5,1,3,1,3,3,3,1,2,5,4,3,3,1,4,340482,0,1
DEMO5K-4016,19,1,3,5,1,4,3,1,3,3,4,1,2,2,2,2,1,1,2,1,2,1,3,2,2,2,2,3,2,2,4,2,3,595958,0,1
DEMO5K-4017,22,2,3,2,3,4,3,4,3,1,4,2,4,4,3,3,4,5,5,1,3,2,2,3,2,3,2,3,2,2,3,1,3,422983,0,1
DEMO5K-4018,29,1,1,4,3,3,5,5,1,5,5,5,3,5,3,5,3,4,3,1,4,4,3,3,2,4,3,3,2,3,2,2,3,497663,0,1
DEMO5K-4019,23,2,2,3,4,3,4,3,1,3,4,3,2,1,4,4,3,1,3,4,3,2,5,3,5,3,2,4,3,3,4,1,3,57002,1,0
DEMO5K-4020,20,1,2,5,2,3,3,3,3,3,3,2,2,3,2,4,2,3,1,1,2,1,2,1,1,1,2,1,2,1,3,2,3,551127,0,1
DEMO5K-4021,22,2,3,2,1,3,1,1,5,2,3,1,1,4,2,3,1,2,2,1,1,1,2,3,1,1,2,1,1,2,1,3,3,554586,0,1
DEMO5K-4022,32,2,3,4,2,3,4,4,1,2,1,3,3,5,3,3,4,5,4,1,2,2,1,2,1,1,2,3,3,2,3,3,3,684155,0,1
DEMO5K-4023,18,2,3,2,3,3,3,3,4,2,3,2,2,2,3,2,4,4,4,1,4,4,2,2,2,2,3,3,3,3,3,3,4,373498,0,1
DEMO5K-4024,33,2,3,1,2,3,3,5,3,4,5,3,4,3,3,3,3,4,4,1,2,5,5,5,5,3,4,4,5,5,3,5,4,574625,0,1
DEMO5K-4025,31,2,2,2,4,5,3,2,2,2,4,2,3,1,4,2,3,3,3,1,3,2,3,3,4,2,4,2,2,3,3,3,1,477520,0,1
DEMO5K-4026,18,2,3,4,4,3,4,3,2,3,5,5,3,2,3,2,4,3,3,1,5,3,3,4,3,3,4,4,4,5,5,2,5,665490,0,1
DEMO5K-4027,31,2,2,3,4,3,3,4,3,4,1,3,2,2,5,2,2,4,2,1,3,4,4,2,1,2,4,3,4,3,4,3,4,378737,0,1
DEMO5K-4028,24,1,1,4,4,2,4,2,2,4,3,3,1,4,3,3,3,2,2,1,2,2,4,1,4,1,2,3,2,3,3,2,1,691941,0,1
DEMO5K-4029,26,2,2,3,2,3,3,3,3,5,2,3,2,4,3,4,2,5,3,1,3,1,1,1,3,3,3,2,4,3,4,4,1,592916,0,1
DEMO5K-4030,32,2,2,4,3,1,3,5,2,5,3,4,4,3,3,3,4,2,4,1,5,4,5,5,5,4,5,5,4,5,5,5,5,381999,0,1
DEMO5K-4031,23,1,1,5,3,3,4,4,4,3,5,5,2,2,4,2,3,2,2,1,5,4,4,5,5,4,3,4,4,4,5,3,3,427562,0,1
DEMO5K-4032,20,1,2,1,4,5,2,1,5,2,2,1,2,3,2,1,2,2,1,1,2,2,2,4,3,2,4,3,3,1,1,2,2,343403,0,1
DEMO5K-4033,23,2,1,4,3,4,3,4,2,3,4,4,2,4,3,2,1,3,3,1,5,5,3,3,3,4,3,2,1,3,3,3,2,339463,0,1
DEMO5K-4034,33,1,1,4,2,4,3,4,4,5,4,3,3,2,2,5,2,5,4,1,3,4,2,3,2,4,3,4,4,4,3,3,4,83816,1,1
DEMO5K-4035,24,1,2,4,2,2,3,4,4,3,3,2,3,5,4,5,3,5,4,1,5,4,3,5,3,3,4,3,3,3,4,4,3,56500,1,1
DEMO5K-4036,27,2,3,5,1,3,4,3,4,3,2,3,1,2,2,2,2,2,2,1,2,3,3,4,3,3,3,5,3,3,3,3,3,642905,0,1
DEMO5K-4037,18,2,3,4,4,2,2,2,1,1,2,3,2,4,3,3,2,2,3,1,2,2,1,1,1,2,1,2,1,1,2,2,2,491935,0,1
DEMO5K-4038,35,2,2,1,2,3,4,3,2,4,4,4,3,3,3,2,2,3,3,1,3,3,3,2,3,3,3,1,3,3,3,4,5,334131,0,1
DEMO5K-4039,33,2,3,4,2,3,3,3,5,3,4,3,4,5,4,4,3,4,5,1,2,3,2,3,4,3,4,2,3,4,5,5,4,444294,0,1
DEMO5K-4040,17,2,3,1,3,2,4,5,2,4,4,4,4,3,2,1,4,3,2,1,3,3,3,3,2,3,3,3,3,3,3,5,3,699363,0,1
DEMO5K-4041,25,1,2,2,1,3,2,3,5,2,4,2,1,1,2,3,2,1,2,1,3,1,2,1,2,1,1,3,3,1,2,2,2,444258,0,1
DEMO5K-4042,21,2,1,5,2,4,2,3,5,2,4,2,1,3,3,4,1,3,2,1,2,5,4,4,4,3,2,2,3,3,4,3,3,520600,0,1
DEMO5K-4043,32,2,2,1,4,3,2,2,2,4,4,2,3,2,1,2,1,2,1,1,2,2,1,3,3,3,1,1,3,2,1,1,4,540680,0,1
DEMO5K-4044,35,2,3,1,3,5,3,3,3,3,3,3,3,1,1,1,2,1,1,1,3,3,3,2,3,4,3,4,3,1,2,1,2,561572,0,1
DEMO5K-4045,34,2,2,5,4,5,3,3,1,2,4,2,2,3,1,5,4,5,4,1,4,3,2,4,5,4,4,3,2,4,4,3,3,608714,0,1
DEMO5K-4046,35,1,3,3,3,3,3,2,2,1,1,2,4,2,4,2,2,1,2,1,3,4,4,4,2,3,2,2,3,3,4,1,3,659981,0,1
DEMO5K-4047,32,1,3,2,3,5,1,1,5,2,3,1,3,1,1,3,2,2,2,3,3,3,3,3,1,3,1,1,1,1,3,2,1,418310,0,0
DEMO5K-4048,31,1,1,5,3,4,3,1,4,3,2,3,2,4,4,4,2,5,4,1,3,3,3,3,4,3,3,5,5,4,5,4,3,570751,0,1
DEMO5K-4049,27,2,1,3,3,4,1,3,4,3,2,3,2,4,4,3,4,4,3,1,3,4,3,3,5,4,2,1,2,2,3,3,2,377549,0,1
DEMO5K-4050,24,1,2,4,4,3,4,5,1,5,3,5,3,4,3,4,3,4,5,1,2,2,2,1,3,3,4,3,3,5,4,4,5,481510,0,1
DEMO5K-4051,32,2,1,1,3,4,4,5,1,5,4,5,4,4,4,5,4,5,4,1,3,3,3,3,3,4,5,4,5,5,5,5,4,402685,0,1
DEMO5K-4052,27,2,2,2,4,3,5,4,2,3,4,3,3,3,2,2,2,1,1,1,2,3,2,3,3,4,2,3,3,2,4,1,1,617772,0,1
DEMO5K-4053,20,2,1,4,2,3,2,4,4,3,3,1,3,1,3,3,2,3,2,1,4,3,3,2,3,1,2,1,3,4,4,3,3,633980,0,1
DEMO5K-4054,20,1,2,5,2,3,2,4,3,4,3,4,3,2,4,3,5,4,4,1,5,4,4,2,3,1,2,2,2,3,3,2,4,579285,0,1
DEMO5K-4055,32,2,3,3,3,4,3,2,5,1,2,5,3,4,3,4,4,5,4,1,2,1,4,3,2,3,1,2,4,3,2,2,3,316898,0,1
DEMO5K-4056,27,1,1,4,2,5,2,1,4,3,3,4,5,5,4,5,5,4,4,1,3,3,4,3,3,3,5,3,4,4,4,4,5,546531,0,1
DEMO5K-4057,34,2,1,3,3,3,2,2,4,1,2,1,5,2,3,3,1,4,3,1,2,3,2,3,2,2,5,4,2,5,2,4,4,407781,0,1
DEMO5K-4058,20,2,1,5,2,1,5,5,1,4,5,5,3,3,3,5,5,4,4,1,5,3,5,4,5,5,2,4,3,4,4,4,4,390706,0,1
DEMO5K-4059,19,2,2,4,1,1,5,2,4,5,4,5,4,4,5,4,3,4,5,1,5,3,5,4,4,3,5,4,4,3,5,4,2,653181,0,1
DEMO5K-4060,25,2,2,1,2,3,3,4,4,4,4,2,3,3,4,3,2,4,2,1,4,2,2,2,3,3,3,1,2,2,3,3,3,581625,0,1
DEMO5K-4061,26,1,1,2,2,2,3,2,4,1,1,1,1,2,2,2,1,1,2,1,2,3,3,2,2,4,3,5,3,5,4,4,4,568983,0,1
DEMO5K-4062,33,2,2,5,4,4,3,3,4,4,3,3,4,3,3,4,4,5,5,1,2,3,3,3,3,3,3,3,3,3,2,3,3,492372,0,1
DEMO5K-4063,29,1,2,5,2,2,4,4,1,4,5,4,5,4,5,5,5,5,5,1,4,5,4,5,4,5,5,3,5,4,3,5,4,661176,0,1
DEMO5K-4064,18,2,3,4,3,4,1,1,5,1,2,1,1,2,1,1,1,1,1,1,2,1,2,3,1,2,4,3,3,1,2,2,2,654700,0,1
DEMO5K-4065,32,1,2,3,3,1,4,2,2,5,5,4,5,2,2,2,3,3,3,1,2,4,4,3,2,3,2,2,4,4,3,3,4,383461,0,1
DEMO5K-4066,34,2,1,2,1,5,1,4,4,2,2,2,2,3,3,3,3,3,5,1,2,2,3,3,2,2,2,2,4,2,1,3,1,78349,1,1
DEMO5K-4067,18,1,3,3,1,3,4,2,3,4,1,3,4,5,3,2,1,3,3,1,4,4,5,4,4,3,5,3,4,5,5,5,5,326648,0,1
DEMO5K-4068,20,1,1,1,3,3,1,4,4,2,1,1,2,3,2,2,3,1,2,1,3,2,2,2,3,3,2,1,2,1,1,3,1,600988,0,1
DEMO5K-4069,32,2,3,4,4,5,3,4,2,2,4,2,2,4,3,3,4,2,1,1,3,3,4,2,3,4,4,4,4,4,3,2,3,369012,0,1
DEMO5K-4070,27,2,1,3,3,4,1,2,3,3,2,2,3,1,2,3,4,3,4,1,2,2,2,3,2,3,3,3,2,2,3,3,3,610344,0,1
DEMO5K-4071,28,1,2,1,3,2,5,4,1,3,4,3,5,4,4,4,3,4,4,1,4,5,5,4,4,3,2,3,4,5,5,3,4,83146,1,1
DEMO5K-4072,30,2,2,5,2,2,3,3,3,2,5,3,3,4,4,4,4,5,3,1,5,4,4,4,4,4,3,2,4,1,2,2,1,523761,0,1
DEMO5K-4073,17,2,2,1,4,3,3,3,4,4,2,4,2,3,2,2,2,3,3,1,3,3,5,5,3,4,3,3,1,4,2,2,2,688992,0,1
DEMO5K-4074,33,2,3,4,3,4,2,1,5,1,2,2,4,3,2,2,3,2,2,1,2,1,1,2,2,3,3,3,2,1,3,3,2,526322,0,1
DEMO5K-4075,33,2,2,4,4,2,3,5,3,3,3,2,3,3,3,1,1,2,1,1,3,3,2,3,3,3,3,2,3,4,4,3,3,355660,0,1
DEMO5K-4076,21,2,3,4,3,2,4,5,1,5,4,4,4,5,5,5,4,5,5,1,5,4,4,5,4,5,4,5,5,5,5,3,5,465598,0,1
DEMO5K-4077,20,2,3,3,3,5,3,2,3,3,1,1,1,3,1,2,4,2,2,2,5,4,3,4,2,5,2,1,1,1,1,1,2,653081,0,0
DEMO5K-4078,17,1,3,3,4,3,4,4,2,5,5,5,2,2,1,2,3,2,3,1,5,3,3,4,5,3,2,4,2,4,2,3,1,327956,0,1
DEMO5K-4079,31,1,2,2,4,1,3,3,1,4,3,5,3,1,2,4,1,3,3,4,4,5,4,3,4,3,3,3,4,3,3,2,3,59975,1,0
DEMO5K-4080,17,2,1,4,4,3,2,2,4,2,2,1,2,2,2,2,1,2,2,1,2,1,1,2,1,3,2,1,2,1,3,1,2,416900,0,1
DEMO5K-4081,30,2,1,2,4,3,4,4,1,4,4,3,5,5,4,5,5,4,4,1,4,3,2,3,4,5,3,3,3,2,4,3,3,637936,0,1
DEMO5K-4082,17,1,2,4,1,3,1,4,3,4,3,4,3,4,3,3,3,3,3,1,5,4,3,5,5,3,4,3,2,4,1,2,2,522178,0,1
DEMO5K-4083,22,1,3,3,3,2,4,4,2,3,5,4,4,5,5,4,4,3,3,1,4,4,3,5,3,4,3,3,4,4,5,3,3,452265,0,1
DEMO5K-4084,25,1,2,4,3,3,4,5,1,4,5,4,4,1,3,3,5,3,3,1,5,4,5,5,5,3,3,2,3,3,3,2,3,53262,1,1
DEMO5K-4085,27,2,2,5,3,5,3,1,4,4,2,3,2,3,2,4,5,4,1,1,3,2,3,4,3,4,3,2,5,2,4,4,3,313602,0,1
DEMO5K-4086,23,2,2,5,2,3,3,3,3,4,4,4,1,4,1,1,1,1,2,1,1,2,2,2,2,1,3,2,4,3,4,1,3,485486,0,1
DEMO5K-4087,30,1,1,2,4,4,2,2,4,1,1,1,3,4,3,4,4,4,4,1,1,2,3,1,1,3,2,2,1,1,2,4,3,341438,0,1
DEMO5K-4088,29,1,3,2,3,2,3,4,1,4,4,5,4,3,3,2,3,2,5,1,5,5,5,3,4,5,2,4,4,4,4,3,5,350590,0,1
DEMO5K-4089,19,2,2,2,3,4,4,3,3,3,4,2,4,4,4,4,4,4,4,1,3,2,2,3,3,3,3,4,3,3,3,2,3,603307,0,1
DEMO5K-4090,30,2,3,5,1,2,3,4,3,3,2,3,1,1,3,1,3,3,1,1,2,3,2,2,1,2,2,3,2,4,1,2,4,655058,0,1
DEMO5K-4091,32,1,3,4,4,2,2,3,3,5,3,3,4,2,2,4,3,3,3,1,3,2,3,4,3,3,2,1,1,3,2,2,2,350682,0,1
DEMO5K-4092,30,2,2,2,2,3,5,4,2,5,5,5,1,3,2,4,5,2,2,1,2,1,2,3,2,3,4,3,2,4,3,3,4,459868,0,1
DEMO5K-4093,31,2,3,3,3,5,1,2,5,1,2,3,1,2,2,2,3,2,1,1,1,2,1,1,1,1,2,1,1,2,1,2,1,54651,1,1
DEMO5K-4094,17,1,2,1,1,3,4,3,2,5,4,2,4,5,4,3,3,5,4,1,3,2,4,3,5,3,5,4,5,4,3,3,1,367422,0,1
DEMO5K-4095,29,2,2,4,2,1,3,4,2,3,3,3,5,4,4,4,5,4,5,1,3,2,3,4,4,3,3,4,2,3,4,4,2,64616,1,1
DEMO5K-4096,34,1,1,4,4,3,3,3,3,3,3,4,3,3,3,3,1,3,3,2,3,3,4,2,5,3,3,4,3,3,3,3,3,328089,0,0
DEMO5K-4097,25,1,3,1,2,5,2,3,4,4,1,3,4,5,4,3,2,3,3,1,5,5,3,4,3,5,5,5,5,4,4,5,5,631450,0,1
DEMO5K-4098,18,2,3,1,3,3,3,4,3,2,3,2,5,5,5,4,4,4,3,1,3,4,5,4,4,3,4,3,5,3,3,4,1,580880,0,1
DEMO5K-4099,24,2,3,3,3,3,1,3,3,1,2,2,3,4,3,2,4,2,3,1,4,5,5,3,5,4,4,4,4,5,3,3,3,335540,0,1
DEMO5K-4100,26,2,3,3,3,3,3,4,5,1,3,2,4,5,4,4,5,3,5,1,5,4,3,4,4,2,2,3,4,3,3,4,4,695550,0,1
DEMO5K-4101,20,1,3,3,2,3,4,3,4,3,3,2,2,2,2,4,2,3,3,1,4,3,2,3,1,2,3,2,3,3,4,4,2,460927,0,1
DEMO5K-4102,17,2,2,2,3,5,1,4,2,4,3,2,3,3,3,5,3,2,3,1,2,1,1,2,2,2,3,4,2,2,3,2,5,601239,0,1
DEMO5K-4103,32,2,1,5,1,2,3,2,5,4,2,2,3,2,1,4,2,2,1,1,3,1,2,2,3,2,3,3,4,3,1,2,3,565583,0,1
DEMO5K-4104,35,2,3,3,3,1,1,3,2,4,4,3,4,4,4,2,4,4,4,1,3,5,4,3,3,3,4,3,1,4,2,4,3,624019,0,1
DEMO5K-4105,31,2,1,1,2,2,5,3,3,1,4,4,5,5,4,3,4,3,5,1,5,2,4,1,2,1,4,2,4,3,3,1,5,450118,0,1
DEMO5K-4106,26,2,2,4,4,4,1,2,4,2,3,3,3,3,2,3,3,3,4,1,3,2,3,2,4,2,2,3,3,2,2,2,3,428983,0,1
DEMO5K-4107,18,2,3,2,4,5,2,2,4,4,4,3,2,1,1,4,2,1,4,1,2,3,2,1,3,2,3,2,3,2,4,1,2,49354,1,1
DEMO5K-4108,21,2,1,1,2,4,2,4,2,2,3,2,2,4,2,2,4,3,2,1,4,2,3,4,4,2,3,3,2,2,3,3,3,600800,0,1
DEMO5K-4109,18,2,2,3,2,2,3,3,1,5,4,2,4,2,4,4,3,5,2,1,4,4,3,5,5,3,3,1,3,4,5,2,3,457338,0,1
DEMO5K-4110,27,2,1,2,4,2,3,1,4,2,2,3,2,1,2,4,2,1,2,1,2,2,2,3,3,4,2,3,4,4,3,3,3,649886,0,1
DEMO5K-4111,26,1,2,4,3,1,3,3,2,5,3,4,3,5,3,4,3,4,4,1,5,5,5,3,5,3,3,5,4,5,4,3,3,344022,0,1
DEMO5K-4112,30,2,1,4,1,3,4,3,4,5,4,5,3,3,5,2,1,2,3,1,2,3,2,4,2,2,3,2,4,2,4,2,1,322229,0,1
DEMO5K-4113,27,1,2,5,2,1,4,5,3,3,4,5,3,5,2,3,4,3,1,1,4,4,3,5,3,3,4,4,4,4,5,4,5,392389,0,1
DEMO5K-4114,25,2,2,5,3,3,2,5,1,3,2,3,2,4,4,4,3,3,2,1,4,2,4,4,4,4,5,3,3,4,4,4,5,605242,0,1
DEMO5K-4115,32,2,2,3,2,2,5,2,1,4,3,4,4,5,5,4,3,4,4,1,3,2,4,4,2,2,2,3,2,2,2,4,2,60460,1,1
DEMO5K-4116,35,2,2,2,4,4,3,2,5,2,3,2,2,3,4,1,2,3,2,1,3,3,3,4,3,2,3,2,3,2,1,1,1,359132,0,1
DEMO5K-4117,17,1,1,3,2,2,5,5,4,5,4,3,4,3,5,3,4,3,3,1,5,5,4,5,5,5,4,4,5,3,5,3,4,418268,0,1
DEMO5K-4118,28,2,2,4,2,2,5,5,2,4,4,3,5,4,4,4,4,2,5,1,4,4,5,4,4,5,3,5,4,4,3,4,5,567990,0,1
DEMO5K-4119,30,2,2,2,3,1,4,4,2,4,3,4,5,5,4,5,3,4,4,1,4,3,4,4,4,3,5,5,5,5,4,5,3,379541,0,1
DEMO5K-4120,31,1,3,1,3,4,1,1,5,1,1,2,3,3,1,3,2,2,1,1,1,1,1,1,1,1,1,1,4,1,1,3,2,619681,0,1
DEMO5K-4121,29,1,2,5,3,1,4,4,3,4,3,4,4,1,3,1,1,4,3,1,3,2,3,2,3,2,1,2,3,1,1,2,2,635480,0,1
DEMO5K-4122,20,2,2,2,1,5,2,1,3,2,2,3,2,2,3,4,2,1,2,1,2,3,4,2,4,4,5,3,4,1,1,3,4,621946,0,1
DEMO5K-4123,17,1,1,5,4,4,3,3,4,3,3,4,3,3,3,1,2,1,3,1,4,3,4,4,4,3,3,5,3,4,4,4,4,603374,0,1
DEMO5K-4124,31,2,2,1,3,5,4,4,2,3,2,4,3,3,1,3,4,5,3,1,5,3,2,5,3,3,2,3,4,3,4,2,3,486991,0,1
DEMO5K-4125,17,1,1,5,4,4,1,2,5,1,2,1,1,1,1,1,1,1,1,1,3,2,2,2,1,2,1,2,2,1,1,1,1,75923,1,1
DEMO5K-4126,30,1,3,2,2,3,1,3,4,2,3,2,2,1,3,2,3,1,1,4,3,3,3,3,1,3,4,3,3,4,4,5,2,661468,0,0
DEMO5K-4127,29,1,2,4,4,3,5,3,2,3,5,4,2,2,2,1,3,3,2,1,3,1,2,3,2,5,3,4,4,4,2,3,2,418921,0,1
DEMO5K-4128,33,2,2,2,2,4,2,1,5,1,2,1,2,5,1,4,2,2,1,1,2,2,2,2,4,3,3,4,3,5,3,3,4,504383,0,1
DEMO5K-4129,29,1,2,1,4,2,2,1,1,4,3,2,3,3,5,3,4,3,3,1,4,5,4,2,4,3,3,4,4,4,4,4,2,333188,0,1
DEMO5K-4130,26,1,1,4,4,3,3,3,2,4,3,3,1,2,1,1,2,3,2,1,2,3,1,1,3,3,1,1,4,1,2,4,1,556428,0,1
DEMO5K-4131,26,2,3,2,4,3,3,5,2,5,3,3,5,5,5,3,3,5,4,1,3,5,4,3,4,4,5,5,5,5,4,4,4,415869,0,1
DEMO5K-4132,32,2,3,4,1,4,2,2,5,4,5,1,3,4,4,5,3,5,5,1,5,5,5,4,4,4,2,4,3,3,3,2,1,407967,0,1
DEMO5K-4133,25,1,2,3,3,2,5,5,2,3,5,4,5,5,5,5,4,4,5,1,3,4,3,3,4,5,3,4,3,4,3,1,3,309101,0,1
DEMO5K-4134,30,2,3,5,1,3,3,4,2,4,2,3,4,3,4,4,4,3,4,1,5,4,3,4,5,5,5,5,3,5,5,5,5,484325,0,1
DEMO5K-4135,22,2,2,5,3,4,2,2,3,1,4,1,4,5,2,3,3,3,3,1,2,5,1,3,2,2,2,1,1,3,2,3,1,50012,1,1
DEMO5K-4136,27,1,2,3,1,2,1,3,4,3,2,5,5,3,2,4,2,3,4,2,3,3,3,4,3,5,4,3,3,4,3,4,5,344838,0,0
DEMO5K-4137,35,2,1,1,2,2,4,5,3,4,3,3,2,4,3,5,4,3,4,3,4,4,5,2,4,3,2,4,3,3,4,5,3,578543,0,0
DEMO5K-4138,35,1,2,4,1,4,2,4,4,2,2,4,1,1,2,1,3,2,2,1,1,1,3,3,3,4,1,2,1,1,1,2,1,550826,0,1
DEMO5K-4139,25,1,3,5,3,4,3,2,2,4,3,2,2,1,2,2,1,1,2,1,3,4,1,2,3,2,3,2,3,1,4,4,2,580241,0,1
DEMO5K-4140,28,2,2,5,3,2,2,2,3,1,2,1,3,2,4,4,5,4,4,1,1,2,2,3,3,3,3,2,2,5,4,1,2,321560,0,1
DEMO5K-4141,32,2,1,1,4,1,4,4,1,5,5,3,5,3,5,4,3,5,3,1,3,4,5,4,5,4,3,1,3,5,5,2,5,373781,0,1
DEMO5K-4142,25,2,2,2,3,2,4,4,2,5,2,3,3,3,4,4,5,5,5,1,4,2,5,3,3,3,2,2,3,2,1,3,4,335083,0,1
DEMO5K-4143,18,2,3,2,2,2,2,1,5,2,2,3,4,1,2,1,3,2,2,1,2,2,2,4,1,1,2,4,2,2,2,2,4,404832,0,1
DEMO5K-4144,19,2,3,3,3,3,3,3,3,3,2,4,3,4,3,2,2,3,2,1,1,2,2,3,2,2,3,2,4,2,4,3,3,57472,1,1
DEMO5K-4145,19,1,2,1,3,4,5,5,2,3,4,3,3,2,1,3,3,2,1,1,2,3,3,3,3,2,3,2,1,3,2,3,2,65128,1,1
DEMO5K-4146,25,1,1,2,2,5,2,4,4,1,1,4,3,4,4,4,1,3,5,1,5,2,5,5,4,5,5,4,3,4,2,4,4,380864,0,1
DEMO5K-4147,32,1,2,3,3,3,4,3,5,4,4,3,3,4,4,5,3,3,3,1,3,5,4,3,2,3,5,5,3,5,4,3,4,595224,0,1
DEMO5K-4148,20,1,2,4,3,5,4,2,2,5,3,1,3,3,2,3,1,2,4,3,4,3,2,3,2,4,3,3,3,2,2,2,2,657596,0,0
DEMO5K-4149,23,2,2,3,2,5,1,2,5,1,2,2,1,3,4,2,2,2,2,1,3,3,2,3,2,3,2,3,4,4,2,3,3,61898,1,1
DEMO5K-4150,24,1,1,2,3,3,1,3,3,2,3,3,3,4,3,2,3,4,3,4,3,3,3,3,3,1,3,4,3,2,3,3,3,501822,0,0
DEMO5K-4151,27,1,3,4,2,3,2,2,2,3,3,3,5,5,5,5,5,5,4,1,5,3,3,3,4,5,4,3,3,5,2,3,3,562072,0,1
DEMO5K-4152,33,1,3,1,1,3,4,4,3,3,4,4,4,4,4,3,5,3,4,1,3,3,4,3,5,4,4,3,2,5,4,2,5,366720,0,1
DEMO5K-4153,32,2,2,1,4,4,2,4,4,2,2,2,3,2,3,2,3,3,5,1,1,5,3,2,4,3,2,2,3,3,2,3,3,69256,1,1
DEMO5K-4154,23,1,2,3,4,4,3,4,3,5,3,3,3,1,3,3,1,5,3,1,4,4,5,3,3,3,4,5,5,5,5,5,5,681640,0,1
DEMO5K-4155,33,1,2,3,3,4,3,2,3,4,3,3,3,3,5,3,4,4,4,1,2,4,5,3,4,4,4,2,4,4,1,3,4,501051,0,1
DEMO5K-4156,35,2,2,1,3,5,2,2,5,3,2,1,1,1,1,2,2,2,1,1,1,2,2,1,1,3,1,1,1,1,1,1,2,426562,0,1
DEMO5K-4157,25,1,2,4,2,3,4,2,3,3,2,1,2,3,2,2,4,3,2,1,3,1,2,2,2,2,5,3,3,4,3,4,4,658025,0,1
DEMO5K-4158,25,1,1,4,4,5,2,1,4,3,3,2,4,4,2,2,3,4,2,1,4,3,1,3,2,3,3,3,1,4,2,3,2,504781,0,1
DEMO5K-4159,20,1,2,2,3,1,4,2,2,5,5,3,4,4,2,3,5,3,5,1,3,3,4,3,3,3,4,4,3,3,2,2,5,356333,0,1
DEMO5K-4160,23,1,1,5,4,1,4,3,2,2,3,2,4,4,4,4,2,4,3,1,3,2,5,3,2,4,3,4,5,2,4,2,5,575898,0,1
DEMO5K-4161,34,2,2,4,3,1,5,5,1,4,5,4,2,3,3,5,4,3,5,1,3,3,3,4,5,3,4,4,4,3,4,4,4,573998,0,1
DEMO5K-4162,23,2,3,3,2,4,3,1,3,2,2,3,3,4,3,1,2,1,3,1,3,1,1,2,1,1,2,1,2,2,3,3,2,448690,0,1
DEMO5K-4163,20,2,3,4,3,4,2,3,3,3,4,4,3,2,2,3,2,5,3,1,2,4,4,3,3,4,4,2,4,4,3,4,3,422846,0,1
DEMO5K-4164,31,2,1,4,3,4,4,3,3,4,2,4,4,4,4,3,2,4,4,1,2,2,3,2,2,4,4,3,3,4,5,2,3,615216,0,1
DEMO5K-4165,26,2,2,4,2,2,5,5,1,4,3,5,3,4,2,1,3,2,2,3,3,3,1,4,3,2,3,4,5,2,1,3,2,540170,0,0
DEMO5K-4166,28,2,3,2,3,1,3,4,3,4,3,4,3,4,3,4,4,4,3,1,4,3,2,4,3,4,4,5,4,4,5,5,2,683815,0,1
DEMO5K-4167,35,1,2,4,4,2,4,3,1,4,3,4,3,2,3,4,2,3,3,1,3,4,1,4,3,4,3,3,5,3,4,4,4,72830,1,1
DEMO5K-4168,19,2,3,4,1,3,2,4,5,1,2,3,2,3,3,2,3,4,3,1,2,4,3,5,3,2,1,3,1,1,3,2,1,356365,0,1
DEMO5K-4169,32,2,3,1,4,3,4,3,3,4,5,5,4,4,5,4,4,5,4,1,3,5,4,3,4,3,4,4,3,4,4,5,3,653588,0,1
DEMO5K-4170,18,2,2,5,2,5,2,2,5,2,3,1,2,3,3,2,5,2,3,1,2,2,3,2,1,3,3,3,2,1,2,1,1,673295,0,1
DEMO5K-4171,20,2,2,3,2,3,2,4,2,4,2,2,1,1,1,1,1,2,2,1,2,1,2,2,1,2,1,2,1,3,1,2,3,611071,0,1
DEMO5K-4172,26,1,3,2,3,1,3,3,3,3,4,2,5,3,5,3,4,2,3,1,3,3,2,2,4,3,3,1,3,3,2,3,3,313786,0,1
DEMO5K-4173,26,1,3,2,3,2,2,3,4,2,2,4,2,2,3,1,2,1,1,1,2,3,3,1,1,1,1,2,1,2,2,1,2,684275,0,1
DEMO5K-4174,20,2,1,5,3,5,1,3,4,2,2,3,1,1,1,1,2,2,1,1,2,5,2,2,4,3,1,2,1,1,2,1,2,466614,0,1
DEMO5K-4175,23,2,3,5,1,3,3,1,3,4,2,3,4,4,5,4,5,4,5,1,5,3,3,3,4,4,3,4,4,5,4,4,5,580463,0,1
DEMO5K-4176,18,1,3,2,4,4,1,1,4,3,2,1,2,2,1,2,1,2,1,1,3,2,3,3,2,2,1,1,3,2,2,3,3,407134,0,1
DEMO5K-4177,31,2,3,4,4,2,5,4,3,5,3,5,4,3,5,5,5,4,5,1,2,3,4,3,3,2,4,5,4,5,5,5,4,475627,0,1
DEMO5K-4178,28,2,2,5,4,2,4,3,2,4,3,2,5,4,1,5,1,1,4,5,2,2,2,2,3,2,2,2,1,2,1,1,3,586797,0,0
DEMO5K-4179,24,1,1,4,2,3,4,3,4,2,5,4,3,2,4,1,1,3,2,1,4,3,2,4,2,1,5,3,4,5,3,4,4,411858,0,1
DEMO5K-4180,28,2,2,2,2,3,2,2,4,3,3,1,2,2,2,2,1,3,2,1,3,4,4,3,4,4,3,3,1,1,2,1,1,422959,0,1
DEMO5K-4181,29,1,3,1,2,2,5,3,4,3,3,4,1,2,1,3,3,2,3,1,3,3,2,2,1,2,4,3,2,3,5,3,1,315188,0,1
DEMO5K-4182,20,1,2,3,3,4,3,3,5,4,3,4,3,4,3,4,2,2,3,1,1,3,4,3,4,3,1,3,3,3,3,2,3,541418,0,1
DEMO5K-4183,29,1,3,4,3,3,2,1,3,4,1,2,1,2,2,3,4,1,1,1,3,1,1,1,2,3,1,3,4,3,2,2,2,549375,0,1
DEMO5K-4184,20,2,2,2,4,3,2,1,5,1,2,3,1,1,3,1,1,1,3,1,3,2,1,1,3,3,4,3,1,2,2,2,1,458471,0,1
DEMO5K-4185,32,2,3,4,3,3,5,4,2,4,4,4,4,5,4,4,3,2,4,1,4,3,5,4,3,5,4,5,5,4,3,4,5,669175,0,1
DEMO5K-4186,17,2,1,2,2,3,4,5,3,3,3,1,2,2,3,3,3,4,3,1,3,3,1,2,5,2,5,4,3,2,3,4,2,51155,1,1
DEMO5K-4187,26,1,3,2,3,2,4,4,3,4,4,3,3,3,3,3,4,3,5,1,4,4,3,5,3,5,3,3,4,3,4,3,4,649136,0,1
DEMO5K-4188,27,2,2,5,2,5,2,3,3,3,3,2,4,4,3,4,3,3,2,1,2,1,2,3,1,2,2,2,2,3,4,3,4,437816,0,1
DEMO5K-4189,23,2,2,2,1,3,4,3,2,2,4,4,4,4,5,4,4,4,4,1,3,5,5,5,4,4,5,5,2,4,2,3,4,382631,0,1
DEMO5K-4190,29,2,3,4,2,2,3,3,4,2,3,2,4,4,5,4,2,3,2,1,1,4,4,3,3,3,2,2,4,3,5,2,3,425965,0,1
DEMO5K-4191,29,1,2,1,3,2,5,2,3,3,3,3,5,4,2,3,3,3,4,1,4,1,4,5,3,4,4,5,4,5,4,4,4,564653,0,1
DEMO5K-4192,20,2,2,4,2,3,3,1,3,3,3,1,3,3,4,5,4,3,3,1,3,2,3,2,3,1,2,2,4,4,3,3,3,448332,0,1
DEMO5K-4193,24,1,1,4,3,3,1,3,4,1,3,3,4,2,2,4,3,4,3,1,3,4,3,3,3,5,1,2,2,3,1,1,2,555039,0,1
DEMO5K-4194,33,1,3,2,3,2,4,3,3,4,4,5,4,5,3,5,4,5,5,1,4,3,5,2,5,5,5,2,4,3,2,4,3,548131,0,1
DEMO5K-4195,34,1,1,3,3,1,4,4,2,3,5,3,2,2,3,2,2,3,2,1,4,4,4,4,2,5,3,3,3,3,3,4,3,546547,0,1
DEMO5K-4196,21,1,2,2,4,3,4,4,1,3,4,4,2,1,2,4,3,1,1,1,4,4,5,3,2,3,3,5,5,4,3,5,5,647356,0,1
DEMO5K-4197,30,2,1,2,1,4,5,5,3,5,4,2,3,4,2,3,5,4,4,1,2,3,3,4,2,3,3,4,4,3,3,4,3,377664,0,1
DEMO5K-4198,34,1,3,1,4,5,2,3,1,2,3,1,2,3,3,2,3,3,3,1,2,3,2,2,3,3,2,1,1,2,3,3,1,378371,0,1
DEMO5K-4199,31,2,1,2,2,5,5,5,4,4,5,4,4,5,3,3,2,3,5,1,3,5,5,5,3,4,4,5,5,3,4,2,4,547530,0,1
DEMO5K-4200,20,1,2,1,1,1,3,4,3,4,2,3,1,2,2,3,3,1,4,4,3,4,5,3,3,5,4,3,2,2,4,3,2,520226,0,0
DEMO5K-4201,30,1,3,4,3,3,2,3,3,3,3,3,3,4,3,3,3,3,3,1,3,4,2,4,2,4,2,5,4,4,4,3,5,608025,0,1
DEMO5K-4202,22,2,1,1,4,4,4,4,4,3,5,3,4,4,3,3,2,3,3,1,3,3,3,4,3,3,3,2,4,4,2,4,4,455095,0,1
DEMO5K-4203,33,2,1,1,3,3,3,2,3,3,4,3,2,3,2,2,5,5,2,1,5,3,3,4,4,3,1,1,1,3,3,2,3,65459,1,1
DEMO5K-4204,18,2,2,2,2,3,2,2,4,3,2,3,2,2,2,2,2,2,2,1,2,2,3,2,2,2,4,1,2,5,2,2,3,521688,0,1
DEMO5K-4205,29,1,3,2,1,5,1,2,5,2,1,2,2,3,2,3,3,4,3,1,5,2,4,3,3,2,2,2,2,1,3,3,1,368748,0,1
DEMO5K-4206,27,1,3,3,4,3,2,3,5,3,3,2,4,3,5,4,2,3,3,1,2,3,3,3,1,3,2,5,1,2,1,3,1,661736,0,1
DEMO5K-4207,20,2,3,1,4,1,5,5,1,5,5,5,4,4,4,3,3,3,5,1,3,2,5,4,3,2,5,3,5,3,4,4,4,652839,0,1
DEMO5K-4208,31,1,3,2,1,3,3,1,3,1,2,1,3,2,3,4,3,2,3,1,2,2,2,2,2,2,2,2,4,2,1,2,3,350256,0,1
DEMO5K-4209,20,2,3,4,2,4,2,3,4,3,1,1,1,1,2,2,2,2,2,1,2,2,5,3,2,2,4,3,3,4,3,5,4,322792,0,1
DEMO5K-4210,26,2,1,4,2,4,2,1,3,3,3,2,4,4,4,4,4,4,3,1,3,3,2,2,2,2,5,4,5,3,3,5,5,397798,0,1
DEMO5K-4211,28,1,2,4,2,2,3,5,1,5,5,4,4,3,3,4,5,4,2,1,3,5,5,4,4,3,5,5,5,5,4,4,5,313118,0,1
DEMO5K-4212,18,1,2,5,4,3,3,3,4,2,4,5,3,2,4,3,4,1,3,1,4,2,4,4,4,3,4,2,4,3,5,2,3,655395,0,1
DEMO5K-4213,33,1,1,2,2,4,2,1,5,1,2,1,3,1,2,2,1,2,3,1,3,3,3,1,2,5,1,3,2,3,2,3,3,392823,0,1
DEMO5K-4214,21,2,2,4,3,5,4,4,2,3,4,3,5,5,5,4,4,4,5,1,3,3,3,3,5,3,3,5,3,3,4,3,3,574230,0,1
DEMO5K-4215,27,2,3,3,3,5,3,3,5,2,1,3,3,3,3,3,1,2,1,2,3,2,1,3,3,1,2,3,1,3,5,3,3,68408,1,0
DEMO5K-4216,23,2,2,5,2,3,3,4,3,4,4,3,3,4,4,3,2,3,4,1,4,1,4,2,2,5,4,4,4,3,4,5,2,573941,0,1
DEMO5K-4217,23,2,2,1,2,1,4,4,2,4,2,4,3,5,4,4,3,4,4,1,4,3,5,3,5,4,2,5,4,3,5,2,4,412789,0,1
DEMO5K-4218,21,2,2,5,4,4,4,4,2,5,2,3,3,3,3,3,4,4,4,1,3,4,4,3,4,5,4,4,3,4,4,4,5,414438,0,1
DEMO5K-4219,21,1,1,4,1,4,2,4,5,4,3,2,3,3,2,3,3,2,2,1,2,3,3,2,4,3,2,4,4,3,4,4,3,467388,0,1
DEMO5K-4220,24,2,2,4,3,2,3,2,2,3,2,3,4,4,3,4,3,3,5,1,4,3,3,2,5,2,4,2,3,4,3,3,4,477283,0,1
DEMO5K-4221,24,2,3,2,2,4,4,4,1,4,5,5,3,5,4,3,4,3,4,1,2,3,3,3,4,2,4,5,2,1,5,2,2,523010,0,1
DEMO5K-4222,27,2,3,4,4,3,3,3,4,3,3,4,2,3,3,2,2,5,3,1,2,3,3,2,3,3,3,2,3,4,3,2,3,484058,0,1
DEMO5K-4223,33,1,2,2,2,2,3,3,3,3,2,4,5,4,5,3,5,4,4,1,5,4,4,3,3,3,3,3,2,4,3,4,3,61828,1,1
DEMO5K-4224,29,1,2,3,4,2,1,2,4,3,1,2,3,4,2,4,2,3,2,1,1,1,1,3,2,1,2,1,3,1,4,3,3,391756,0,1
DEMO5K-4225,23,2,1,2,3,4,2,3,4,3,2,2,1,1,2,2,1,1,2,1,4,4,3,1,3,4,2,3,1,3,5,1,4,388302,0,1
DEMO5K-4226,35,1,3,3,2,1,4,4,3,3,3,4,3,3,1,3,2,3,3,1,3,3,5,3,4,3,4,3,3,3,2,2,3,521434,0,1
DEMO5K-4227,21,2,1,5,4,3,4,4,1,4,4,4,5,5,5,5,4,3,5,1,4,3,5,2,3,4,3,3,5,3,5,4,3,635881,0,1
DEMO5K-4228,26,2,1,1,2,5,4,2,2,3,5,3,5,5,4,4,3,4,2,1,3,4,3,3,4,4,5,5,4,3,3,3,3,476495,0,1
DEMO5K-4229,28,2,3,4,4,2,3,5,2,4,5,2,2,3,3,4,2,1,3,1,5,3,3,3,3,3,3,5,3,3,4,3,4,383200,0,1
DEMO5K-4230,29,1,1,3,2,3,3,5,4,3,3,3,3,2,2,2,2,2,3,1,4,3,4,5,4,4,2,3,4,4,4,3,4,312908,0,1
DEMO5K-4231,35,1,2,2,4,2,1,4,3,3,4,5,4,4,4,5,5,5,5,1,4,3,2,4,5,4,4,4,2,4,4,3,4,337087,0,1
DEMO5K-4232,31,2,3,3,4,3,3,4,2,3,2,4,3,3,3,2,4,1,4,1,4,3,3,4,4,4,1,2,3,3,3,2,2,434546,0,1
DEMO5K-4233,24,1,3,4,3,4,4,3,3,4,4,3,2,2,3,3,2,1,2,1,1,2,3,1,3,2,2,3,3,2,3,3,3,670088,0,1
DEMO5K-4234,22,1,3,3,3,3,4,4,4,4,5,3,3,2,3,5,3,4,4,1,3,2,3,4,2,1,3,2,2,4,4,5,5,481156,0,1
DEMO5K-4235,19,1,3,5,3,3,3,4,4,3,4,2,4,5,5,3,4,5,3,1,3,4,2,3,3,2,3,4,3,4,3,4,3,582112,0,1
DEMO5K-4236,34,2,2,1,3,2,2,3,3,2,2,4,2,2,5,4,3,2,3,1,2,2,1,2,3,2,2,4,2,3,4,4,2,372503,0,1
DEMO5K-4237,34,2,2,5,4,2,4,5,2,5,5,5,4,3,3,1,4,4,1,1,4,5,3,3,4,5,4,5,2,5,3,3,4,344840,0,1
DEMO5K-4238,22,2,3,1,4,2,1,4,2,4,3,3,4,5,5,5,4,5,4,1,3,3,4,3,3,2,2,3,4,4,4,2,3,384812,0,1
DEMO5K-4239,33,2,3,3,1,3,4,3,3,4,4,3,4,5,4,5,3,4,4,1,5,5,4,4,5,5,4,3,2,5,5,3,4,301258,0,1
DEMO5K-4240,20,2,1,3,2,3,4,3,3,5,5,4,5,2,3,3,5,3,3,1,4,3,3,4,2,2,4,4,4,4,4,4,4,487152,0,1
DEMO5K-4241,33,2,2,5,2,4,3,1,3,4,3,2,1,2,1,2,2,3,3,1,2,3,4,4,4,4,1,2,4,2,2,3,2,623394,0,1
DEMO5K-4242,34,2,2,4,4,3,3,2,3,4,5,4,2,3,3,3,2,2,2,1,4,3,2,4,3,4,3,3,3,4,4,2,4,462829,0,1
DEMO5K-4243,30,2,2,1,3,4,2,3,2,3,2,1,5,3,3,4,3,4,3,1,3,4,4,3,5,5,3,5,4,5,3,2,4,427822,0,1
DEMO5K-4244,28,2,1,5,2,4,2,2,5,4,3,2,2,4,2,1,3,3,1,1,2,1,3,2,3,1,1,2,2,2,3,4,2,677890,0,1
DEMO5K-4245,29,2,3,4,2,4,1,1,5,1,1,2,3,1,2,1,1,1,1,1,1,1,3,4,2,1,3,1,2,2,1,1,2,362288,0,1
DEMO5K-4246,23,1,2,2,4,5,1,2,5,1,1,1,3,3,5,4,2,2,2,1,4,3,2,4,4,5,4,4,2,5,5,3,4,503296,0,1
DEMO5K-4247,19,1,3,3,2,2,2,3,4,3,2,2,1,2,3,2,2,4,2,1,3,1,2,2,1,3,4,3,5,3,4,5,4,300606,0,1
DEMO5K-4248,32,2,1,2,4,5,1,2,2,3,3,1,1,3,1,3,2,1,4,1,3,1,1,1,2,1,2,3,3,3,2,3,4,369847,0,1
DEMO5K-4249,17,2,2,4,2,4,2,2,2,3,2,1,1,2,3,2,2,1,2,1,5,3,3,4,3,4,3,3,2,3,3,3,4,387785,0,1
DEMO5K-4250,23,2,3,5,4,2,3,4,3,2,5,3,4,3,4,3,5,3,3,4,2,3,3,5,3,4,3,2,3,4,1,2,3,426722,0,0
DEMO5K-4251,31,1,3,1,2,3,3,2,2,2,3,2,2,5,3,3,3,1,2,1,2,4,3,2,2,2,4,3,4,3,4,4,3,75793,1,1
DEMO5K-4252,26,1,2,1,3,3,2,3,3,3,3,3,3,2,3,3,1,2,4,1,3,4,3,3,4,3,1,2,1,3,3,2,1,670938,0,1
DEMO5K-4253,24,2,3,3,4,1,3,4,5,3,3,3,3,5,3,4,3,2,4,1,3,2,3,3,4,4,4,4,4,4,1,3,2,380972,0,1
DEMO5K-4254,28,2,3,1,3,4,3,5,3,2,2,4,2,3,3,4,3,3,2,1,3,1,3,3,2,4,2,2,1,1,2,2,3,51604,1,1
DEMO5K-4255,17,1,1,5,4,4,4,2,4,2,4,1,4,3,2,3,2,1,2,1,2,2,3,3,4,3,3,2,1,1,3,3,4,689110,0,1
DEMO5K-4256,32,1,3,2,2,5,1,2,5,1,1,1,2,2,3,2,1,2,2,1,2,2,4,3,3,4,3,2,3,2,1,2,2,691350,0,1
DEMO5K-4257,34,2,3,2,1,4,3,3,2,3,4,4,4,4,5,4,5,3,3,1,3,4,4,3,4,3,2,3,3,4,3,4,4,625308,0,1
DEMO5K-4258,17,2,3,2,4,1,3,2,4,2,2,2,3,4,2,5,3,4,4,1,3,2,1,2,1,2,2,3,3,4,2,4,3,352832,0,1
DEMO5K-4259,19,1,1,5,1,3,3,4,3,3,2,3,2,1,2,1,3,2,1,1,5,5,4,3,5,4,3,3,1,2,1,2,4,485985,0,1
DEMO5K-4260,28,1,3,2,4,5,3,4,5,1,1,3,2,2,4,3,2,1,2,1,2,1,3,1,3,3,2,5,4,3,3,3,4,397505,0,1
DEMO5K-4261,34,2,2,5,3,2,2,2,1,3,3,2,3,3,3,3,4,3,2,1,3,4,4,3,1,1,4,3,2,3,3,3,4,407566,0,1
DEMO5K-4262,27,2,2,1,3,5,2,1,5,2,2,1,2,1,1,1,1,1,1,1,1,2,1,1,1,1,1,1,2,2,2,1,3,341767,0,1
DEMO5K-4263,17,2,1,4,4,2,3,3,2,4,4,5,3,3,3,4,2,3,2,2,5,4,4,5,4,5,3,4,4,4,4,4,5,71649,1,0
DEMO5K-4264,23,2,2,3,3,4,3,4,2,4,4,5,5,3,1,4,3,4,2,1,3,5,3,4,4,5,5,4,5,4,4,5,5,664986,0,1
DEMO5K-4265,26,2,2,3,4,1,4,5,1,5,5,5,4,3,5,5,4,4,5,1,4,3,2,3,4,3,4,5,4,3,4,4,4,307174,0,1
DEMO5K-4266,22,2,1,4,1,4,4,4,4,4,3,2,2,5,3,2,3,3,3,1,1,4,1,3,2,2,3,3,3,3,2,3,2,442814,0,1
DEMO5K-4267,25,2,2,3,3,4,2,2,5,3,2,3,2,2,4,2,1,3,1,1,2,1,1,4,3,3,3,4,3,4,2,3,3,602747,0,1
DEMO5K-4268,30,2,2,1,2,2,3,4,1,4,4,2,5,4,5,4,4,4,4,1,3,5,3,4,3,4,3,5,2,3,2,4,2,485054,0,1
DEMO5K-4269,34,2,1,4,1,3,4,4,2,2,4,4,2,2,4,3,3,3,4,1,1,1,3,3,2,1,1,2,2,1,2,2,1,411875,0,1
DEMO5K-4270,29,1,3,4,4,2,3,5,3,4,3,4,3,5,3,2,1,4,5,1,1,2,2,2,2,2,3,5,4,3,3,5,4,667983,0,1
DEMO5K-4271,27,2,2,1,3,2,5,2,1,3,4,2,4,5,5,5,5,5,5,1,5,5,5,5,5,5,2,1,3,2,4,2,4,505916,0,1
DEMO5K-4272,32,1,2,2,3,3,2,3,4,3,5,3,1,3,2,4,1,1,1,1,1,2,2,4,2,3,5,5,4,5,5,4,4,405548,0,1
DEMO5K-4273,33,1,3,1,2,2,4,5,1,4,3,3,2,2,1,4,3,2,3,1,4,1,2,1,1,1,3,4,4,3,3,3,3,462601,0,1
DEMO5K-4274,18,2,3,5,2,3,3,4,2,3,2,3,4,5,2,3,2,3,3,1,3,3,5,3,3,3,1,4,3,2,4,3,2,681630,0,1
DEMO5K-4275,26,2,2,5,2,4,4,3,2,2,3,1,5,4,3,3,2,5,3,5,2,3,3,2,2,4,2,3,3,4,5,4,5,461603,0,0
DEMO5K-4276,34,2,3,4,4,3,4,2,3,5,3,2,1,3,4,3,3,4,2,1,1,2,2,3,2,3,2,3,3,3,1,1,1,661070,0,1
DEMO5K-4277,26,1,3,5,1,1,4,5,1,3,5,3,5,4,3,4,4,4,3,1,5,4,3,5,5,3,5,4,2,3,5,4,3,364463,0,1
DEMO5K-4278,29,2,2,5,2,2,4,4,4,2,4,3,5,5,5,3,3,2,2,1,1,3,2,3,1,1,3,2,3,4,2,3,3,440534,0,1
DEMO5K-4279,24,1,2,5,1,2,4,4,1,4,4,4,3,3,3,2,3,2,3,1,3,5,4,3,3,4,4,4,2,3,3,4,4,45684,1,1
DEMO5K-4280,31,2,3,1,3,1,5,3,2,3,3,1,4,4,5,2,3,5,3,1,2,3,3,4,4,3,2,2,2,3,2,3,2,424281,0,1
DEMO5K-4281,28,2,1,2,4,2,3,3,2,3,2,3,3,2,3,5,4,3,3,1,4,3,2,5,4,3,1,4,3,3,3,3,2,495038,0,1
DEMO5K-4282,22,1,3,3,3,4,3,2,3,3,3,3,3,4,3,3,3,2,2,1,3,2,2,2,2,2,3,3,2,2,2,2,3,384737,0,1
DEMO5K-4283,17,1,3,2,3,4,3,2,3,2,3,3,1,1,2,2,1,1,1,1,4,3,4,5,3,3,3,3,2,3,4,2,3,675578,0,1
DEMO5K-4284,24,2,2,5,2,4,5,4,3,1,3,4,4,1,5,5,4,5,5,1,1,3,4,3,3,4,2,2,3,2,1,1,3,536724,0,1
DEMO5K-4285,20,2,2,1,1,4,1,3,3,2,2,3,2,2,3,2,3,2,4,1,4,3,2,2,2,2,1,4,2,3,2,3,1,442799,0,1
DEMO5K-4286,29,2,3,2,3,5,4,3,2,3,4,2,4,3,3,5,4,3,3,1,2,3,4,4,1,3,2,2,4,4,1,5,2,474277,0,1
DEMO5K-4287,35,1,3,5,4,3,3,3,2,4,5,5,5,5,4,4,5,5,3,1,4,3,4,4,3,3,4,3,3,3,3,4,2,458038,0,1
DEMO5K-4288,26,1,2,4,3,5,2,2,3,5,3,3,2,1,2,1,1,3,2,1,4,3,3,3,2,3,2,3,3,3,4,3,3,578148,0,1
DEMO5K-4289,17,2,1,2,3,2,3,2,4,4,3,4,3,3,2,3,1,4,4,1,2,3,3,4,3,2,4,1,3,3,2,4,3,489038,0,1
DEMO5K-4290,18,1,3,3,4,5,4,3,3,2,3,3,2,4,4,3,5,4,3,1,2,2,1,1,3,1,1,2,2,1,2,2,2,596487,0,1
DEMO5K-4291,23,2,3,4,4,3,2,3,1,4,3,3,3,4,4,5,3,4,4,1,3,4,4,5,3,2,5,3,4,5,5,5,5,71193,1,1
DEMO5K-4292,29,2,2,5,1,1,3,5,2,4,3,4,4,4,4,4,4,4,3,1,4,2,5,5,4,5,4,3,4,3,4,4,3,593377,0,1
DEMO5K-4293,23,2,1,1,2,2,2,3,4,1,3,2,3,3,2,4,4,3,2,1,2,2,3,2,1,2,4,3,3,4,2,1,4,445004,0,1
DEMO5K-4294,23,2,3,5,2,3,2,2,5,2,1,2,2,3,4,3,3,4,2,1,4,3,4,4,2,3,4,3,2,2,4,2,2,580598,0,1
DEMO5K-4295,27,2,3,2,4,5,2,4,5,4,2,3,4,4,5,4,3,5,5,1,4,2,3,4,4,3,4,2,2,4,4,1,2,657132,0,1
DEMO5K-4296,25,2,3,3,2,3,1,1,4,2,1,2,3,3,1,1,3,3,3,1,4,5,3,4,5,4,4,3,3,4,4,3,2,504006,0,1
DEMO5K-4297,35,2,3,1,2,3,2,2,4,1,3,3,3,4,3,3,3,3,2,1,4,2,3,3,3,3,1,1,1,1,1,2,1,666718,0,1
DEMO5K-4298,24,1,2,2,3,4,1,2,4,3,2,2,5,2,2,1,1,4,3,1,3,2,3,1,2,3,2,1,4,2,1,4,1,494391,0,1
DEMO5K-4299,26,2,3,5,3,4,2,2,3,4,3,1,3,2,2,2,1,1,2,1,2,2,1,1,2,3,2,4,2,3,2,3,3,478638,0,1
DEMO5K-4300,32,2,2,2,3,3,3,4,4,3,3,3,4,4,5,3,3,5,4,1,2,1,2,2,2,4,4,3,4,4,5,2,3,577444,0,1
DEMO5K-4301,20,2,2,5,2,5,2,4,2,3,3,2,2,3,4,3,4,3,3,1,1,3,4,2,2,4,1,2,2,3,2,4,3,508627,0,1
DEMO5K-4302,22,1,1,2,2,2,1,2,3,3,3,2,3,2,3,3,2,2,1,1,1,4,4,2,2,1,2,1,2,5,3,3,3,336646,0,1
DEMO5K-4303,18,1,2,2,4,5,1,3,5,1,2,2,3,2,1,2,3,2,2,1,3,3,4,4,3,2,2,3,3,1,3,3,5,366092,0,1
DEMO5K-4304,30,2,3,3,3,4,1,1,2,1,1,3,3,2,1,1,2,2,2,1,4,4,2,4,4,4,3,2,4,2,1,2,1,603826,0,1
DEMO5K-4305,21,1,2,4,3,5,3,1,4,2,2,3,2,2,3,1,3,3,4,1,2,3,3,3,2,1,2,2,2,2,2,1,2,464961,0,1
DEMO5K-4306,23,1,2,5,2,4,5,4,3,3,3,5,4,4,5,5,4,5,3,1,5,3,4,3,3,4,4,3,4,5,4,3,4,384608,0,1
DEMO5K-4307,18,2,1,4,4,3,2,3,5,3,2,3,2,4,4,5,4,5,3,1,2,4,4,3,4,4,4,2,2,2,3,3,1,653750,0,1
DEMO5K-4308,30,1,2,1,3,4,1,2,3,1,2,1,1,1,1,1,2,1,2,1,1,1,2,1,1,1,1,1,1,2,2,1,1,74233,1,1
DEMO5K-4309,21,2,1,4,3,1,5,5,2,5,4,4,2,3,3,3,3,1,2,1,3,3,1,3,3,4,4,4,4,4,3,3,4,647171,0,1
DEMO5K-4310,22,2,1,2,2,3,3,2,4,2,3,2,4,3,3,3,2,2,1,1,2,1,1,1,2,1,2,2,2,3,2,1,1,328016,0,1
DEMO5K-4311,34,2,1,2,3,3,2,3,3,2,1,4,3,1,2,1,1,2,1,1,1,1,1,1,1,1,1,3,2,1,3,1,3,367775,0,1
DEMO5K-4312,35,2,2,1,3,4,2,3,1,2,2,3,4,4,4,3,4,3,4,1,1,2,3,1,2,3,4,3,2,4,3,3,3,497492,0,1
DEMO5K-4313,19,1,2,1,3,3,2,2,3,3,2,1,1,2,1,2,2,1,2,1,2,1,1,1,2,1,1,1,1,2,2,1,1,693594,0,1
DEMO5K-4314,19,2,3,5,4,3,4,5,4,4,3,4,4,4,4,5,5,5,4,1,5,5,5,5,4,5,5,5,5,5,5,5,4,314945,0,1
DEMO5K-4315,32,2,3,4,4,4,3,4,3,4,2,2,3,3,3,2,2,3,3,1,2,3,3,2,4,4,2,3,3,3,2,2,2,480888,0,1
DEMO5K-4316,31,2,3,1,4,3,4,3,3,4,3,3,2,5,2,2,3,4,4,1,2,2,4,4,3,3,4,4,5,3,5,3,5,597129,0,1
DEMO5K-4317,23,1,2,4,3,3,2,4,5,3,1,2,3,3,3,3,5,3,4,1,4,4,3,3,3,4,4,5,2,4,4,3,2,81870,1,1
DEMO5K-4318,25,1,2,1,2,2,2,3,4,1,3,2,3,3,3,2,2,3,3,3,2,3,4,1,3,4,4,3,4,3,3,4,4,647254,0,0
DEMO5K-4319,17,1,2,5,3,5,1,1,4,1,4,2,1,2,3,3,4,4,1,1,3,3,2,2,4,3,4,4,2,4,3,4,2,328460,0,1
DEMO5K-4320,28,1,2,2,2,3,4,5,1,5,5,4,5,5,5,4,5,4,5,1,5,5,5,5,5,5,4,4,3,1,3,3,3,617160,0,1
DEMO5K-4321,23,2,3,5,3,2,5,4,1,5,5,3,5,5,5,4,4,3,3,1,5,4,3,5,5,5,5,5,4,5,5,5,5,586496,0,1
DEMO5K-4322,23,2,2,3,1,5,2,2,3,3,2,1,2,2,2,2,1,2,4,1,3,3,2,2,2,2,1,2,3,3,3,3,2,338498,0,1
DEMO5K-4323,24,2,2,4,2,1,3,4,3,4,4,4,4,5,4,2,4,5,3,1,3,5,4,3,4,3,4,3,4,4,5,3,4,324962,0,1
DEMO5K-4324,30,2,2,5,3,3,5,4,3,3,4,3,1,1,2,1,3,2,3,1,2,2,4,2,2,2,4,4,5,4,3,3,2,577219,0,1
DEMO5K-4325,29,2,3,5,3,3,3,4,5,3,1,2,3,4,3,2,3,4,5,1,1,2,2,2,4,3,5,3,3,4,4,2,3,316296,0,1
DEMO5K-4326,26,2,2,2,1,2,2,1,3,2,1,3,3,3,2,2,1,1,1,1,2,2,2,2,3,2,2,3,2,3,2,3,2,374216,0,1
DEMO5K-4327,20,2,2,4,3,3,2,2,3,3,3,2,1,4,1,5,3,1,4,1,1,2,2,2,1,2,1,1,2,2,1,2,1,576423,0,1
DEMO5K-4328,28,2,2,5,4,3,2,2,3,2,1,2,3,2,2,2,3,2,3,1,4,4,4,4,3,4,2,2,1,3,2,2,2,465371,0,1
DEMO5K-4329,25,1,1,3,3,3,3,2,3,5,3,3,3,3,3,2,4,2,4,1,2,3,2,3,3,3,5,3,3,3,3,3,2,451644,0,1
DEMO5K-4330,24,2,1,5,1,4,3,2,3,2,2,4,2,3,2,4,2,3,2,1,1,3,2,1,1,1,3,2,2,3,2,2,1,323259,0,1
DEMO5K-4331,18,2,2,1,2,2,4,4,1,5,3,4,4,3,3,5,2,3,3,1,3,3,5,4,4,4,5,4,5,4,4,4,4,507856,0,1
DEMO5K-4332,23,2,2,1,3,3,5,4,2,5,4,2,3,5,4,3,3,4,4,1,2,2,1,1,1,2,2,4,4,3,3,4,5,508225,0,1
DEMO5K-4333,34,1,2,1,2,5,3,2,5,3,3,2,3,3,1,2,5,2,3,1,5,3,4,3,3,1,2,2,1,4,2,2,2,323842,0,1
DEMO5K-4334,25,2,3,4,1,3,4,5,4,5,2,3,3,3,2,1,1,3,2,1,2,4,3,4,2,4,4,4,3,2,4,2,4,523721,0,1
DEMO5K-4335,31,2,3,3,3,3,3,4,2,2,2,5,3,2,4,3,3,3,5,1,1,2,2,2,2,2,5,5,4,3,5,4,5,617364,0,1
DEMO5K-4336,32,2,3,1,4,1,5,3,4,3,4,5,4,3,3,3,5,3,4,4,4,4,5,4,3,2,3,5,4,4,2,4,3,305703,0,0
DEMO5K-4337,32,2,2,1,4,5,3,1,3,3,3,3,4,1,3,3,2,5,4,1,2,4,1,1,3,3,3,3,4,2,3,3,3,450463,0,1
DEMO5K-4338,22,1,1,3,2,5,2,2,5,1,1,2,5,4,3,5,4,5,5,1,3,2,3,3,4,2,5,4,5,3,4,2,3,678435,0,1
DEMO5K-4339,19,2,2,1,4,1,4,5,2,5,5,5,5,5,4,2,5,5,5,1,4,4,2,5,4,5,1,3,3,1,3,5,5,647465,0,1
DEMO5K-4340,22,1,2,3,2,2,4,2,3,3,5,3,3,3,2,5,3,3,4,3,4,4,4,3,3,3,3,1,3,3,4,4,4,664818,0,0
DEMO5K-4341,34,1,3,5,3,3,5,3,3,2,4,3,3,3,4,3,3,3,3,1,1,1,1,2,1,3,3,3,2,2,3,3,2,328406,0,1
DEMO5K-4342,26,1,2,2,3,1,4,4,2,4,1,5,4,5,4,5,4,5,5,1,5,5,4,4,4,2,3,2,4,3,3,2,2,457090,0,1
DEMO5K-4343,35,1,3,3,1,5,2,1,4,2,2,1,3,3,4,2,4,3,2,1,3,3,4,3,2,4,2,4,2,3,3,3,2,558049,0,1
DEMO5K-4344,18,2,2,4,4,4,3,2,5,2,2,2,3,3,2,2,3,3,3,1,2,2,1,3,2,2,1,2,2,1,2,4,2,435366,0,1
DEMO5K-4345,30,2,2,5,2,2,3,4,2,5,2,4,4,5,5,5,4,5,5,1,4,4,2,4,3,4,4,3,3,3,2,4,3,699759,0,1
DEMO5K-4346,29,1,2,2,1,2,2,3,3,3,3,3,2,2,2,3,3,3,1,1,2,1,1,1,1,3,3,3,4,2,2,2,2,541100,0,1
DEMO5K-4347,18,2,3,1,3,2,3,3,4,1,4,4,4,3,4,3,3,3,2,1,4,2,2,1,4,2,4,3,2,3,2,2,2,656872,0,1
DEMO5K-4348,23,2,2,1,3,2,5,5,2,4,4,3,4,3,2,4,4,3,3,4,3,4,3,3,3,3,3,5,5,5,4,4,4,368561,0,0
DEMO5K-4349,30,1,2,5,2,2,3,4,3,4,2,3,4,3,5,1,5,3,2,1,3,3,5,5,4,2,3,1,2,2,3,2,2,481719,0,1
DEMO5K-4350,29,1,1,4,4,4,3,3,3,3,3,5,2,3,5,3,3,4,5,1,3,2,3,5,3,3,3,4,3,4,4,4,4,453013,0,1
DEMO5K-4351,32,2,3,1,3,3,2,3,2,4,2,3,4,3,4,4,3,2,2,1,2,1,3,2,2,1,5,4,5,4,3,4,5,332423,0,1
DEMO5K-4352,33,1,2,2,3,5,2,2,5,1,2,1,1,2,3,3,2,1,4,1,3,2,1,1,1,2,3,2,2,2,3,1,1,410880,0,1
DEMO5K-4353,24,2,3,3,4,4,2,2,3,1,2,4,5,5,3,3,4,4,2,1,2,4,1,1,2,3,3,4,3,4,1,4,3,623826,0,1
DEMO5K-4354,18,2,1,1,3,2,3,1,3,2,4,4,4,4,3,5,5,5,4,1,5,4,4,5,5,4,5,5,4,5,5,5,4,339505,0,1
DEMO5K-4355,34,1,3,3,4,3,3,2,4,4,3,1,3,4,3,4,2,4,3,1,1,1,2,2,1,3,1,3,3,3,1,3,2,513890,0,1
DEMO5K-4356,25,2,1,4,3,4,2,1,3,2,3,4,1,1,2,1,2,1,2,1,1,2,1,2,1,2,1,1,1,3,1,2,1,388762,0,1
DEMO5K-4357,21,2,2,3,4,5,3,2,5,1,2,2,3,1,3,3,3,1,2,1,1,3,1,1,4,2,2,4,3,3,3,2,2,301822,0,1
DEMO5K-4358,32,2,3,5,2,1,3,3,1,3,2,3,2,2,4,2,3,5,2,1,3,3,4,4,3,3,2,1,2,3,3,2,3,375040,0,1
DEMO5K-4359,17,2,2,4,2,3,1,2,3,1,3,2,1,2,2,1,3,3,1,1,1,3,1,1,3,1,4,3,2,3,2,3,2,484925,0,1
DEMO5K-4360,29,2,3,2,2,2,5,3,2,4,3,5,2,5,3,4,3,2,3,1,3,4,3,4,5,5,2,4,4,3,3,3,5,302805,0,1
DEMO5K-4361,19,1,3,1,2,5,2,1,3,2,3,3,2,3,1,3,2,3,3,1,1,1,1,1,1,1,1,3,5,2,3,3,2,407258,0,1
DEMO5K-4362,22,2,1,2,3,1,4,2,3,5,3,3,3,2,2,3,4,5,3,1,4,4,5,4,3,4,4,3,4,5,5,4,4,365453,0,1
DEMO5K-4363,17,1,2,3,2,3,4,1,4,2,2,3,3,4,2,3,4,3,4,1,1,1,1,1,1,1,1,1,1,2,4,3,3,691408,0,1
DEMO5K-4364,17,2,1,4,3,3,3,2,3,4,4,3,3,3,2,2,2,1,1,1,2,1,1,4,3,2,2,1,1,3,3,2,3,665190,0,1
DEMO5K-4365,25,1,1,3,3,4,3,2,3,3,5,1,5,3,4,2,3,5,2,1,3,3,3,3,2,2,4,4,3,3,3,3,4,328137,0,1
DEMO5K-4366,33,1,2,5,3,2,3,2,4,3,3,4,3,4,2,4,3,1,2,1,1,3,3,2,2,3,2,2,4,3,3,2,2,698804,0,1
DEMO5K-4367,22,2,3,4,3,4,3,3,5,3,2,4,3,3,4,2,2,3,1,1,4,5,3,4,3,4,3,4,3,3,4,3,4,635771,0,1
DEMO5K-4368,32,2,1,2,4,4,2,1,4,2,3,3,3,5,5,4,2,3,3,1,2,4,2,3,4,4,4,4,2,4,1,1,3,316903,0,1
DEMO5K-4369,30,2,3,3,2,1,4,5,3,5,4,4,4,5,4,3,3,4,5,1,4,4,5,4,3,3,3,4,5,3,1,4,4,64384,1,1
DEMO5K-4370,23,2,1,5,2,4,4,2,4,3,4,4,3,2,3,2,4,4,2,1,1,2,3,3,3,4,4,5,4,4,4,5,3,431715,0,1
DEMO5K-4371,25,1,3,1,2,5,5,4,3,3,4,3,4,2,4,2,3,4,5,1,3,2,4,4,4,3,4,4,3,4,2,5,2,487532,0,1
DEMO5K-4372,20,2,2,5,2,3,2,3,3,4,4,2,3,3,3,3,3,4,5,1,3,4,4,4,4,3,3,3,2,2,3,4,3,637946,0,1
DEMO5K-4373,31,2,3,2,2,2,5,5,2,5,5,5,3,2,3,4,4,1,2,1,5,2,4,5,3,5,4,3,2,3,4,3,5,593362,0,1
DEMO5K-4374,17,2,2,2,4,3,3,4,3,5,3,4,2,3,3,2,3,3,3,1,2,2,2,3,3,3,2,4,2,1,2,2,2,618683,0,1
DEMO5K-4375,33,1,2,2,4,1,3,5,3,5,4,2,4,5,4,3,4,4,3,1,5,4,4,4,3,2,2,4,4,4,4,3,3,666535,0,1
DEMO5K-4376,24,1,2,3,1,4,4,3,4,4,4,3,3,2,3,3,3,3,2,1,1,4,1,2,1,3,2,4,3,4,2,4,4,450563,0,1
DEMO5K-4377,23,2,1,1,4,4,3,2,4,3,2,1,3,3,3,1,3,1,2,1,3,3,1,2,1,1,2,2,1,2,2,2,2,312846,0,1
DEMO5K-4378,19,1,2,1,4,3,3,3,2,4,5,4,5,3,5,5,5,3,4,1,4,5,5,5,5,5,3,3,4,4,4,3,4,535846,0,1
DEMO5K-4379,18,2,2,1,3,4,1,3,4,4,4,3,4,3,4,1,2,3,3,1,3,2,3,4,4,3,2,2,2,3,2,1,2,481619,0,1
DEMO5K-4380,19,2,2,2,4,1,3,5,4,2,5,3,3,4,3,2,4,3,3,4,4,3,5,4,5,5,4,5,4,4,4,4,3,403007,0,0
DEMO5K-4381,17,2,3,1,3,5,1,3,4,2,2,2,1,1,2,2,4,1,3,1,2,1,3,1,1,2,1,1,2,1,2,3,1,658281,0,1
DEMO5K-4382,25,2,2,5,2,2,1,2,4,3,2,2,3,3,3,2,3,2,2,1,1,3,1,3,1,2,2,5,3,4,4,3,2,338876,0,1
DEMO5K-4383,31,2,1,1,2,2,3,4,2,3,3,3,3,2,4,5,4,4,4,1,5,4,4,4,5,4,1,2,2,2,3,3,3,479193,0,1
DEMO5K-4384,17,1,2,1,1,4,3,2,4,1,3,1,2,2,4,3,2,2,2,1,4,3,4,3,3,3,2,3,2,3,3,4,1,458220,0,1
DEMO5K-4385,25,1,2,3,2,1,4,4,3,3,3,5,3,5,4,4,4,4,4,5,2,4,5,4,3,2,4,3,4,3,4,4,4,654823,0,0
DEMO5K-4386,19,2,2,5,3,3,3,3,3,3,1,3,5,2,2,3,3,1,3,1,3,3,3,4,4,2,3,4,3,2,2,2,2,346013,0,1
DEMO5K-4387,31,2,1,1,3,4,4,3,3,3,3,3,4,4,3,4,5,4,3,1,3,2,2,4,3,4,5,5,3,4,4,4,3,699994,0,1
DEMO5K-4388,22,2,3,3,3,3,3,4,1,5,4,5,4,4,4,3,5,4,3,1,4,4,3,5,4,4,5,5,5,5,5,5,5,555471,0,1
DEMO5K-4389,34,1,2,1,3,2,3,4,2,3,1,3,4,3,3,3,4,3,3,1,3,3,3,5,4,3,3,3,2,3,3,4,3,307454,0,1
DEMO5K-4390,29,2,3,1,3,4,1,1,2,3,2,2,3,1,1,1,1,1,1,1,1,1,1,1,1,2,2,2,3,1,2,1,2,369402,0,1
DEMO5K-4391,23,2,3,1,4,2,5,5,2,1,3,5,4,4,4,3,3,4,1,1,3,4,4,4,4,5,2,2,1,2,2,1,1,397279,0,1
DEMO5K-4392,26,1,2,5,2,4,3,2,3,3,4,3,1,3,2,1,4,4,2,1,4,4,4,4,2,3,3,2,2,3,3,4,5,649897,0,1
DEMO5K-4393,21,1,3,2,2,2,3,2,3,4,5,5,5,4,4,3,3,4,3,1,4,5,4,3,4,2,4,3,5,3,4,4,4,588884,0,1
DEMO5K-4394,19,1,1,4,4,4,4,4,4,4,2,5,1,2,2,1,1,1,4,1,1,1,2,1,1,2,3,2,1,2,1,2,3,607655,0,1
DEMO5K-4395,29,2,2,5,4,4,4,2,3,5,3,3,5,5,4,4,4,3,5,3,5,4,4,4,5,4,4,2,3,3,1,3,4,695253,0,0
DEMO5K-4396,27,2,2,2,4,1,4,5,2,5,5,4,4,2,3,3,5,2,3,1,3,3,3,4,4,3,4,4,4,4,4,5,4,452254,0,1
DEMO5K-4397,24,2,3,3,3,4,1,1,3,2,2,3,1,2,3,2,1,1,3,1,1,2,3,1,1,2,2,1,1,3,2,1,1,425491,0,1
DEMO5K-4398,29,1,3,4,1,3,3,3,1,2,4,3,3,1,1,2,3,4,3,1,1,3,3,3,2,1,5,2,3,3,2,3,3,637582,0,1
DEMO5K-4399,30,2,3,3,3,3,3,2,4,1,2,2,2,2,1,1,1,2,3,1,1,4,3,1,3,3,3,4,1,2,2,3,3,432617,0,1
DEMO5K-4400,29,1,3,1,3,2,5,4,2,5,4,5,3,1,1,3,3,4,4,1,3,3,1,4,2,2,4,3,4,2,2,2,3,463612,0,1
DEMO5K-4401,31,1,2,4,2,4,3,2,4,4,4,4,3,4,4,3,2,4,2,1,4,3,4,3,3,1,4,1,4,1,3,1,3,667833,0,1
DEMO5K-4402,26,1,1,2,4,3,3,4,2,4,3,3,4,4,2,4,3,3,4,1,4,2,4,3,3,3,2,4,3,1,4,1,4,514007,0,1
DEMO5K-4403,19,1,3,3,3,3,3,3,3,3,5,1,4,5,3,5,5,2,4,1,3,2,3,3,3,3,2,3,4,2,2,3,4,83968,1,1
DEMO5K-4404,20,2,2,4,3,2,2,3,3,3,2,3,4,3,1,3,4,3,4,1,3,1,2,2,2,2,3,3,3,3,4,3,5,631307,0,1
DEMO5K-4405,27,1,2,3,3,2,5,4,1,5,4,5,4,4,4,4,4,4,4,1,5,4,4,3,5,5,2,4,3,4,3,3,4,342546,0,1
DEMO5K-4406,34,2,2,2,2,5,1,1,3,3,2,2,2,2,2,1,1,2,1,1,1,1,3,2,1,1,2,1,4,3,3,2,2,59937,1,1
DEMO5K-4407,31,1,1,2,1,5,3,3,4,5,3,4,4,2,2,2,2,3,5,1,2,4,2,3,3,2,5,3,3,2,4,3,3,343814,0,1
DEMO5K-4408,28,2,3,5,3,4,4,3,4,5,3,4,1,2,3,3,1,2,4,1,4,3,1,2,4,3,1,1,3,3,1,3,1,645683,0,1
DEMO5K-4409,20,2,2,1,3,3,4,4,3,3,4,4,2,2,3,2,1,1,4,1,1,1,1,3,1,1,2,3,1,3,2,3,4,619490,0,1
DEMO5K-4410,30,2,2,4,3,1,4,5,2,5,5,5,4,3,4,4,3,2,2,1,3,4,1,4,3,2,4,3,3,5,3,3,3,575230,0,1
DEMO5K-4411,21,1,2,1,4,5,1,1,5,3,2,2,2,1,1,2,1,1,2,1,2,3,1,2,3,3,2,2,2,2,3,3,3,639791,0,1
DEMO5K-4412,22,1,2,2,3,1,3,4,1,3,5,4,5,5,3,3,4,2,4,1,4,2,5,3,4,2,5,3,2,5,5,5,4,547200,0,1
DEMO5K-4413,27,2,3,4,4,4,1,1,5,1,2,3,2,4,4,3,3,3,4,1,3,4,3,3,2,4,3,3,2,1,2,3,1,689128,0,1
DEMO5K-4414,21,1,1,2,4,4,2,2,5,1,1,2,1,2,2,2,1,2,4,1,2,2,3,1,3,2,3,3,2,4,2,2,1,496416,0,1
DEMO5K-4415,17,1,1,4,4,2,2,4,4,4,3,5,5,3,3,5,4,4,4,1,4,4,3,4,4,5,2,4,1,4,3,3,2,384177,0,1
DEMO5K-4416,24,1,3,4,2,4,2,2,3,4,2,1,4,5,3,4,4,4,4,1,5,2,4,4,3,5,4,5,4,3,2,3,5,671222,0,1
DEMO5K-4417,26,2,3,2,4,4,1,2,4,4,1,2,3,2,1,2,3,3,3,5,4,2,2,4,4,2,2,4,4,2,3,3,3,80462,1,0
DEMO5K-4418,20,2,2,5,3,1,4,5,2,3,4,3,4,3,4,5,5,5,4,1,5,4,4,4,4,5,3,3,3,5,3,4,5,412030,0,1
DEMO5K-4419,25,2,3,2,2,2,5,3,1,4,4,4,4,4,5,5,4,4,4,1,3,5,4,3,3,4,4,4,3,5,5,4,2,465483,0,1
DEMO5K-4420,18,1,3,1,4,2,5,4,1,4,5,5,1,3,3,2,3,2,1,1,2,4,3,4,3,4,2,1,1,1,3,2,2,517386,0,1
DEMO5K-4421,25,2,3,3,2,2,2,2,5,2,2,3,2,2,1,2,3,1,2,1,4,3,3,4,2,3,4,2,2,4,3,5,3,311712,0,1
DEMO5K-4422,21,1,3,5,4,2,1,2,3,2,2,4,3,3,3,3,2,3,2,1,3,1,1,1,4,2,5,2,2,3,3,3,4,539439,0,1
DEMO5K-4423,17,2,2,3,1,2,3,4,4,4,3,3,2,4,3,5,3,2,1,1,3,1,3,3,5,5,2,1,3,1,2,2,2,67937,1,1
DEMO5K-4424,31,2,2,5,3,3,2,3,2,3,4,5,3,3,1,2,3,1,2,1,3,2,2,1,1,2,4,3,3,3,3,3,3,480418,0,1
DEMO5K-4425,31,2,1,3,2,4,1,2,4,3,1,1,3,3,3,3,3,2,1,1,2,4,1,2,3,2,3,3,3,4,2,3,2,372830,0,1
DEMO5K-4426,28,1,3,3,3,4,2,2,3,3,4,4,2,2,3,2,2,2,4,1,5,4,4,3,4,4,3,3,2,2,2,4,2,631178,0,1
DEMO5K-4427,31,1,2,3,3,3,5,5,2,3,5,5,3,3,4,4,5,3,5,2,3,5,4,4,5,5,4,4,4,4,4,4,4,692853,0,0
DEMO5K-4428,24,1,3,1,2,4,3,4,2,3,2,2,4,1,2,3,2,4,4,1,4,4,3,4,4,4,2,4,3,3,4,5,4,517949,0,1
DEMO5K-4429,21,1,3,4,3,3,4,3,3,3,2,5,5,5,4,3,3,5,5,1,3,5,4,4,3,3,3,4,4,2,2,3,5,62605,1,1
DEMO5K-4430,27,2,3,2,2,3,3,2,3,3,4,4,5,3,3,4,4,3,3,1,1,2,2,4,3,3,3,3,4,5,5,2,3,644953,0,1
DEMO5K-4431,21,2,3,3,1,4,3,2,5,3,2,3,4,4,2,3,1,3,3,1,2,1,1,2,2,2,3,2,2,2,1,2,2,549080,0,1
DEMO5K-4432,35,2,1,1,3,1,5,5,1,5,4,5,5,5,5,5,5,5,4,1,5,4,5,3,5,5,5,5,4,5,4,5,3,312782,0,1
DEMO5K-4433,25,2,3,4,2,4,3,4,3,2,4,3,4,3,4,4,5,3,5,1,5,5,3,3,5,4,4,3,3,2,3,3,4,555038,0,1
DEMO5K-4434,32,1,1,3,2,2,4,4,3,3,2,4,4,3,3,3,4,3,3,1,3,4,4,4,3,5,4,3,5,3,3,3,3,417205,0,1
DEMO5K-4435,26,1,3,1,4,4,4,5,3,4,5,2,4,4,5,5,4,4,4,1,4,3,4,5,3,4,2,4,2,2,2,3,5,387327,0,1
DEMO5K-4436,23,1,1,4,4,3,2,2,4,2,2,3,2,1,1,1,2,2,1,1,3,4,4,2,4,1,3,4,3,4,5,4,3,647429,0,1
DEMO5K-4437,35,2,1,2,4,4,2,2,2,2,1,2,4,1,2,2,3,1,3,1,2,1,2,2,3,2,5,5,3,3,1,3,4,381283,0,1
DEMO5K-4438,17,1,3,5,2,3,4,3,5,3,5,4,1,2,3,3,2,4,3,1,2,3,3,4,4,2,5,3,4,4,5,4,3,581071,0,1
DEMO5K-4439,35,1,2,1,4,4,2,2,4,2,3,2,2,3,4,3,3,5,3,1,2,4,2,2,1,2,3,2,2,3,4,3,3,647850,0,1
DEMO5K-4440,20,1,3,1,2,4,2,4,3,3,2,2,5,4,5,5,4,4,4,1,3,3,4,3,3,4,3,5,3,3,3,3,4,573520,0,1
DEMO5K-4441,24,2,3,5,4,3,4,4,2,2,1,3,3,1,2,1,2,3,2,1,3,3,5,3,3,3,3,2,3,3,3,4,4,407331,0,1
DEMO5K-4442,28,1,2,1,1,1,5,5,2,4,5,4,3,5,5,5,5,4,5,4,5,2,5,3,5,5,2,5,2,4,5,5,5,334378,0,0
DEMO5K-4443,29,1,3,3,3,1,2,2,2,2,5,3,1,1,2,4,2,2,3,1,2,2,1,1,1,1,3,2,4,4,3,3,3,597667,0,1
DEMO5K-4444,18,2,2,5,1,2,3,3,3,4,5,3,3,5,3,3,4,4,3,1,3,3,3,3,4,3,1,4,1,3,2,4,1,640525,0,1
DEMO5K-4445,18,2,2,5,4,3,4,4,2,4,4,3,4,2,4,2,4,4,4,1,3,2,3,3,3,2,3,2,2,2,3,2,3,659184,0,1
DEMO5K-4446,19,2,2,4,3,4,5,5,3,4,4,5,4,4,2,4,5,3,5,1,3,4,2,3,3,3,3,5,3,4,4,3,5,397403,0,1
DEMO5K-4447,29,1,3,3,4,1,4,5,3,5,4,5,4,4,4,5,4,5,5,1,5,3,5,5,5,5,5,5,5,5,5,5,5,506042,0,1
DEMO5K-4448,17,1,3,1,3,1,2,1,4,1,1,2,3,2,3,3,1,2,3,1,1,1,2,1,1,2,2,3,2,2,2,1,3,572841,0,1
DEMO5K-4449,34,2,2,1,2,2,3,3,2,4,4,4,1,1,2,1,2,2,2,1,2,2,3,4,4,1,4,2,1,2,2,2,3,56480,1,1
DEMO5K-4450,32,2,2,4,3,4,2,3,5,2,1,1,2,2,3,3,3,1,3,3,3,2,2,2,1,4,3,3,2,3,1,3,2,476618,0,0
DEMO5K-4451,22,1,3,2,2,3,2,4,3,2,1,4,1,4,1,2,2,1,2,1,3,4,4,4,3,4,2,2,2,2,2,3,2,568145,0,1
DEMO5K-4452,22,2,1,3,3,4,4,3,4,3,5,4,2,1,4,2,3,2,3,1,2,2,2,1,2,2,4,2,4,3,3,3,3,519773,0,1
DEMO5K-4453,28,2,3,2,3,3,3,3,3,4,5,4,5,4,5,2,2,1,5,1,3,5,5,3,5,3,2,3,3,2,3,3,1,669600,0,1
DEMO5K-4454,26,2,3,3,3,4,2,3,3,2,2,3,3,2,4,3,3,3,2,1,3,3,2,5,2,1,4,5,5,4,4,5,5,524856,0,1
DEMO5K-4455,24,2,1,4,2,1,5,5,2,4,4,4,3,4,4,4,1,4,2,1,1,4,4,2,1,4,5,2,2,4,3,2,2,396337,0,1
DEMO5K-4456,26,2,3,2,2,5,1,1,5,2,2,1,4,3,3,3,3,4,3,1,4,5,2,2,3,2,2,4,2,5,3,4,5,664169,0,1
DEMO5K-4457,29,1,3,2,3,3,2,2,4,3,3,4,3,2,3,2,4,3,3,1,2,2,2,2,2,1,1,1,2,1,1,2,3,634669,0,1
DEMO5K-4458,33,1,1,3,2,2,4,5,4,5,5,3,4,4,3,2,3,2,2,1,3,2,1,2,1,2,1,4,2,3,2,4,3,477367,0,1
DEMO5K-4459,21,1,3,4,2,3,2,2,4,1,1,3,5,2,3,1,4,1,3,1,1,1,1,1,1,1,1,2,1,3,3,1,3,575313,0,1
DEMO5K-4460,28,1,2,4,3,3,2,2,4,2,2,2,1,1,2,1,1,3,2,1,2,3,2,4,2,2,2,2,3,1,2,2,3,494652,0,1
DEMO5K-4461,29,2,2,2,3,2,4,2,3,2,3,3,3,1,3,2,2,4,1,1,2,1,2,2,3,3,3,2,3,2,2,3,4,624679,0,1
DEMO5K-4462,33,2,2,2,4,2,3,4,4,3,3,4,5,4,3,4,4,5,3,1,3,4,4,4,5,5,4,4,4,4,5,5,3,45498,1,1
DEMO5K-4463,34,2,3,3,2,1,5,5,1,5,5,4,5,5,5,4,3,4,3,1,4,5,4,3,5,3,4,4,3,5,3,5,2,609547,0,1
DEMO5K-4464,17,2,3,3,1,1,4,5,1,4,5,4,4,5,2,4,4,5,5,1,5,4,3,5,5,4,3,4,3,3,2,4,3,64713,1,1
DEMO5K-4465,33,1,3,3,4,3,1,3,5,2,1,1,2,3,2,3,3,3,4,1,3,3,3,3,4,4,1,3,3,3,1,1,1,512213,0,1
DEMO5K-4466,30,2,2,1,2,3,5,4,3,4,3,3,2,2,4,4,2,2,3,1,4,3,4,5,2,3,3,4,4,4,4,3,2,324304,0,1
DEMO5K-4467,32,2,3,2,2,3,2,3,4,3,2,1,3,3,4,2,1,3,1,1,4,4,2,4,3,2,2,2,3,1,2,3,1,639025,0,1
DEMO5K-4468,19,2,2,4,2,3,2,3,3,3,3,4,4,3,4,4,4,3,4,1,1,3,3,4,4,2,4,4,4,2,3,3,4,407024,0,1
DEMO5K-4469,25,1,2,4,1,2,4,5,3,3,2,3,5,4,4,3,3,4,2,1,3,2,1,1,2,3,3,4,4,4,5,5,4,525396,0,1
DEMO5K-4470,32,2,3,3,2,3,3,3,3,3,4,4,5,4,4,4,4,3,2,1,2,2,2,3,1,5,4,3,4,2,4,3,3,607949,0,1
DEMO5K-4471,24,1,3,4,3,3,3,2,5,2,1,3,4,3,3,3,4,3,2,1,1,5,2,3,3,1,2,4,2,1,2,3,2,55792,1,1
DEMO5K-4472,18,2,1,3,3,3,3,2,4,1,2,2,2,3,4,5,3,3,3,1,3,1,1,3,2,2,2,3,1,3,3,1,1,443650,0,1
DEMO5K-4473,26,1,3,5,1,5,2,3,3,3,1,3,3,4,4,4,4,3,3,1,2,2,2,2,2,1,3,4,2,3,2,4,3,578616,0,1
DEMO5K-4474,33,1,3,1,2,1,3,3,3,3,2,4,3,2,4,3,3,3,5,2,3,4,2,5,3,4,1,1,3,2,2,1,2,580583,0,0
DEMO5K-4475,34,2,1,3,3,3,3,3,4,2,3,2,2,1,2,2,3,2,2,1,3,4,2,4,4,1,1,1,2,2,2,2,2,83512,1,1
DEMO5K-4476,19,2,3,3,4,1,5,5,1,5,5,5,4,4,1,3,1,4,2,1,4,4,4,4,1,3,5,3,4,4,3,4,3,597897,0,1
DEMO5K-4477,20,1,2,5,2,1,5,4,2,4,5,3,3,3,3,4,4,5,5,1,4,5,5,4,5,5,2,5,4,5,3,5,3,300058,0,1
DEMO5K-4478,28,1,1,1,4,2,4,2,5,4,3,4,4,4,5,2,1,1,3,1,3,3,2,3,2,1,1,1,1,1,1,1,2,388707,0,1
DEMO5K-4479,29,2,3,1,3,4,3,1,4,2,2,2,1,1,2,2,3,2,1,1,3,3,2,4,3,1,3,1,2,3,3,2,2,592297,0,1
DEMO5K-4480,34,1,3,3,4,1,2,4,4,3,4,4,5,4,4,4,5,4,4,1,2,3,3,1,2,3,4,2,4,4,3,3,1,512190,0,1
DEMO5K-4481,25,2,2,2,4,1,4,5,1,4,5,5,3,4,4,2,5,4,4,1,4,3,3,3,2,5,4,4,4,3,2,5,3,451398,0,1
DEMO5K-4482,20,1,2,1,2,5,3,1,3,1,3,1,3,3,2,4,3,4,5,1,3,1,3,3,1,1,2,4,3,2,3,2,1,65789,1,1
DEMO5K-4483,22,2,3,4,1,1,5,4,1,5,4,3,5,3,5,5,5,5,4,1,2,2,2,4,4,3,2,3,1,4,3,3,3,565610,0,1
DEMO5K-4484,31,2,2,3,3,4,3,3,3,3,1,2,5,2,3,3,3,3,3,1,3,5,4,2,4,4,1,4,3,2,4,3,1,498688,0,1
DEMO5K-4485,18,1,1,3,3,4,3,5,2,4,3,4,3,3,3,2,4,4,3,1,4,3,4,3,4,4,5,5,4,4,5,3,4,681579,0,1
DEMO5K-4486,22,2,2,2,4,4,3,3,2,2,3,5,3,3,4,4,4,5,4,1,4,3,3,1,4,4,2,2,1,2,1,4,3,628423,0,1
DEMO5K-4487,30,2,3,4,4,3,2,3,3,2,3,4,4,2,2,3,3,1,3,1,3,2,3,3,2,2,4,3,5,5,4,3,4,698141,0,1
DEMO5K-4488,17,2,2,2,3,4,2,1,2,3,2,1,5,1,3,3,4,2,2,1,1,1,1,1,2,3,1,1,1,1,2,2,2,374030,0,1
DEMO5K-4489,18,2,2,3,2,3,4,3,1,2,3,3,4,2,2,4,4,3,2,1,3,5,4,2,1,3,3,3,1,4,5,3,3,46502,1,1
DEMO5K-4490,29,2,3,5,3,4,2,2,5,1,4,2,4,2,3,3,2,3,1,1,3,5,2,4,3,3,3,3,2,4,3,3,2,324338,0,1
DEMO5K-4491,18,1,2,4,1,2,2,4,3,3,1,4,1,1,3,2,3,1,3,1,3,2,3,1,4,2,4,3,2,3,4,2,3,372738,0,1
DEMO5K-4492,23,1,2,5,3,3,1,2,5,3,3,2,4,3,2,3,2,4,3,1,2,3,3,3,2,3,1,4,3,3,2,4,5,472361,0,1
DEMO5K-4493,31,2,1,1,3,2,4,5,3,5,5,3,3,3,4,2,3,3,4,1,3,2,3,2,2,3,5,5,5,4,4,5,5,594257,0,1
DEMO5K-4494,27,2,1,1,1,5,4,3,3,4,2,5,2,2,2,3,2,2,1,1,4,2,5,4,4,3,3,3,4,4,3,4,3,58037,1,1
DEMO5K-4495,28,1,2,5,4,5,1,1,5,1,1,1,2,1,1,1,1,3,2,1,2,2,3,3,3,1,2,1,1,1,2,2,2,338050,0,1
DEMO5K-4496,23,1,1,2,3,5,2,2,5,1,2,3,2,3,3,3,2,3,2,1,5,3,4,4,4,4,1,2,2,1,1,2,2,592787,0,1
DEMO5K-4497,19,1,3,5,4,2,5,4,3,3,2,2,3,4,3,2,2,4,3,1,3,3,4,3,2,2,3,3,2,2,3,4,3,661421,0,1
DEMO5K-4498,28,2,3,1,2,3,2,4,3,2,4,5,3,4,4,4,1,5,2,1,4,3,4,4,2,5,5,3,4,4,4,4,5,645727,0,1
DEMO5K-4499,29,2,3,3,2,1,3,4,3,3,4,3,3,4,4,4,4,4,3,1,5,4,4,5,4,4,2,2,3,2,2,4,2,346481,0,1
DEMO5K-4500,26,2,2,5,4,2,4,4,2,4,4,4,4,5,3,3,5,1,4,1,5,4,4,4,2,5,5,3,4,5,5,5,4,645429,0,1
DEMO5K-4501,25,1,2,1,2,3,4,2,4,2,3,3,4,4,2,1,5,5,4,1,3,3,3,2,1,2,4,2,2,2,1,3,2,437184,0,1
DEMO5K-4502,35,2,1,2,3,3,2,5,3,3,5,3,3,5,4,3,4,4,5,4,3,5,4,4,2,3,2,2,3,1,3,1,3,603152,0,0
DEMO5K-4503,20,1,1,1,4,2,5,4,1,4,3,3,4,3,5,4,3,4,3,1,3,3,3,3,3,3,5,3,3,3,4,5,3,588716,0,1
DEMO5K-4504,32,1,2,5,2,1,5,5,1,4,4,3,3,4,3,3,4,2,2,1,5,4,4,3,3,3,2,4,4,5,3,2,2,652941,0,1
DEMO5K-4505,18,2,2,2,4,2,4,2,2,5,5,5,3,4,3,2,4,2,3,1,3,2,2,3,3,2,4,4,3,3,4,3,3,431822,0,1
DEMO5K-4506,31,2,2,2,4,5,1,1,5,2,3,2,1,1,2,2,1,1,1,1,3,1,1,1,2,1,4,4,2,3,2,4,3,469558,0,1
DEMO5K-4507,28,2,2,3,1,3,2,3,2,5,4,4,3,4,4,5,4,3,3,1,3,2,5,4,4,3,4,4,4,5,2,4,3,631893,0,1
DEMO5K-4508,21,1,2,1,3,3,5,4,2,5,1,4,5,4,3,4,4,4,4,1,4,2,4,5,3,4,3,5,4,4,3,3,5,401831,0,1
DEMO5K-4509,31,2,3,3,3,3,3,4,3,2,3,1,5,3,3,4,4,5,4,1,3,5,4,2,2,5,5,4,5,5,3,5,4,330158,0,1
DEMO5K-4510,29,1,1,4,3,3,5,2,2,2,3,4,3,5,5,3,4,4,5,1,5,4,5,5,5,4,4,1,4,2,4,3,3,349765,0,1
DEMO5K-4511,35,2,2,1,1,2,4,4,2,4,4,4,5,5,5,5,5,5,5,1,4,5,4,5,5,5,5,5,4,4,3,4,3,641174,0,1
DEMO5K-4512,21,1,2,4,1,4,1,2,4,3,2,1,1,2,2,3,1,2,1,1,1,2,3,3,1,1,2,3,2,2,2,1,2,305259,0,1
DEMO5K-4513,29,2,1,2,3,5,1,1,5,2,3,2,3,2,1,3,3,1,3,1,2,1,3,1,1,3,1,4,2,4,3,2,2,675087,0,1
DEMO5K-4514,20,2,3,2,4,1,3,5,2,4,5,4,4,5,5,4,5,5,5,1,5,4,4,3,5,4,5,5,5,5,4,5,2,336330,0,1
DEMO5K-4515,17,2,2,3,3,3,3,2,4,2,3,2,3,3,2,1,2,2,3,1,4,3,4,3,3,2,4,2,2,3,4,2,2,606928,0,1
DEMO5K-4516,30,2,1,3,1,1,5,3,4,4,4,3,5,5,4,3,2,4,3,1,2,4,5,1,3,2,5,5,5,3,5,4,4,651810,0,1
DEMO5K-4517,27,1,2,5,3,5,4,2,4,4,4,4,4,2,2,3,2,1,2,1,3,3,1,3,2,4,1,2,3,3,2,2,3,53081,1,1
DEMO5K-4518,19,1,3,2,4,5,3,3,2,4,2,3,2,2,3,1,2,2,1,1,5,3,2,3,3,3,2,1,2,2,1,2,3,602782,0,1
DEMO5K-4519,32,2,2,1,4,3,3,1,5,2,1,2,3,1,2,3,3,3,2,1,4,2,3,5,4,3,4,3,3,4,3,4,1,616387,0,1
DEMO5K-4520,23,2,3,1,1,5,3,5,2,4,4,5,3,3,4,3,4,5,4,1,2,3,1,2,2,3,4,4,2,2,4,3,4,403698,0,1
DEMO5K-4521,35,1,2,4,3,4,2,2,4,2,2,4,3,3,3,5,1,4,3,1,5,5,4,4,3,4,3,4,3,3,3,2,2,419521,0,1
DEMO5K-4522,28,1,2,3,1,3,4,2,3,3,3,4,4,5,2,4,4,3,4,1,3,3,2,3,3,3,2,3,2,2,1,2,3,598434,0,1
DEMO5K-4523,31,1,2,5,1,4,2,3,3,2,2,4,1,3,3,3,3,3,1,1,2,1,1,2,2,3,2,2,3,2,2,3,3,656753,0,1
DEMO5K-4524,22,2,2,5,3,5,2,3,4,3,1,3,2,1,1,2,1,1,1,1,1,4,3,3,3,3,2,2,3,2,2,3,2,468331,0,1
DEMO5K-4525,28,1,3,2,3,3,5,2,1,4,4,3,4,3,3,4,3,3,1,1,1,3,3,3,4,2,5,4,4,2,5,4,5,438029,0,1
DEMO5K-4526,30,2,3,1,4,2,5,5,1,5,4,3,2,5,4,2,3,1,3,1,3,3,2,4,2,1,2,3,1,2,2,4,2,484756,0,1
DEMO5K-4527,28,2,1,4,2,3,2,1,4,3,2,4,3,3,4,2,2,2,3,1,2,2,3,2,2,1,1,1,1,1,2,2,1,318171,0,1
DEMO5K-4528,34,1,1,3,4,2,3,4,4,5,3,3,4,3,4,5,5,5,4,2,5,3,4,4,5,4,4,2,2,3,5,3,2,444840,0,0
DEMO5K-4529,21,1,2,3,3,3,2,4,5,3,3,2,2,2,2,4,3,2,2,1,4,2,1,4,2,3,1,2,4,3,2,3,4,57672,1,1
DEMO5K-4530,19,1,2,4,3,3,2,3,3,3,2,2,2,5,2,3,3,3,5,1,3,3,3,4,2,5,3,2,3,2,3,3,5,358734,0,1
DEMO5K-4531,17,2,2,2,3,4,3,5,1,2,3,4,4,3,3,4,2,4,3,1,2,3,2,3,4,3,4,3,5,3,4,4,5,608750,0,1
DEMO5K-4532,21,2,3,2,2,4,4,4,5,2,2,4,4,2,2,3,3,2,2,5,1,1,2,1,1,2,2,4,2,3,1,2,3,344448,0,0
DEMO5K-4533,19,2,2,3,3,4,5,3,3,3,2,4,4,3,3,4,3,4,2,1,4,2,2,4,4,4,3,5,4,4,4,5,4,598254,0,1
DEMO5K-4534,33,2,3,3,3,2,4,3,4,5,3,3,3,2,3,3,2,3,4,1,3,3,3,2,1,3,5,5,4,5,4,4,5,380133,0,1
DEMO5K-4535,29,2,3,4,3,3,2,2,3,2,4,3,5,3,3,3,5,4,3,1,4,5,5,5,5,4,3,3,2,1,2,2,1,326322,0,1
DEMO5K-4536,25,2,3,2,3,3,2,2,4,4,3,2,4,5,5,5,3,5,4,1,2,3,4,4,3,4,3,3,2,4,4,3,3,665893,0,1
DEMO5K-4537,17,2,2,2,3,3,2,2,4,1,1,3,1,4,1,2,3,2,2,1,2,2,3,2,2,1,3,2,3,4,3,2,1,447424,0,1
DEMO5K-4538,33,1,2,3,4,2,2,3,4,3,3,4,3,3,5,2,3,3,4,1,3,5,5,3,5,4,3,5,5,3,4,3,4,360246,0,1
DEMO5K-4539,28,1,1,2,2,2,3,2,2,4,4,5,3,4,3,4,4,5,3,2,3,3,4,4,4,2,2,4,3,4,3,4,3,672346,0,0
DEMO5K-4540,23,1,2,1,4,5,2,1,4,1,2,1,3,5,4,4,4,4,2,1,5,2,2,2,3,4,2,4,5,3,1,3,2,488905,0,1
DEMO5K-4541,20,2,2,2,4,3,3,2,4,3,2,4,2,3,3,4,4,3,4,1,5,4,3,5,4,3,2,1,1,3,4,2,3,401190,0,1
DEMO5K-4542,18,1,3,1,4,2,3,5,3,5,4,5,5,4,3,4,4,4,3,1,4,3,4,4,4,4,3,5,4,5,3,5,3,500001,0,1
DEMO5K-4543,27,1,2,1,1,5,1,2,4,2,2,2,1,1,1,1,1,1,1,1,1,2,2,3,2,1,2,1,1,4,2,2,1,458566,0,1
DEMO5K-4544,30,2,3,5,2,5,1,3,4,5,4,2,2,4,1,4,5,3,3,1,4,4,4,4,3,2,1,1,1,1,3,2,2,687601,0,1
DEMO5K-4545,35,2,2,2,2,2,2,2,3,2,5,4,4,2,3,2,1,2,4,1,4,4,5,4,3,3,3,4,3,3,3,5,3,553499,0,1
DEMO5K-4546,33,2,2,1,4,5,3,4,2,5,5,4,2,3,3,3,2,2,2,1,3,3,4,5,4,4,3,3,2,2,4,5,3,359034,0,1
DEMO5K-4547,29,1,2,3,2,4,2,2,3,2,2,2,3,2,4,3,2,3,3,1,3,1,2,1,2,2,3,3,1,2,2,2,3,402524,0,1
DEMO5K-4548,29,2,3,3,3,2,5,1,3,4,4,3,3,3,2,4,4,3,3,1,2,1,3,2,4,3,5,4,3,1,3,3,1,346328,0,1
DEMO5K-4549,29,2,3,1,2,2,2,2,2,3,3,4,5,4,4,5,3,5,3,1,5,3,4,4,1,5,5,3,2,3,5,4,3,543689,0,1
DEMO5K-4550,27,1,2,2,3,1,3,4,3,1,4,4,4,2,5,3,3,5,4,1,3,4,3,3,3,2,4,3,3,3,2,5,2,319549,0,1
DEMO5K-4551,24,2,3,3,3,3,4,4,2,4,4,5,3,3,3,3,3,4,3,1,3,3,4,3,4,1,3,5,5,5,4,4,3,575136,0,1
DEMO5K-4552,32,2,3,2,2,4,4,5,1,3,3,2,4,3,4,5,4,5,5,1,4,4,5,5,3,4,4,2,5,4,4,5,5,599324,0,1
DEMO5K-4553,19,1,2,2,3,2,3,3,3,3,2,4,4,2,3,3,1,5,3,1,4,1,1,3,3,3,4,2,3,1,2,2,3,356702,0,1
DEMO5K-4554,27,2,2,4,4,3,2,3,3,3,2,3,3,3,2,3,2,4,4,1,3,4,4,2,3,5,3,1,3,2,1,2,2,365490,0,1
DEMO5K-4555,20,2,3,4,1,5,3,2,3,2,1,3,3,2,2,2,3,4,1,1,2,3,2,3,2,2,1,2,4,2,2,1,2,552956,0,1
DEMO5K-4556,18,2,3,3,2,1,2,2,4,4,2,2,3,4,4,5,3,4,3,1,3,3,2,5,2,3,4,3,4,3,5,3,4,572647,0,1
DEMO5K-4557,26,2,2,1,3,4,2,2,5,3,2,2,2,3,3,3,3,4,3,1,2,2,3,3,2,2,1,2,1,3,1,2,2,608198,0,1
DEMO5K-4558,30,2,3,4,3,2,4,2,2,5,3,3,4,4,4,4,4,5,5,1,2,1,2,3,2,2,2,1,1,2,2,2,3,531718,0,1
DEMO5K-4559,17,1,3,2,2,3,2,3,4,2,1,2,3,1,2,3,3,2,2,1,2,2,1,4,3,3,1,1,3,2,1,1,3,643388,0,1
DEMO5K-4560,29,1,1,1,4,3,1,3,3,2,3,2,1,1,2,2,2,2,1,1,2,3,4,2,1,2,3,4,2,4,3,2,3,456935,0,1
DEMO5K-4561,33,1,1,3,4,1,3,4,3,5,3,4,3,3,2,3,2,4,3,1,4,3,3,3,4,4,4,2,3,3,3,4,3,415046,0,1
DEMO5K-4562,25,1,3,5,3,2,3,2,3,3,4,1,1,4,2,3,3,2,2,1,2,3,3,3,5,3,4,4,5,4,5,5,5,530699,0,1
DEMO5K-4563,26,1,2,2,3,2,4,5,2,4,3,4,3,3,5,4,4,4,4,1,4,4,4,3,5,3,2,2,3,5,2,4,3,361740,0,1
DEMO5K-4564,21,2,1,1,4,4,3,3,3,3,2,3,1,2,3,2,2,3,1,1,3,4,2,4,3,3,4,3,2,4,4,1,4,679583,0,1
DEMO5K-4565,24,1,2,3,3,5,2,3,4,2,2,2,1,1,1,1,1,2,2,1,3,1,4,2,2,3,1,1,2,1,1,1,1,696907,0,1
DEMO5K-4566,33,1,1,1,1,3,3,4,3,2,3,3,3,1,2,3,4,3,4,1,1,2,2,1,2,2,3,4,3,3,3,3,3,669057,0,1
DEMO5K-4567,22,1,3,5,3,5,1,2,4,2,1,2,2,3,4,4,4,3,3,1,2,3,2,1,4,1,4,2,3,3,2,3,1,566601,0,1
DEMO5K-4568,24,2,2,4,2,3,5,3,1,4,5,5,5,5,5,3,5,5,5,1,5,4,5,5,5,4,3,4,4,4,5,3,5,414995,0,1
DEMO5K-4569,31,2,3,1,4,4,3,3,1,3,3,4,4,4,4,5,3,4,3,1,5,5,5,4,3,4,3,3,4,3,5,5,5,413953,0,1
DEMO5K-4570,30,1,3,3,2,5,3,3,3,1,2,2,1,1,2,1,2,1,1,1,1,5,3,2,3,3,2,3,1,3,1,1,3,614257,0,1
DEMO5K-4571,33,2,2,5,3,3,3,3,4,2,4,1,3,2,4,4,2,3,2,1,4,4,3,3,2,4,2,1,4,2,1,4,1,457637,0,1
DEMO5K-4572,26,1,2,5,3,3,3,4,1,4,5,3,4,2,5,2,4,3,2,5,4,2,3,3,3,3,3,2,2,4,2,3,3,611755,0,0
DEMO5K-4573,35,2,3,4,2,2,3,3,4,3,3,5,2,3,4,4,4,4,3,1,4,5,4,4,3,5,5,3,4,5,5,5,2,577151,0,1
DEMO5K-4574,22,2,2,1,1,3,4,4,2,4,4,5,4,5,5,5,4,4,5,1,5,3,3,3,4,2,4,3,3,3,3,4,2,351175,0,1
DEMO5K-4575,21,2,2,2,2,3,3,4,2,2,4,3,4,4,1,3,1,1,1,1,5,5,4,4,3,4,3,4,3,4,2,3,4,336395,0,1
DEMO5K-4576,32,2,2,5,3,3,4,3,2,3,4,5,5,4,5,5,4,5,4,1,4,4,4,3,5,5,3,4,5,5,5,5,5,449454,0,1
DEMO5K-4577,20,2,2,1,1,1,4,3,5,2,4,4,4,4,2,3,3,5,3,1,4,3,3,4,3,2,4,5,4,5,3,5,5,626181,0,1
DEMO5K-4578,28,1,2,1,4,3,3,3,4,3,3,2,2,2,2,1,2,2,2,1,4,3,4,4,4,4,1,4,3,3,2,3,4,481411,0,1
DEMO5K-4579,21,2,2,2,2,2,4,4,1,3,4,4,5,3,4,4,2,5,5,1,5,5,5,5,3,3,4,4,3,3,4,5,2,420897,0,1
DEMO5K-4580,29,1,1,3,4,2,3,3,3,4,2,2,5,5,5,2,3,3,2,1,4,4,5,3,4,3,4,5,5,5,5,5,5,464489,0,1
DEMO5K-4581,28,1,3,1,3,4,4,2,4,4,3,3,3,3,3,3,5,4,4,1,3,3,2,3,3,3,4,2,2,4,3,4,1,462012,0,1
DEMO5K-4582,29,2,3,5,3,1,3,4,4,3,3,3,5,3,4,2,3,4,4,1,3,3,5,3,5,2,3,5,3,5,4,4,5,605822,0,1
DEMO5K-4583,25,1,3,1,4,3,3,2,3,4,3,2,2,3,2,1,2,3,2,4,2,1,2,4,2,3,1,2,2,2,3,2,3,606023,0,0
DEMO5K-4584,25,2,3,1,1,3,2,3,2,4,3,1,3,4,4,1,1,1,1,1,3,2,2,2,3,2,1,1,2,1,1,2,2,63234,1,1
DEMO5K-4585,30,2,3,2,3,2,5,4,2,4,4,4,4,5,5,3,5,4,5,1,5,4,4,5,4,5,5,5,3,4,4,4,4,680450,0,1
DEMO5K-4586,18,2,3,5,3,4,3,4,3,4,3,3,3,2,2,1,1,4,3,1,3,3,3,5,2,2,2,3,4,2,3,4,3,607536,0,1
DEMO5K-4587,30,2,2,2,2,3,4,4,1,3,4,4,3,3,2,1,1,2,2,3,3,4,4,3,5,3,5,5,3,4,3,3,3,300236,0,0
DEMO5K-4588,35,2,2,1,4,2,3,5,1,5,4,4,2,4,3,4,4,4,4,1,3,4,4,4,4,4,4,5,5,4,5,5,5,678324,0,1
DEMO5K-4589,22,1,3,2,3,2,5,2,2,4,2,4,4,5,3,5,3,3,4,1,5,5,4,4,4,4,5,4,5,4,3,3,2,647589,0,1
DEMO5K-4590,17,1,2,4,1,3,5,3,2,5,4,5,5,5,5,4,5,5,5,1,5,5,5,4,4,5,4,5,4,2,3,5,4,521527,0,1
DEMO5K-4591,22,1,1,2,3,4,3,3,3,4,2,5,2,3,2,1,3,4,1,1,2,2,2,2,3,4,2,3,3,2,3,2,3,379126,0,1
DEMO5K-4592,32,2,3,4,2,1,4,5,1,4,5,5,4,2,4,5,4,2,3,1,5,3,3,5,4,5,3,3,3,4,3,3,5,565728,0,1
DEMO5K-4593,19,2,1,4,4,1,5,4,3,5,4,5,4,5,5,3,4,5,3,1,5,5,5,5,5,5,3,4,4,3,5,5,3,445075,0,1
DEMO5K-4594,18,2,3,2,3,2,3,3,4,2,3,4,4,4,2,4,3,2,3,1,3,3,4,5,2,4,3,3,3,1,3,5,3,54711,1,1
DEMO5K-4595,35,2,3,2,1,3,2,2,1,4,2,3,1,1,1,2,1,2,2,1,2,3,4,2,2,3,1,1,1,1,2,2,1,663572,0,1
DEMO5K-4596,22,2,1,1,2,3,2,1,5,2,1,3,5,3,5,4,5,4,3,1,1,1,5,2,2,1,3,2,3,3,3,3,2,658343,0,1
DEMO5K-4597,29,2,2,2,1,3,4,4,3,2,2,2,2,3,2,3,1,2,4,1,3,5,3,4,4,3,3,3,2,3,2,3,1,516972,0,1
DEMO5K-4598,26,2,3,2,3,1,1,4,2,4,4,3,4,5,4,3,2,2,5,1,5,4,4,4,3,5,4,2,4,3,5,4,3,53096,1,1
DEMO5K-4599,21,2,2,5,3,4,1,2,5,1,2,4,3,2,2,3,3,2,3,1,2,4,4,5,3,4,3,3,4,5,4,3,2,555297,0,1
DEMO5K-4600,22,1,1,3,3,3,1,2,2,3,2,2,5,5,3,3,3,3,4,1,4,4,4,4,2,3,2,4,4,2,3,3,3,530690,0,1
DEMO5K-4601,20,2,3,5,4,4,2,2,4,1,3,3,1,1,1,2,2,3,2,1,1,3,4,2,2,2,4,5,2,2,4,2,3,55630,1,1
DEMO5K-4602,35,1,2,1,4,3,4,5,3,5,4,4,3,2,4,4,3,2,3,1,3,1,2,2,3,2,1,2,5,3,5,2,2,539660,0,1
DEMO5K-4603,32,2,3,5,2,3,2,1,4,1,1,1,1,1,1,2,1,3,2,1,3,4,3,1,2,4,2,1,2,3,1,3,2,404478,0,1
DEMO5K-4604,28,2,2,3,1,2,4,5,3,5,3,3,4,3,5,5,4,2,4,1,4,4,5,4,3,4,5,5,4,5,4,5,5,346450,0,1
DEMO5K-4605,28,2,3,2,2,1,5,3,3,3,4,5,2,2,3,4,2,2,3,1,3,2,2,2,2,4,4,3,1,4,4,4,3,559193,0,1
DEMO5K-4606,33,2,3,2,2,3,1,3,2,4,3,2,2,2,3,3,2,2,2,1,3,3,2,2,1,2,4,3,4,4,3,3,3,303121,0,1
DEMO5K-4607,31,2,2,3,3,2,3,4,2,3,5,4,4,5,5,3,4,5,4,1,5,5,3,5,3,4,5,5,5,5,4,5,5,459678,0,1
DEMO5K-4608,26,2,3,4,2,3,2,3,2,2,3,4,3,3,2,3,3,2,2,1,2,2,2,3,5,2,3,2,2,2,3,1,2,45118,1,1
DEMO5K-4609,35,2,1,2,3,2,3,5,2,4,3,4,3,3,3,4,3,3,3,1,3,3,4,2,4,5,3,2,4,3,4,2,4,372409,0,1
DEMO5K-4610,27,1,3,5,4,5,4,2,5,3,5,3,2,2,3,2,3,1,1,1,4,4,3,2,2,3,2,1,1,2,1,1,2,323057,0,1
DEMO5K-4611,23,2,2,2,4,2,4,3,2,3,5,3,5,4,4,5,5,3,4,1,1,2,2,2,5,4,2,4,3,4,2,3,2,580939,0,1
DEMO5K-4612,25,1,2,1,1,3,3,4,1,5,4,1,3,1,4,4,3,4,3,1,1,1,2,2,3,2,2,2,1,3,2,1,3,624261,0,1
DEMO5K-4613,26,1,2,2,1,2,5,5,1,3,4,5,3,2,4,4,4,3,3,1,3,2,4,3,4,5,5,3,4,3,5,5,4,544557,0,1
DEMO5K-4614,30,2,3,4,4,3,2,2,3,1,1,2,2,3,3,3,4,4,5,1,3,2,3,3,1,2,2,3,4,3,4,2,3,357971,0,1
DEMO5K-4615,21,2,3,5,3,2,4,5,2,4,5,3,4,5,4,2,2,3,3,4,4,5,5,4,4,4,4,1,5,3,3,4,3,379037,0,0
DEMO5K-4616,17,1,2,1,4,3,3,4,4,3,3,4,5,4,3,5,4,4,3,1,4,4,3,2,4,3,4,4,3,3,3,3,3,542127,0,1
DEMO5K-4617,20,2,3,2,3,5,2,1,5,1,1,3,3,3,4,3,3,4,4,1,2,3,4,5,3,5,4,5,4,4,4,5,4,635185,0,1
DEMO5K-4618,26,2,1,5,2,2,2,2,3,1,1,1,3,1,2,3,2,1,3,1,2,1,1,3,3,1,3,2,4,5,3,4,3,683402,0,1
DEMO5K-4619,20,2,2,3,2,4,4,4,2,3,5,3,2,2,3,4,2,2,2,1,2,3,3,3,3,3,5,3,2,3,3,4,2,557927,0,1
DEMO5K-4620,31,2,2,3,2,2,2,1,4,3,1,3,1,3,2,3,2,2,1,1,2,4,4,4,3,2,3,1,2,2,2,2,2,459259,0,1
DEMO5K-4621,18,2,2,5,3,2,4,2,2,3,3,3,3,2,1,3,2,3,2,1,2,2,2,1,1,1,4,4,2,4,4,4,2,547284,0,1
DEMO5K-4622,28,2,2,5,2,4,3,1,3,3,3,3,4,2,3,4,2,1,3,1,3,1,1,3,2,4,2,3,4,2,3,3,1,687523,0,1
DEMO5K-4623,28,1,1,3,4,4,3,1,3,2,2,1,4,1,4,4,3,3,3,1,3,4,3,4,3,4,2,2,1,2,1,1,3,591445,0,1
DEMO5K-4624,27,2,2,2,3,3,1,3,4,3,1,2,3,4,4,1,3,2,4,1,4,4,4,4,5,5,4,5,4,2,4,4,5,614767,0,1
DEMO5K-4625,17,1,1,3,1,3,3,4,3,2,3,2,4,4,4,2,4,3,4,1,3,3,1,3,2,3,4,2,2,3,2,3,3,615647,0,1
DEMO5K-4626,25,1,3,1,4,3,2,5,2,4,4,4,3,1,3,1,2,1,1,1,4,2,3,4,3,2,4,5,4,4,5,4,3,487298,0,1
DEMO5K-4627,32,1,1,5,3,2,4,3,2,4,3,3,3,1,3,4,4,3,4,1,2,2,4,3,2,3,3,3,4,4,4,4,4,385030,0,1
DEMO5K-4628,35,1,2,2,4,4,2,3,3,4,3,3,3,4,4,3,2,2,5,1,2,3,3,2,2,3,5,4,3,4,3,3,4,508779,0,1
DEMO5K-4629,33,2,2,5,2,1,3,2,2,3,2,3,3,2,4,4,2,4,2,1,3,1,2,2,2,1,4,4,2,3,3,3,1,626592,0,1
DEMO5K-4630,28,2,2,4,1,3,5,3,1,4,4,5,3,1,3,2,5,3,4,1,4,5,3,3,4,2,2,5,3,2,2,2,3,615645,0,1
DEMO5K-4631,23,1,2,2,2,3,2,3,5,3,3,5,4,2,4,2,5,3,4,1,3,5,3,3,3,3,1,3,4,3,4,2,4,408180,0,1
DEMO5K-4632,23,1,3,5,3,4,2,2,3,2,2,2,1,2,2,3,3,3,2,1,3,4,3,4,2,3,1,3,2,2,3,2,1,632836,0,1
DEMO5K-4633,35,2,2,1,2,3,1,1,4,2,1,3,3,2,1,3,1,1,1,1,1,2,3,2,2,1,3,2,3,4,3,3,1,475890,0,1
DEMO5K-4634,31,1,1,5,3,4,4,2,1,4,3,5,4,5,4,3,3,2,4,1,4,5,3,4,3,5,4,1,3,5,5,3,3,566006,0,1
DEMO5K-4635,28,2,3,3,4,3,2,2,5,4,2,1,3,2,4,3,2,4,5,1,4,5,3,3,2,5,4,2,3,3,3,3,4,504789,0,1
DEMO5K-4636,25,2,2,3,4,1,5,2,3,5,5,5,4,4,5,4,2,5,2,1,4,5,4,4,5,3,5,5,5,5,5,4,5,546136,0,1
DEMO5K-4637,22,2,1,4,4,3,2,1,3,2,2,1,5,4,4,3,2,5,5,1,5,4,2,5,3,4,4,2,3,3,5,1,2,336050,0,1
DEMO5K-4638,21,1,2,3,3,2,5,4,3,5,4,4,4,4,4,5,5,3,5,1,4,3,3,5,3,3,5,5,2,5,5,5,3,559964,0,1
DEMO5K-4639,29,2,3,3,2,2,5,3,1,4,5,3,2,5,3,2,2,4,2,1,1,2,3,3,3,2,3,3,3,5,2,4,5,527069,0,1
DEMO5K-4640,29,2,2,5,2,4,2,1,4,1,1,3,2,2,3,4,2,2,2,1,3,4,2,4,2,3,2,4,3,4,3,3,2,348527,0,1
DEMO5K-4641,28,2,3,4,4,3,3,5,3,2,2,3,2,2,2,5,3,2,3,1,2,2,3,4,3,1,2,1,1,1,1,1,1,368014,0,1
DEMO5K-4642,30,1,2,2,3,5,2,2,4,2,2,2,4,2,3,2,3,4,2,1,3,3,3,2,1,2,2,2,3,2,4,3,4,573094,0,1
DEMO5K-4643,32,2,3,5,3,4,3,2,3,2,2,2,4,3,4,3,3,2,3,1,5,5,4,5,5,4,2,3,3,1,2,2,3,498276,0,1
DEMO5K-4644,24,1,2,3,4,1,2,3,2,4,4,4,2,2,3,4,1,2,3,1,1,3,1,1,2,2,2,2,5,2,1,3,4,306554,0,1
DEMO5K-4645,29,2,1,5,4,3,5,5,3,4,3,4,2,3,4,4,3,3,2,1,2,5,4,5,5,5,2,4,2,3,3,2,3,673755,0,1
DEMO5K-4646,33,1,2,3,3,5,1,1,5,3,1,2,3,2,5,3,2,4,3,1,3,2,5,2,4,2,2,2,2,2,2,2,2,670243,0,1
DEMO5K-4647,23,2,1,4,3,5,3,3,4,3,1,4,5,5,3,3,4,4,3,1,3,3,4,4,2,3,4,3,4,4,4,5,4,325434,0,1
DEMO5K-4648,30,2,1,2,2,5,2,3,4,3,4,2,3,2,2,3,3,3,4,1,4,1,4,2,1,1,4,4,5,4,1,4,5,405866,0,1
DEMO5K-4649,33,2,2,3,3,4,3,4,3,2,4,2,3,4,2,3,2,3,5,1,4,3,2,3,3,5,2,2,2,3,3,1,4,81772,1,1
DEMO5K-4650,30,1,3,3,1,5,3,4,4,3,2,5,5,4,2,5,3,2,3,1,1,3,4,2,2,2,3,1,3,2,2,1,2,658214,0,1
DEMO5K-4651,28,1,3,2,2,4,3,1,4,2,4,2,3,3,4,3,3,3,3,1,2,3,2,4,3,4,3,3,4,2,3,3,3,551611,0,1
DEMO5K-4652,28,1,2,1,1,3,4,2,3,5,3,4,2,1,5,3,2,5,4,1,4,4,4,4,4,4,2,3,5,2,3,3,4,575164,0,1
DEMO5K-4653,19,1,2,3,2,1,4,4,4,4,4,5,2,3,2,4,1,4,1,4,2,1,4,4,4,2,4,3,2,5,3,4,4,53384,1,0
DEMO5K-4654,24,2,2,2,4,1,4,4,2,5,5,5,2,1,3,2,2,2,3,1,3,1,4,3,3,1,4,4,2,4,3,5,2,325723,0,1
DEMO5K-4655,18,2,1,1,4,4,2,2,4,2,3,2,4,4,4,3,4,3,4,1,3,1,2,1,2,4,3,3,3,3,3,2,2,581857,0,1
DEMO5K-4656,26,1,2,3,1,5,1,1,5,1,1,1,3,2,1,1,2,2,1,1,1,2,1,1,1,1,1,1,1,2,2,1,2,442366,0,1
DEMO5K-4657,34,1,1,2,4,3,1,1,4,1,1,1,3,4,1,4,4,2,2,1,3,4,5,4,3,3,1,3,1,2,2,1,1,495246,0,1
DEMO5K-4658,34,2,2,2,1,3,1,2,5,1,1,1,2,1,2,3,3,3,1,1,2,2,1,1,3,2,3,3,1,3,2,3,1,377145,0,1
DEMO5K-4659,21,2,3,2,3,4,1,1,3,3,2,2,2,2,2,3,1,2,2,1,1,2,1,1,1,2,3,2,2,4,3,4,3,404736,0,1
DEMO5K-4660,19,2,3,5,1,3,3,4,2,5,1,4,4,5,3,5,3,4,4,1,2,1,2,1,5,1,3,5,4,3,2,2,5,78073,1,1
DEMO5K-4661,23,2,3,4,4,5,3,2,3,2,3,2,3,3,2,4,3,3,4,1,1,2,3,2,3,2,5,4,4,5,4,5,4,83421,1,1
DEMO5K-4662,33,1,3,5,3,3,1,2,1,3,1,2,1,4,1,3,4,4,3,1,2,2,3,2,1,2,4,2,2,3,2,4,4,673361,0,1
DEMO5K-4663,33,2,1,1,3,3,5,3,2,4,4,4,3,2,5,4,3,3,2,1,4,3,3,3,4,3,4,2,2,2,2,1,2,615079,0,1
DEMO5K-4664,35,2,3,2,1,3,3,2,4,2,2,2,1,1,3,3,3,3,3,1,4,4,4,3,3,4,4,3,3,4,4,3,3,695005,0,1
DEMO5K-4665,34,2,2,1,2,2,3,3,3,3,5,4,5,5,4,5,4,5,5,1,3,5,2,3,3,4,3,3,3,3,3,2,2,680874,0,1
DEMO5K-4666,34,2,3,5,3,3,2,2,4,3,2,1,3,2,4,3,4,3,3,1,1,1,1,1,1,1,3,2,3,2,1,5,3,692728,0,1
DEMO5K-4667,32,1,3,1,1,5,3,2,2,2,2,3,3,3,3,2,2,4,2,1,3,3,4,4,4,5,3,1,3,2,3,2,1,412516,0,1
DEMO5K-4668,18,1,3,5,4,4,3,2,2,3,3,3,4,4,3,2,2,3,3,1,1,2,2,2,4,3,2,3,3,4,3,2,4,583505,0,1
DEMO5K-4669,17,2,3,2,2,2,5,5,1,5,5,4,3,4,4,4,4,2,4,1,4,5,5,4,4,5,5,4,5,5,4,5,5,472418,0,1
DEMO5K-4670,20,1,3,5,3,3,2,3,4,2,3,4,4,3,1,2,3,4,3,1,2,1,3,1,3,4,2,2,2,4,4,2,5,695542,0,1
DEMO5K-4671,25,2,2,3,3,3,5,3,2,4,3,4,4,5,5,4,5,4,4,1,4,5,4,3,4,5,2,2,1,2,2,3,3,544110,0,1
DEMO5K-4672,30,1,3,5,3,5,2,1,3,1,2,1,5,4,5,2,3,2,3,1,3,2,3,2,1,3,2,4,1,4,1,1,3,410017,0,1
DEMO5K-4673,35,1,2,5,2,3,4,2,2,3,3,4,4,4,4,4,3,4,3,1,3,3,3,4,3,2,1,3,4,4,2,3,4,450801,0,1
DEMO5K-4674,28,1,2,2,4,4,2,3,2,3,2,2,4,4,3,4,2,2,3,1,4,4,3,4,4,4,2,2,2,2,3,2,2,430947,0,1
DEMO5K-4675,22,2,1,2,2,3,3,3,3,2,2,2,3,4,5,3,3,4,4,1,1,1,3,2,2,1,2,4,2,3,3,3,2,546812,0,1
DEMO5K-4676,29,2,1,1,2,4,4,3,3,3,3,4,2,2,2,3,2,2,2,2,3,2,4,1,3,2,3,2,2,2,3,4,4,396222,0,0
DEMO5K-4677,32,2,2,4,3,2,4,4,2,5,5,4,2,4,3,3,4,3,4,1,4,4,4,4,5,5,1,5,4,2,2,3,2,474518,0,1
DEMO5K-4678,21,2,3,2,1,5,3,2,4,3,5,2,4,3,4,4,4,2,4,1,3,3,3,1,4,5,5,2,3,2,2,1,5,495830,0,1
DEMO5K-4679,24,1,2,4,3,3,2,5,4,4,2,3,4,1,2,1,2,2,4,1,4,2,3,3,1,2,3,2,1,1,1,2,2,571088,0,1
DEMO5K-4680,33,1,3,1,4,3,2,2,3,3,4,3,2,2,1,5,3,4,2,1,2,3,2,1,3,1,2,2,4,3,1,2,2,675041,0,1
DEMO5K-4681,28,2,2,1,2,4,4,2,4,3,2,2,3,3,3,1,2,2,1,1,2,3,2,4,3,3,2,2,2,1,1,2,1,600089,0,1
DEMO5K-4682,19,1,1,1,3,3,4,4,3,4,4,3,1,1,1,1,2,1,2,1,4,2,3,3,2,2,2,1,3,2,2,3,2,600288,0,1
DEMO5K-4683,18,2,3,1,2,3,4,4,2,3,4,3,3,2,3,2,3,3,3,3,2,3,3,1,3,2,2,2,1,2,2,4,2,407626,0,0
DEMO5K-4684,25,1,2,4,4,5,3,2,4,5,3,2,5,2,4,5,3,3,5,1,2,2,4,2,2,2,3,3,1,4,3,3,4,652677,0,1
DEMO5K-4685,35,1,3,1,3,2,4,4,1,4,4,4,4,4,4,4,3,4,4,1,3,4,5,3,4,5,4,4,3,2,5,4,3,693342,0,1
DEMO5K-4686,30,1,3,2,2,1,4,4,2,2,5,4,5,4,4,4,4,4,5,1,4,3,4,3,3,2,3,3,4,3,3,3,3,601784,0,1
DEMO5K-4687,32,1,3,1,3,4,3,2,2,3,2,3,3,4,3,4,3,5,3,1,2,4,1,2,4,3,4,4,4,3,3,4,4,400294,0,1
DEMO5K-4688,19,2,3,5,4,1,2,4,3,5,4,5,4,1,4,2,3,2,1,1,3,3,1,3,1,3,4,4,4,3,2,3,4,695448,0,1
DEMO5K-4689,22,2,2,4,2,2,1,2,3,3,2,2,4,2,4,4,4,2,3,5,4,4,4,3,4,3,4,3,5,2,3,2,4,465749,0,0
DEMO5K-4690,31,2,1,3,2,3,2,3,3,3,2,1,2,3,2,1,1,2,3,1,3,1,4,3,4,4,1,2,2,3,3,1,2,597796,0,1
DEMO5K-4691,29,1,2,4,4,4,1,1,5,3,3,1,3,3,3,2,3,2,4,1,3,2,2,3,2,3,4,3,2,3,3,4,5,521217,0,1
DEMO5K-4692,34,1,3,4,3,3,3,2,2,3,3,4,3,1,3,4,3,4,3,1,2,1,3,2,2,2,3,3,2,2,2,3,1,494158,0,1
DEMO5K-4693,24,1,1,3,4,5,1,1,5,1,1,1,2,2,3,1,2,2,2,1,4,3,1,3,2,3,2,1,3,1,1,1,1,670202,0,1
DEMO5K-4694,34,1,3,4,1,3,3,3,4,4,3,3,2,3,4,3,5,4,4,1,1,5,3,2,2,4,4,2,3,3,4,4,3,615414,0,1
DEMO5K-4695,24,1,3,1,4,3,2,3,2,4,5,2,2,3,2,2,2,3,1,1,1,1,3,2,1,1,4,3,4,4,4,3,5,618989,0,1
DEMO5K-4696,20,1,2,3,3,4,2,1,4,2,2,2,3,2,2,2,2,1,3,1,4,2,4,4,4,3,3,3,2,3,3,1,2,399228,0,1
DEMO5K-4697,24,2,3,2,3,2,4,2,2,3,4,3,3,3,3,3,4,3,4,1,3,3,2,4,4,4,5,4,2,2,2,5,2,316955,0,1
DEMO5K-4698,26,1,2,5,3,3,5,3,5,5,4,2,3,2,3,4,2,3,3,1,4,2,3,2,3,3,2,4,5,4,4,5,4,551368,0,1
DEMO5K-4699,33,2,3,5,1,2,3,4,4,5,5,2,3,2,1,3,3,4,2,1,3,3,3,4,3,3,4,3,3,3,3,2,3,462376,0,1
DEMO5K-4700,25,2,2,5,2,2,3,2,3,3,4,2,3,4,2,5,2,5,3,1,5,5,5,5,3,3,3,2,3,4,2,3,4,637925,0,1
DEMO5K-4701,18,1,3,4,3,2,4,4,2,4,2,3,2,4,3,3,4,2,5,1,2,3,4,1,3,3,5,3,5,4,3,5,3,369579,0,1
DEMO5K-4702,28,2,3,4,2,1,5,5,1,4,3,5,5,5,5,5,5,5,5,1,3,4,4,3,5,4,4,3,4,3,3,3,4,648103,0,1
DEMO5K-4703,17,2,3,2,4,3,4,3,3,3,2,4,2,1,3,3,1,3,4,1,4,4,4,4,3,5,4,3,3,5,4,5,4,624885,0,1
DEMO5K-4704,22,2,3,1,1,3,2,5,5,3,3,3,1,2,2,2,3,4,1,1,3,4,5,4,3,2,4,4,4,4,3,4,5,345087,0,1
DEMO5K-4705,32,2,1,5,2,4,2,1,4,3,3,3,5,3,5,2,2,4,5,1,4,3,3,4,4,2,2,3,3,2,3,2,3,448370,0,1
DEMO5K-4706,34,1,2,4,2,5,1,3,4,1,2,1,3,3,3,3,3,2,2,1,3,3,2,3,3,2,4,3,4,3,3,4,4,392079,0,1
DEMO5K-4707,29,1,3,2,4,2,2,1,4,3,3,3,2,4,3,1,1,2,2,1,3,2,3,1,3,2,2,3,3,2,2,2,3,631463,0,1
DEMO5K-4708,33,1,3,1,3,3,4,3,4,2,5,3,4,4,4,4,4,5,2,1,3,2,2,1,1,2,4,2,4,4,3,2,2,675196,0,1
DEMO5K-4709,30,1,3,1,3,4,5,3,3,3,5,4,3,4,5,2,3,2,3,1,3,5,5,3,5,4,3,1,2,4,2,2,3,656616,0,1
DEMO5K-4710,21,1,3,4,3,2,4,3,1,4,4,2,2,3,4,2,4,5,4,1,3,2,2,3,2,3,4,4,2,2,4,2,4,629592,0,1
DEMO5K-4711,23,1,1,4,3,1,4,5,1,5,4,5,4,2,3,2,3,2,3,1,5,5,5,5,5,5,4,2,2,4,3,4,4,579153,0,1
DEMO5K-4712,31,2,3,4,1,3,2,4,2,3,5,5,2,4,3,3,4,3,3,1,4,2,5,5,3,3,2,1,2,3,3,4,4,313978,0,1
DEMO5K-4713,31,2,3,4,3,1,5,4,3,4,4,5,2,3,2,2,5,3,2,1,3,1,1,1,3,3,1,3,2,3,3,2,2,473753,0,1
DEMO5K-4714,18,2,3,4,1,5,3,2,3,4,2,3,3,5,2,4,4,4,3,1,3,2,4,4,3,3,1,2,4,3,4,1,2,594088,0,1
DEMO5K-4715,26,2,3,5,3,5,2,1,4,2,1,2,2,4,3,2,2,3,4,1,4,4,5,3,3,3,3,3,5,4,4,4,4,519894,0,1
DEMO5K-4716,33,1,1,1,4,2,2,2,3,4,3,2,4,3,4,5,3,3,4,1,5,5,5,5,5,4,4,3,2,3,2,4,3,468117,0,1
DEMO5K-4717,33,1,1,2,3,2,4,4,1,4,5,3,3,4,3,1,5,5,4,1,3,3,4,4,5,3,4,3,4,4,3,3,4,666922,0,1
DEMO5K-4718,32,2,2,5,4,3,3,3,2,2,3,3,2,4,4,2,3,5,3,1,4,2,3,2,4,2,5,5,3,3,5,5,5,405553,0,1
DEMO5K-4719,33,1,2,2,4,1,3,3,1,3,3,4,4,5,5,5,4,4,5,1,3,4,3,4,4,1,4,5,4,4,5,4,4,533135,0,1
DEMO5K-4720,34,1,3,5,1,1,5,2,2,2,3,3,2,2,3,3,2,3,2,1,4,5,5,4,5,5,5,4,3,3,3,3,3,647428,0,1
DEMO5K-4721,30,1,2,5,4,4,4,4,2,4,5,4,4,3,2,1,5,4,3,1,4,3,4,4,4,4,1,3,3,2,3,1,3,691997,0,1
DEMO5K-4722,17,1,1,4,3,3,3,4,2,3,4,3,3,4,3,4,3,2,4,1,4,2,5,5,3,4,5,4,4,4,3,5,4,317686,0,1
DEMO5K-4723,21,1,1,4,3,5,3,3,3,4,3,1,2,2,3,2,4,3,2,1,4,3,3,3,5,4,3,3,1,4,3,3,4,444750,0,1
DEMO5K-4724,26,2,3,3,4,3,5,2,2,5,4,3,4,4,2,2,4,3,3,1,3,5,4,4,5,4,4,3,3,3,4,4,4,475123,0,1
DEMO5K-4725,34,1,2,5,2,3,4,4,3,3,2,5,2,2,2,2,2,2,2,1,1,1,2,2,3,1,2,2,2,1,1,1,2,581993,0,1
DEMO5K-4726,26,2,2,2,3,1,4,5,3,5,5,4,3,5,2,3,3,4,4,1,3,3,3,2,1,2,4,3,4,3,3,3,5,613145,0,1
DEMO5K-4727,24,1,3,4,4,3,1,1,4,1,3,4,5,3,4,2,4,4,4,1,5,2,4,3,3,4,3,2,2,3,1,3,3,664000,0,1
DEMO5K-4728,28,1,3,3,2,1,5,4,3,3,5,4,3,5,3,4,4,3,5,1,3,4,3,5,4,5,3,5,5,4,5,5,4,311581,0,1
DEMO5K-4729,33,2,3,4,3,5,4,4,4,4,1,3,4,1,3,1,3,3,4,1,5,2,3,2,1,3,5,4,4,4,4,3,4,376898,0,1
DEMO5K-4730,26,2,3,1,2,2,4,2,2,4,4,5,4,3,3,3,4,5,2,1,3,3,2,3,5,2,3,4,2,3,4,3,3,522825,0,1
DEMO5K-4731,33,2,2,3,3,2,3,3,4,2,3,4,4,2,3,4,2,4,3,1,5,4,5,4,4,5,3,3,4,3,2,4,4,449668,0,1
DEMO5K-4732,31,1,2,1,3,3,2,2,4,2,3,2,3,4,4,3,3,3,3,1,4,2,2,2,3,3,4,5,3,3,3,4,3,363209,0,1
DEMO5K-4733,20,2,3,1,3,3,1,1,5,2,3,2,3,2,4,2,2,2,1,1,3,3,2,3,3,2,3,3,3,2,1,2,1,321585,0,1
DEMO5K-4734,21,2,1,2,3,1,4,3,1,5,5,4,3,5,4,3,4,3,5,1,5,5,5,5,5,5,3,1,3,3,3,2,2,50565,1,1
DEMO5K-4735,33,2,1,1,2,2,4,3,3,2,4,5,2,3,4,4,2,4,4,1,3,5,3,3,4,4,4,4,4,3,3,5,3,559083,0,1
DEMO5K-4736,30,1,2,5,4,3,1,3,3,4,2,1,1,2,1,2,2,1,2,1,2,4,2,3,1,2,3,3,3,3,3,1,1,551766,0,1
DEMO5K-4737,29,2,1,5,3,4,2,2,5,1,3,2,4,3,2,1,2,1,2,1,4,1,1,3,2,2,4,2,2,3,1,2,1,466881,0,1
DEMO5K-4738,30,2,3,3,2,2,3,3,3,3,3,3,1,1,3,3,1,3,1,3,5,4,3,2,3,4,3,1,2,2,1,3,1,343873,0,0
DEMO5K-4739,18,2,3,2,1,3,2,1,5,1,2,2,2,1,2,2,3,1,2,1,2,2,2,2,2,2,3,2,1,2,2,2,3,529113,0,1
DEMO5K-4740,34,1,1,1,3,2,4,2,2,4,1,3,1,4,3,4,4,3,4,1,4,4,5,5,4,5,3,2,3,4,3,4,4,359324,0,1
DEMO5K-4741,35,2,3,1,4,5,2,3,3,3,4,3,1,3,2,3,3,2,1,1,3,4,3,5,4,5,3,5,3,5,3,4,4,406694,0,1
DEMO5K-4742,28,1,3,2,1,4,2,5,3,4,2,1,3,3,4,3,4,5,4,1,2,3,2,2,2,2,1,3,3,4,3,4,2,321291,0,1
DEMO5K-4743,34,1,2,3,3,2,4,3,1,5,4,4,5,3,5,3,4,3,3,1,3,3,3,3,3,2,3,4,4,2,3,2,4,489228,0,1
DEMO5K-4744,20,2,1,1,3,3,2,2,5,2,2,1,2,2,2,1,2,2,1,1,3,1,3,2,2,2,2,1,1,1,2,1,2,697683,0,1
DEMO5K-4745,17,2,2,3,2,1,2,2,4,2,3,3,3,3,4,4,3,3,2,1,3,5,2,4,2,5,2,2,2,1,1,2,1,403773,0,1
DEMO5K-4746,20,2,2,3,1,3,5,3,3,3,2,4,1,2,2,4,1,2,2,5,4,4,2,3,3,4,1,4,3,2,4,3,4,82317,1,0
DEMO5K-4747,20,2,2,4,3,2,4,3,2,3,3,5,1,4,3,2,4,3,4,1,4,4,3,4,5,4,3,3,3,3,1,3,2,587207,0,1
DEMO5K-4748,35,1,2,3,2,5,2,2,4,4,1,3,3,4,4,2,2,4,1,1,4,4,4,3,4,4,3,3,2,3,3,2,3,341952,0,1
DEMO5K-4749,20,2,2,2,3,2,5,5,1,5,3,5,4,5,3,4,3,2,3,1,5,4,5,4,5,2,5,4,4,4,5,5,5,651693,0,1
DEMO5K-4750,35,1,1,2,4,3,2,3,3,1,3,2,3,2,1,2,3,2,2,1,2,4,4,4,4,3,3,2,3,2,2,3,1,547346,0,1
DEMO5K-4751,29,1,3,3,4,1,4,3,3,4,2,4,3,2,4,3,3,3,2,4,2,3,3,2,3,2,2,2,2,2,3,3,2,457033,0,0
DEMO5K-4752,30,1,2,4,3,2,2,2,2,3,4,5,4,1,3,4,5,2,3,1,3,3,4,5,3,3,3,5,3,3,3,4,3,339389,0,1
DEMO5K-4753,32,2,2,1,3,2,4,4,2,3,4,3,3,2,4,2,3,2,4,1,2,4,2,3,3,4,3,4,5,5,3,4,3,392358,0,1
DEMO5K-4754,33,2,1,4,4,3,5,4,4,4,5,2,4,1,3,4,5,5,2,1,3,5,5,5,5,5,4,5,4,4,4,2,3,304181,0,1
DEMO5K-4755,24,2,1,5,4,3,5,2,2,3,2,2,2,3,3,3,1,1,3,1,4,3,3,5,4,3,1,3,2,1,2,2,4,640102,0,1
DEMO5K-4756,32,2,2,4,3,2,3,2,3,3,2,3,3,3,2,2,1,3,4,1,2,3,2,2,2,3,1,3,2,3,2,2,2,75813,1,1
DEMO5K-4757,18,2,2,2,4,5,2,1,5,1,2,3,1,2,1,1,1,4,1,1,5,3,5,3,4,4,2,4,3,2,3,2,3,333643,0,1
DEMO5K-4758,22,1,2,1,3,5,3,2,3,3,3,2,3,3,5,4,4,3,3,1,3,2,3,4,4,2,1,1,2,3,3,2,3,433910,0,1
DEMO5K-4759,21,2,2,5,3,3,3,2,2,2,2,2,3,3,5,4,2,5,4,1,3,2,2,2,3,4,5,4,5,5,5,2,4,301180,0,1
DEMO5K-4760,21,2,1,1,3,2,4,3,2,5,2,3,1,2,3,1,1,2,1,1,2,3,3,2,4,2,2,2,4,3,4,4,4,444698,0,1
DEMO5K-4761,28,1,3,2,1,3,3,4,2,4,5,4,1,3,4,3,2,3,2,1,2,2,2,2,3,3,3,2,2,4,4,3,3,387441,0,1
DEMO5K-4762,32,1,1,1,3,2,4,3,3,3,5,1,2,4,3,4,4,4,4,1,2,4,2,1,5,2,3,3,4,3,4,4,5,489969,0,1
DEMO5K-4763,20,1,1,2,4,2,4,3,2,5,2,4,4,3,2,2,5,3,2,1,1,2,2,2,2,2,4,3,2,3,3,3,4,608046,0,1
DEMO5K-4764,34,2,3,2,4,3,3,4,2,4,2,4,5,4,4,3,4,3,5,1,1,1,1,3,2,1,1,2,1,3,2,2,3,452688,0,1
DEMO5K-4765,23,1,2,2,3,5,3,2,1,3,2,2,2,1,2,1,2,1,1,1,4,3,3,4,3,3,2,3,5,4,3,2,3,398584,0,1
DEMO5K-4766,18,1,3,1,2,3,3,3,4,2,3,2,5,5,3,3,5,5,5,1,1,1,2,1,3,1,4,2,3,2,3,1,3,451597,0,1
DEMO5K-4767,35,2,3,1,4,5,2,2,5,4,2,3,3,3,3,4,2,2,4,1,3,3,2,1,3,2,3,3,2,3,2,4,2,643834,0,1
DEMO5K-4768,24,1,2,2,1,4,1,2,5,1,2,2,1,2,1,2,1,2,1,1,1,2,1,1,1,1,2,3,4,2,3,3,3,393550,0,1
DEMO5K-4769,28,1,2,1,1,5,2,4,2,3,2,2,1,1,2,1,2,2,1,1,2,1,3,2,3,2,5,3,3,3,3,3,3,396229,0,1
DEMO5K-4770,26,2,1,1,4,4,5,3,3,1,3,4,3,2,4,3,3,4,4,1,4,3,3,5,3,5,3,4,2,3,3,2,4,489686,0,1
DEMO5K-4771,17,2,3,2,3,4,4,2,3,1,3,3,2,2,3,3,2,3,4,1,4,4,5,4,5,4,2,3,4,2,3,2,3,582043,0,1
DEMO5K-4772,34,2,2,1,3,5,3,1,5,2,1,3,3,1,3,2,2,1,1,1,2,4,2,3,2,4,4,2,2,2,2,2,3,318961,0,1
DEMO5K-4773,26,2,2,1,4,2,3,4,4,2,3,3,3,3,3,3,3,5,3,1,5,3,4,5,4,5,3,5,3,2,4,3,5,619497,0,1
DEMO5K-4774,22,1,3,3,3,3,4,4,3,4,4,2,4,3,5,2,3,3,3,1,1,3,3,5,4,4,3,4,4,3,3,2,3,459667,0,1
DEMO5K-4775,25,1,3,2,3,4,2,2,4,2,4,4,3,4,4,4,4,5,4,1,3,3,4,2,4,2,4,3,2,5,4,4,3,489553,0,1
DEMO5K-4776,28,1,3,4,3,3,4,2,3,2,4,3,3,4,5,5,3,3,3,1,3,3,3,3,3,1,3,5,4,3,5,4,4,371899,0,1
DEMO5K-4777,33,1,1,5,2,5,1,1,5,1,1,1,2,1,3,3,1,2,1,1,1,2,1,1,1,2,3,2,2,3,4,2,2,45846,1,1
DEMO5K-4778,25,2,3,3,2,3,1,4,4,2,3,3,3,5,4,5,3,3,4,1,1,1,3,3,2,2,4,3,2,3,4,4,3,397460,0,1
DEMO5K-4779,27,2,3,1,2,3,4,1,2,3,4,4,5,4,4,5,5,4,5,1,4,2,4,3,2,3,5,4,3,3,4,2,5,375973,0,1
DEMO5K-4780,30,2,3,5,2,2,4,5,1,5,3,4,4,3,3,3,5,3,3,1,2,2,2,1,1,1,4,4,3,2,4,3,4,452765,0,1
DEMO5K-4781,28,2,2,2,4,1,5,5,1,5,5,5,3,5,5,4,4,5,4,1,4,2,5,3,4,3,4,5,5,5,4,5,4,519643,0,1
DEMO5K-4782,29,2,3,2,4,4,3,3,3,3,4,3,1,3,3,2,2,2,2,1,3,3,4,3,4,3,2,2,3,1,2,3,1,508627,0,1
DEMO5K-4783,31,1,3,3,2,4,1,1,5,3,4,2,2,2,3,1,1,3,2,1,2,3,3,3,1,2,4,2,2,3,4,3,4,353699,0,1
DEMO5K-4784,24,2,3,2,3,2,3,3,2,4,3,5,3,3,4,4,4,4,4,1,3,5,5,5,2,4,2,3,4,3,2,2,4,664135,0,1
DEMO5K-4785,27,2,2,5,1,2,4,3,3,5,5,2,3,3,2,3,1,3,2,1,4,1,4,2,3,3,2,3,3,2,2,3,2,353289,0,1
DEMO5K-4786,23,2,3,5,1,3,4,3,3,4,5,3,3,2,3,3,4,4,4,1,4,3,5,4,3,3,4,4,3,3,4,4,5,502449,0,1
DEMO5K-4787,25,1,3,2,1,1,3,1,4,4,5,3,4,4,4,3,5,4,4,1,3,3,2,3,3,1,1,3,4,3,2,3,3,304150,0,1
DEMO5K-4788,34,2,3,2,3,5,2,2,3,2,4,3,3,4,3,5,2,4,4,1,4,3,4,3,2,4,3,3,4,1,4,5,4,357251,0,1
DEMO5K-4789,18,1,3,4,3,4,2,4,2,3,5,3,1,3,3,1,3,3,2,1,4,4,3,3,4,4,5,4,4,3,4,4,4,50661,1,1
DEMO5K-4790,23,1,3,1,3,4,2,4,3,3,2,4,5,3,3,4,2,2,5,1,1,4,3,3,3,4,2,3,3,2,4,4,2,410608,0,1
DEMO5K-4791,26,2,2,3,1,2,3,3,4,3,4,2,4,5,3,5,4,5,5,1,4,5,5,4,5,5,5,3,4,4,4,2,3,641512,0,1
DEMO5K-4792,35,2,1,4,3,4,3,3,4,2,2,2,2,1,3,4,3,4,4,1,2,3,4,4,2,4,4,4,3,2,4,3,3,629564,0,1
DEMO5K-4793,23,2,3,2,3,2,4,5,2,3,5,5,5,5,4,5,5,5,5,1,3,4,5,5,5,4,3,3,4,3,4,3,4,62047,1,1
DEMO5K-4794,20,2,1,3,4,3,4,3,3,4,3,5,2,4,3,2,3,3,2,1,5,5,4,4,3,5,2,4,4,3,4,5,4,539751,0,1
DEMO5K-4795,23,2,1,5,3,3,4,3,2,5,1,3,2,4,4,3,4,3,3,1,2,3,4,2,3,1,3,4,3,5,5,3,2,81020,1,1
DEMO5K-4796,31,1,2,3,4,2,4,2,3,1,5,3,3,3,3,4,3,3,4,1,3,4,5,5,4,4,2,1,2,2,4,2,3,370444,0,1
DEMO5K-4797,33,1,2,1,2,3,1,3,4,4,2,2,1,3,2,4,2,2,3,1,2,1,2,3,2,3,1,2,3,2,1,4,2,557742,0,1
DEMO5K-4798,17,2,2,4,3,3,3,4,2,5,5,2,4,3,3,2,3,2,3,1,3,4,2,2,1,4,3,5,3,2,4,3,3,579640,0,1
DEMO5K-4799,19,1,3,3,2,2,5,2,2,5,4,4,4,3,4,2,3,4,3,2,4,3,3,4,3,4,2,2,2,2,3,2,2,392475,0,0
DEMO5K-4800,32,2,3,1,3,1,5,3,1,5,3,3,4,5,1,4,3,2,5,1,3,4,3,4,5,4,4,4,2,4,5,3,5,602848,0,1
DEMO5K-4801,29,2,2,3,4,4,2,2,3,3,2,4,1,1,2,3,2,2,3,1,1,2,2,1,1,2,3,2,2,1,3,1,1,570191,0,1
DEMO5K-4802,24,2,3,5,3,4,2,2,4,2,3,2,3,4,3,4,2,3,3,2,3,2,3,3,2,2,4,3,4,4,3,2,2,447178,0,0
DEMO5K-4803,34,1,2,3,1,1,2,4,2,4,4,3,1,2,2,1,1,1,2,1,3,2,3,4,3,3,2,3,3,3,4,3,4,483201,0,1
DEMO5K-4804,25,1,2,3,4,3,4,4,2,5,5,5,3,5,4,2,5,4,3,1,3,2,1,3,2,4,5,5,5,4,4,4,3,76277,1,1
DEMO5K-4805,24,2,3,3,1,3,3,3,2,3,4,4,4,4,5,5,5,5,4,1,4,2,2,3,2,4,3,4,4,3,3,4,3,367332,0,1
DEMO5K-4806,23,1,2,2,3,3,3,1,1,3,2,4,2,2,4,3,3,5,3,1,4,1,3,3,2,3,4,4,5,2,4,3,4,496129,0,1
DEMO5K-4807,26,2,3,4,3,4,3,3,3,2,3,3,4,4,5,2,5,5,4,1,2,2,2,3,2,1,3,5,3,5,5,3,5,497931,0,1
DEMO5K-4808,31,2,3,4,2,4,2,4,3,3,3,3,3,2,5,2,3,4,3,1,5,3,3,2,3,4,4,3,2,4,3,3,4,455330,0,1
DEMO5K-4809,34,2,2,4,3,2,3,3,5,2,3,3,4,3,2,3,3,4,4,1,4,2,3,4,3,2,4,4,5,3,4,5,4,663674,0,1
DEMO5K-4810,25,2,2,2,3,3,2,2,5,1,3,2,4,3,2,5,2,2,2,1,1,3,3,2,1,2,2,1,1,3,2,2,1,673698,0,1
DEMO5K-4811,19,2,2,5,3,5,3,3,3,4,1,2,1,2,3,2,3,1,2,1,1,2,3,3,2,3,3,3,3,4,4,1,3,685935,0,1
DEMO5K-4812,23,2,3,5,4,1,2,4,1,3,5,3,3,5,1,5,4,4,3,1,4,3,5,4,5,4,3,2,1,2,1,2,1,691077,0,1
DEMO5K-4813,28,2,3,3,2,2,5,4,3,4,1,3,3,3,5,3,5,3,4,1,2,5,3,3,2,3,4,5,2,3,1,4,2,674596,0,1
DEMO5K-4814,31,1,1,2,4,3,3,4,2,2,2,2,5,5,5,4,4,3,3,1,2,4,2,2,2,4,2,2,2,3,2,2,3,438950,0,1
DEMO5K-4815,22,2,3,2,1,4,1,3,5,2,1,2,1,1,3,4,3,4,1,1,1,3,2,2,2,1,1,1,1,1,1,1,3,685923,0,1
DEMO5K-4816,33,2,1,4,2,3,1,2,5,2,1,1,3,4,5,3,3,5,3,1,3,3,5,4,4,4,3,2,1,2,1,3,1,355989,0,1
DEMO5K-4817,35,1,3,4,2,3,3,3,2,3,3,4,3,3,5,3,2,4,2,1,2,4,3,1,3,3,3,5,2,2,2,2,3,472115,0,1
DEMO5K-4818,26,1,1,3,3,5,1,1,4,1,2,1,2,3,2,5,2,3,4,1,3,5,4,3,2,5,3,4,4,3,4,3,3,457976,0,1
DEMO5K-4819,22,2,3,2,3,3,1,3,3,2,3,2,1,1,1,1,2,1,2,1,3,1,1,2,2,2,3,1,2,3,2,3,1,667149,0,1
DEMO5K-4820,17,2,2,3,4,1,5,5,1,3,4,5,5,4,4,3,5,4,5,1,4,3,5,5,3,5,5,4,3,3,5,4,3,487432,0,1
DEMO5K-4821,29,2,1,4,2,2,4,4,5,4,4,2,2,3,4,4,4,4,4,1,3,5,4,3,2,4,5,4,4,5,5,4,5,497926,0,1
DEMO5K-4822,34,2,3,3,3,2,4,2,4,4,1,2,2,4,3,2,2,2,4,1,3,3,4,4,3,2,3,3,2,2,4,3,3,568356,0,1
DEMO5K-4823,30,1,3,1,4,4,5,4,3,2,2,4,2,2,3,3,3,1,2,1,4,2,3,4,3,2,3,3,3,4,4,4,2,678429,0,1
DEMO5K-4824,23,2,2,2,3,1,5,5,1,5,5,5,4,4,3,4,5,4,5,4,3,3,4,3,4,3,5,5,4,5,5,4,5,353290,0,0
DEMO5K-4825,20,1,3,2,3,2,5,4,3,3,4,3,4,5,3,3,3,4,4,1,4,3,3,4,5,4,4,3,4,5,3,2,5,574398,0,1
DEMO5K-4826,34,2,3,4,3,3,3,3,5,2,2,1,4,2,3,4,3,3,2,1,2,3,4,4,3,2,1,3,5,3,3,2,3,501906,0,1
DEMO5K-4827,18,2,2,4,3,4,3,5,4,4,3,4,4,2,2,3,4,4,4,4,3,1,1,3,3,1,4,2,5,4,3,3,4,522107,0,0
DEMO5K-4828,23,2,2,5,3,3,1,1,4,1,2,1,3,4,1,3,3,5,4,1,3,3,1,3,1,3,2,2,2,1,5,4,4,615755,0,1
DEMO5K-4829,28,2,2,5,4,3,4,5,1,4,3,3,5,4,5,4,4,4,4,1,3,2,3,4,2,2,5,5,4,5,5,4,4,362988,0,1
DEMO5K-4830,25,1,1,2,4,3,1,3,2,3,4,3,2,1,1,2,2,1,1,1,2,2,3,3,3,2,1,1,4,2,4,2,4,354505,0,1
DEMO5K-4831,28,2,2,3,2,3,2,3,4,3,4,2,4,4,2,3,4,4,5,1,3,4,3,3,3,3,3,3,3,3,4,3,3,669598,0,1
DEMO5K-4832,19,2,1,5,2,2,5,3,2,3,3,4,3,3,4,3,4,2,4,1,3,4,3,3,3,5,4,2,3,4,3,3,3,542564,0,1
DEMO5K-4833,27,1,2,1,3,4,4,5,1,5,4,3,5,1,3,2,3,3,2,1,4,1,3,4,3,3,3,1,1,1,3,3,1,496382,0,1
DEMO5K-4834,34,2,2,2,3,3,3,4,4,5,2,2,3,4,5,3,2,4,3,1,5,5,2,3,4,3,2,4,4,3,2,3,4,406210,0,1
DEMO5K-4835,35,2,3,3,3,5,2,2,4,1,3,3,2,2,1,1,1,4,2,1,1,2,3,1,2,2,3,1,1,2,1,3,1,453424,0,1
DEMO5K-4836,22,2,1,4,4,4,1,1,5,2,1,1,1,1,1,1,1,1,1,1,2,3,3,2,2,2,2,2,3,1,2,3,2,686099,0,1
DEMO5K-4837,18,1,1,3,3,1,1,3,3,3,3,5,3,3,3,3,4,2,3,1,4,5,5,3,4,4,5,3,5,3,2,4,3,686709,0,1
DEMO5K-4838,33,2,3,3,4,1,4,5,1,5,4,4,2,2,2,1,3,2,3,1,3,2,3,3,3,2,5,3,2,4,3,5,5,542245,0,1
DEMO5K-4839,25,2,3,2,3,5,2,2,4,2,3,4,1,2,2,1,1,4,3,1,1,2,3,2,2,1,3,4,2,3,2,4,2,503368,0,1
DEMO5K-4840,17,2,3,2,3,3,3,3,3,4,5,4,3,4,3,4,2,4,4,1,3,3,5,4,4,4,2,2,4,3,2,2,3,637765,0,1
DEMO5K-4841,26,1,1,2,2,4,2,3,4,1,2,2,5,4,4,4,5,4,5,1,3,3,2,3,4,2,1,3,2,2,4,3,3,68049,1,1
DEMO5K-4842,28,2,3,3,4,4,3,3,3,3,3,2,3,5,3,3,3,5,3,1,4,5,5,2,4,5,5,4,2,4,3,4,4,640787,0,1
DEMO5K-4843,29,2,1,2,2,1,2,4,3,3,4,4,3,3,3,5,4,3,3,1,3,4,5,4,4,4,4,5,4,4,3,3,4,493095,0,1
DEMO5K-4844,33,1,3,1,3,4,3,3,4,3,5,4,4,5,4,4,5,4,3,1,4,3,3,3,2,3,3,2,5,4,3,5,3,470871,0,1
DEMO5K-4845,19,2,3,1,4,4,1,3,4,1,1,1,3,2,2,2,1,2,4,1,3,3,3,3,3,4,1,1,1,1,1,1,1,64035,1,1
DEMO5K-4846,24,2,3,2,4,2,5,4,2,4,3,3,5,3,1,3,4,4,3,1,4,2,3,2,2,4,5,5,2,4,4,3,2,673643,0,1
DEMO5K-4847,26,1,3,4,1,2,4,2,4,5,2,5,3,3,3,3,3,4,5,1,4,4,4,4,4,2,2,3,1,4,2,2,5,599205,0,1
DEMO5K-4848,27,2,2,4,2,3,2,3,4,2,3,1,1,4,1,3,2,3,3,2,3,3,3,3,3,3,3,4,2,3,3,1,5,545940,0,0
DEMO5K-4849,24,2,3,2,1,3,3,5,2,3,4,3,2,3,2,4,2,3,1,1,2,3,3,3,3,2,4,3,2,4,2,2,1,320180,0,1
DEMO5K-4850,28,2,2,2,3,4,2,2,3,2,4,2,3,3,1,1,3,1,4,1,1,3,1,2,2,3,3,2,2,4,4,4,2,318756,0,1
DEMO5K-4851,27,2,3,3,4,2,2,2,5,2,2,1,5,5,4,5,5,5,4,1,4,4,3,2,4,3,3,2,1,4,3,1,3,390265,0,1
DEMO5K-4852,28,2,3,5,4,2,3,5,3,4,3,5,5,4,5,5,5,5,3,1,3,4,4,3,3,5,5,5,5,4,5,5,5,476232,0,1
DEMO5K-4853,29,1,2,2,3,3,3,4,1,2,2,5,4,3,5,4,2,3,2,1,1,3,3,1,1,2,4,3,4,3,3,3,3,451788,0,1
DEMO5K-4854,19,1,3,5,4,2,3,4,2,2,3,2,2,4,2,3,3,1,3,1,2,1,3,3,2,3,2,2,5,2,3,3,2,487536,0,1
DEMO5K-4855,24,2,1,5,1,3,2,3,2,1,3,4,4,4,4,3,4,4,2,1,2,3,2,3,3,3,4,2,2,3,5,3,2,390844,0,1
DEMO5K-4856,22,2,3,3,4,3,2,3,4,3,1,3,3,1,2,1,4,3,2,1,5,4,5,3,3,4,2,3,4,3,2,2,3,579394,0,1
DEMO5K-4857,19,1,2,2,1,2,2,3,3,3,4,3,4,4,4,4,3,3,5,5,2,5,3,5,5,3,2,2,1,5,3,1,3,322096,0,0
DEMO5K-4858,32,1,1,5,3,3,3,3,2,3,3,3,3,3,3,4,3,1,3,1,3,3,3,2,4,4,2,3,3,4,5,1,3,348761,0,1
DEMO5K-4859,24,2,2,4,3,3,2,1,2,3,4,3,3,5,2,3,2,3,3,1,4,5,4,5,5,5,3,2,3,3,2,3,4,342359,0,1
DEMO5K-4860,20,2,1,3,3,4,2,1,2,2,3,3,1,1,2,3,2,1,1,1,3,4,2,4,3,4,3,5,5,3,3,4,4,352778,0,1
DEMO5K-4861,27,2,2,4,4,2,4,5,2,3,2,5,1,1,3,2,3,2,2,1,3,4,3,2,4,3,2,3,2,3,3,1,2,381165,0,1
DEMO5K-4862,23,1,2,4,3,1,5,3,1,5,4,4,5,5,4,4,5,5,4,1,4,5,5,5,5,5,4,4,5,5,4,5,4,61665,1,1
DEMO5K-4863,21,1,2,3,4,3,2,2,2,4,3,3,4,3,3,2,5,5,3,1,1,1,3,2,2,2,3,1,1,1,1,3,1,472280,0,1
DEMO5K-4864,21,2,3,3,1,4,1,2,5,2,2,2,3,2,4,3,2,3,5,1,2,2,2,3,4,3,2,3,1,3,3,4,2,683534,0,1
DEMO5K-4865,33,2,3,4,3,2,3,4,3,3,2,2,2,2,3,3,2,3,2,1,3,2,3,5,3,5,1,3,3,3,3,2,3,620804,0,1
DEMO5K-4866,26,2,2,1,4,3,4,5,4,4,2,2,4,4,5,5,5,5,5,1,4,4,5,3,4,3,5,5,3,5,5,4,4,499226,0,1
DEMO5K-4867,35,2,2,5,1,5,1,2,5,1,1,3,1,2,2,3,2,1,2,1,3,1,1,1,3,3,3,1,3,2,3,2,5,461673,0,1
DEMO5K-4868,27,1,3,4,3,3,2,3,2,3,5,1,2,4,3,2,2,3,3,1,2,3,3,2,1,3,3,1,1,2,2,2,4,690832,0,1
DEMO5K-4869,29,2,3,2,4,1,3,3,1,4,2,2,5,3,4,3,3,3,5,1,3,4,4,2,3,4,2,3,1,2,2,2,3,467059,0,1
DEMO5K-4870,20,1,2,1,3,3,5,3,3,4,3,2,3,3,2,2,3,2,4,1,1,4,4,5,4,3,5,5,5,3,3,5,3,372926,0,1
DEMO5K-4871,17,2,2,3,1,5,3,1,5,2,2,2,1,1,1,3,2,3,1,1,3,2,2,1,4,3,1,1,2,2,2,4,4,580659,0,1
DEMO5K-4872,34,2,3,3,2,3,3,3,3,3,1,4,3,4,2,3,3,3,2,1,4,3,3,4,4,4,3,2,2,3,1,2,3,450926,0,1
DEMO5K-4873,19,2,2,1,4,1,4,5,1,5,5,5,3,1,1,1,4,3,4,1,3,4,3,4,4,4,4,3,2,3,3,4,4,307072,0,1
DEMO5K-4874,26,2,1,1,1,4,3,3,2,4,4,4,3,2,2,2,3,3,2,1,3,3,2,2,4,3,5,4,3,4,3,5,3,394314,0,1
DEMO5K-4875,26,1,1,5,4,3,4,1,4,3,3,4,3,2,2,1,1,2,3,1,4,4,4,1,3,3,4,3,2,2,2,4,4,306521,0,1
DEMO5K-4876,25,2,2,3,1,3,2,3,3,3,3,3,5,5,3,3,4,3,3,1,3,2,2,3,2,2,5,4,5,4,2,4,4,635352,0,1
DEMO5K-4877,27,2,3,4,3,3,3,5,4,2,4,4,2,3,5,3,3,3,5,1,3,4,4,4,2,4,4,3,2,2,2,2,3,347403,0,1
DEMO5K-4878,17,2,3,2,4,3,3,4,2,3,5,5,4,5,4,5,4,5,5,5,3,4,4,4,5,3,3,3,5,3,4,4,3,649625,0,0
DEMO5K-4879,30,2,2,3,3,5,1,1,3,3,2,1,4,3,4,4,5,4,3,1,4,3,3,3,4,2,4,2,3,4,3,4,4,403181,0,1
DEMO5K-4880,18,1,2,1,3,3,1,4,5,3,2,1,3,3,5,3,3,4,3,1,2,2,1,1,1,2,1,1,2,1,1,2,1,513181,0,1
DEMO5K-4881,32,1,3,3,2,3,2,4,5,2,4,2,2,2,3,1,2,1,2,1,4,3,3,5,3,3,3,3,4,5,2,3,4,579400,0,1
DEMO5K-4882,32,2,3,1,4,1,3,4,3,4,3,3,2,2,3,3,3,3,4,1,2,2,2,2,3,3,4,3,5,3,2,3,3,411402,0,1
DEMO5K-4883,18,1,2,4,2,5,4,1,2,3,1,3,2,4,3,4,1,1,3,1,2,2,4,2,4,3,2,1,3,3,2,2,1,481166,0,1
DEMO5K-4884,35,1,1,4,3,3,2,3,2,3,3,5,4,2,4,5,4,5,4,1,5,5,3,3,5,3,3,3,3,3,3,3,2,682721,0,1
DEMO5K-4885,21,2,3,2,3,4,3,3,5,1,3,1,2,2,2,3,1,2,1,1,1,3,3,3,3,2,2,3,4,4,4,4,5,478492,0,1
DEMO5K-4886,25,2,2,4,2,3,4,3,4,3,5,2,4,3,3,3,2,2,4,1,4,4,3,3,3,4,4,3,5,4,5,3,3,670313,0,1
DEMO5K-4887,34,1,3,1,3,5,1,2,4,1,2,3,4,1,1,1,3,2,3,1,3,1,2,1,3,2,3,4,3,4,5,4,4,323796,0,1
DEMO5K-4888,17,2,2,5,3,1,3,5,1,3,4,5,4,4,3,2,3,4,4,1,3,3,5,4,5,3,5,5,4,4,5,4,4,78183,1,1
DEMO5K-4889,31,2,1,3,3,2,4,4,1,4,4,4,3,3,3,3,3,4,3,1,1,3,3,2,2,3,2,3,4,5,3,3,2,441446,0,1
DEMO5K-4890,27,1,2,1,3,3,3,3,5,4,2,2,2,4,3,3,1,2,5,5,1,2,1,3,3,1,3,2,2,2,3,3,3,560716,0,0
DEMO5K-4891,21,2,3,4,3,2,3,3,1,4,5,2,2,3,2,2,2,2,3,1,3,4,3,2,3,2,4,4,3,3,4,5,4,514542,0,1
DEMO5K-4892,33,1,3,3,1,3,4,4,3,3,3,2,4,4,1,3,2,4,2,1,5,3,2,5,4,3,2,3,2,1,2,2,2,482018,0,1
DEMO5K-4893,23,2,2,5,2,1,5,4,2,4,2,5,4,5,3,4,3,2,3,1,4,5,3,3,3,2,2,2,2,3,2,2,2,349644,0,1
DEMO5K-4894,31,2,3,5,3,4,3,2,3,3,2,1,4,2,3,4,5,2,5,1,4,2,4,2,1,2,1,3,3,3,4,2,1,338203,0,1
DEMO5K-4895,17,2,3,1,1,2,4,3,3,5,5,4,2,2,3,5,3,3,2,1,2,2,5,4,3,2,5,5,3,2,4,3,4,448480,0,1
DEMO5K-4896,25,1,2,5,4,3,3,3,4,2,2,3,5,5,4,5,3,4,3,1,3,2,5,2,2,4,2,4,2,3,5,3,1,632209,0,1
DEMO5K-4897,27,2,1,2,3,4,1,1,4,1,1,1,1,1,1,1,2,2,2,1,2,3,2,2,3,3,3,3,4,3,2,3,4,343265,0,1
DEMO5K-4898,28,1,3,3,3,2,4,2,3,2,3,2,4,5,5,4,4,5,5,4,4,4,4,4,2,5,3,3,1,1,1,2,3,528376,0,0
DEMO5K-4899,17,2,2,2,1,3,3,3,4,3,4,4,2,1,4,4,4,3,3,1,3,2,2,3,2,3,1,1,2,3,3,3,3,627111,0,1
DEMO5K-4900,26,1,3,5,4,2,4,5,2,3,4,4,3,4,3,3,4,5,3,1,2,2,3,5,3,3,4,2,3,2,4,3,3,304104,0,1
DEMO5K-4901,34,1,1,1,3,4,3,1,3,1,2,3,5,4,5,5,4,5,3,1,2,1,2,3,1,2,4,2,2,3,2,3,3,693376,0,1
DEMO5K-4902,22,1,2,3,2,3,2,3,2,4,4,2,4,4,4,4,5,5,1,5,2,3,4,1,2,4,4,5,4,5,4,4,5,552657,0,0
DEMO5K-4903,20,2,2,2,3,2,3,4,4,3,2,4,2,1,2,1,3,2,4,1,1,2,2,1,3,3,1,3,3,1,3,3,3,321106,0,1
DEMO5K-4904,23,2,2,4,1,4,1,4,4,2,1,3,3,2,1,4,2,2,2,1,2,3,4,3,3,5,2,3,2,3,2,2,3,512526,0,1
DEMO5K-4905,19,2,3,1,4,3,2,3,4,3,2,3,2,1,1,1,1,1,2,1,5,4,3,3,3,4,2,4,3,3,3,3,3,366505,0,1
DEMO5K-4906,21,1,1,4,4,5,2,2,4,2,1,2,3,3,3,5,4,4,3,1,5,2,2,4,4,4,4,4,4,2,4,4,4,623427,0,1
DEMO5K-4907,25,2,2,2,2,3,2,4,4,4,4,4,2,3,3,3,3,4,3,1,4,2,4,2,3,2,3,3,3,2,2,3,2,439019,0,1
DEMO5K-4908,30,2,2,2,3,2,4,5,4,3,4,3,4,1,3,2,3,3,3,1,5,4,1,1,4,3,4,4,3,2,3,4,4,358917,0,1
DEMO5K-4909,35,1,3,2,2,5,2,2,4,3,4,4,2,1,1,3,4,4,4,1,1,1,3,5,1,1,4,2,3,3,3,2,3,688266,0,1
DEMO5K-4910,19,2,3,5,3,5,1,3,3,1,2,1,1,1,1,1,1,2,1,1,1,3,2,2,2,2,1,2,2,1,1,2,1,568444,0,1
DEMO5K-4911,29,2,1,2,3,4,3,2,3,2,2,1,2,2,4,1,2,3,4,1,2,3,3,3,3,2,1,1,1,2,1,2,2,689847,0,1
DEMO5K-4912,35,1,1,1,1,3,2,4,2,3,5,4,4,4,5,4,3,3,5,1,3,4,3,2,3,3,4,3,3,3,3,4,1,348135,0,1
DEMO5K-4913,34,2,2,1,4,2,3,5,2,4,3,5,3,2,4,1,3,1,2,1,4,4,3,5,4,3,2,3,2,3,4,4,3,510569,0,1
DEMO5K-4914,25,1,3,3,4,5,1,1,3,1,1,1,1,3,2,3,1,2,2,1,1,2,1,2,1,3,3,3,2,3,1,2,2,456973,0,1
DEMO5K-4915,34,1,3,5,2,3,2,4,2,3,5,2,4,5,5,4,2,3,4,3,3,4,5,5,4,5,5,5,4,4,3,3,3,448589,0,0
DEMO5K-4916,24,2,2,5,2,3,2,2,1,2,5,4,2,2,3,1,3,3,2,1,1,2,3,2,2,2,1,3,1,4,2,1,3,515776,0,1
DEMO5K-4917,20,1,3,3,3,3,3,1,2,4,3,4,1,3,1,3,1,4,4,1,4,3,1,2,1,2,1,3,2,2,1,4,3,544999,0,1
DEMO5K-4918,20,1,1,1,3,3,1,2,4,1,2,2,1,1,1,1,1,1,2,1,4,3,3,4,3,2,3,2,2,4,4,3,3,454043,0,1
DEMO5K-4919,17,2,3,1,1,3,3,4,1,2,4,3,3,3,4,4,5,3,4,1,2,2,4,4,4,3,1,3,2,3,2,2,3,356606,0,1
DEMO5K-4920,33,2,3,4,4,1,4,4,2,4,5,4,3,2,3,2,4,3,4,1,4,3,5,2,3,5,3,4,2,5,3,4,5,363916,0,1
DEMO5K-4921,17,2,3,4,3,1,4,3,2,5,2,3,2,5,4,2,5,4,3,1,3,3,3,2,3,2,3,1,3,3,4,4,4,501339,0,1
DEMO5K-4922,33,1,2,3,3,2,4,5,4,4,4,4,3,3,3,1,1,3,1,1,4,4,3,3,2,1,5,5,5,5,5,5,4,449174,0,1
DEMO5K-4923,22,1,2,2,3,2,3,4,2,4,4,4,3,3,4,3,5,5,3,1,4,5,5,4,4,4,2,2,3,2,4,4,3,613101,0,1
DEMO5K-4924,35,2,2,3,4,3,2,3,3,2,3,3,3,3,2,1,1,1,3,1,3,1,2,1,1,2,3,4,3,1,3,3,2,54140,1,1
DEMO5K-4925,29,2,2,4,4,3,3,4,2,3,4,3,4,3,5,5,5,5,5,1,3,3,4,3,5,4,5,5,3,3,3,4,4,430488,0,1
DEMO5K-4926,30,1,2,4,1,3,4,4,4,4,4,3,4,2,5,5,3,4,5,1,3,5,5,3,2,4,3,3,1,2,2,3,5,63978,1,1
DEMO5K-4927,35,2,2,1,3,5,3,3,3,5,3,1,3,1,3,1,2,3,1,1,4,3,3,5,3,4,1,2,1,1,2,4,1,302528,0,1
DEMO5K-4928,31,1,3,3,3,4,3,3,2,2,3,2,4,3,4,5,3,2,5,1,2,3,3,1,3,1,4,2,4,3,3,1,1,473565,0,1
DEMO5K-4929,25,2,1,2,2,1,5,5,2,3,4,4,3,4,2,3,1,3,3,1,2,2,3,3,3,3,2,3,3,3,3,3,5,47718,1,1
DEMO5K-4930,20,2,3,5,2,4,3,4,4,2,3,3,4,3,3,5,5,3,2,1,3,2,3,3,2,2,2,4,3,3,2,1,1,522821,0,1
DEMO5K-4931,23,2,3,3,3,3,4,4,2,3,4,4,3,4,2,1,3,4,5,1,3,4,4,3,3,3,3,4,5,5,5,4,5,621970,0,1
DEMO5K-4932,29,2,2,4,2,4,2,2,5,2,1,3,2,2,3,1,2,1,2,1,1,1,1,2,3,1,4,4,4,3,5,3,4,542099,0,1
DEMO5K-4933,33,1,1,5,3,2,2,3,2,2,3,2,3,3,2,3,4,3,4,1,4,4,2,2,3,4,5,5,5,5,5,5,5,45333,1,1
DEMO5K-4934,18,2,2,5,3,5,2,3,4,2,2,3,3,2,1,2,4,3,3,1,3,1,1,1,1,2,5,2,3,4,2,2,3,468292,0,1
DEMO5K-4935,24,2,3,3,2,2,4,5,1,3,4,5,2,4,3,1,4,3,2,1,3,3,5,4,4,2,4,3,5,4,4,4,3,322967,0,1
DEMO5K-4936,21,1,1,2,4,3,4,3,3,3,4,3,2,2,3,1,2,4,3,1,4,5,2,3,4,2,1,2,3,3,1,3,1,524760,0,1
DEMO5K-4937,26,1,2,4,4,5,2,1,4,4,4,1,4,3,4,4,4,4,2,1,4,4,5,4,4,4,3,2,3,4,2,3,5,669566,0,1
DEMO5K-4938,27,2,2,4,3,3,3,2,3,3,4,3,4,3,4,4,4,3,4,5,4,3,3,2,4,3,3,4,2,3,3,3,3,495740,0,0
DEMO5K-4939,29,1,2,5,4,3,3,3,4,3,5,3,1,1,2,2,1,2,2,1,5,4,5,4,2,3,1,3,4,2,4,3,4,549253,0,1
DEMO5K-4940,22,1,3,2,3,4,3,2,4,2,3,3,4,5,5,4,3,4,4,1,4,2,4,3,4,4,3,3,3,3,5,4,2,471042,0,1
DEMO5K-4941,30,1,3,2,2,3,4,3,2,3,4,3,2,2,3,1,1,5,2,1,3,2,2,1,5,2,3,3,3,3,3,1,2,615809,0,1
DEMO5K-4942,33,1,2,1,2,4,3,4,3,3,4,2,3,3,3,2,3,2,4,5,2,2,5,2,3,5,5,4,5,5,5,5,4,61476,1,0
DEMO5K-4943,20,2,2,5,2,4,4,5,3,5,3,3,2,2,3,2,4,2,3,1,4,4,4,3,4,3,5,5,5,5,3,5,3,328101,0,1
DEMO5K-4944,29,1,2,2,4,4,3,2,4,3,2,3,3,5,3,4,2,3,1,1,3,3,4,4,3,4,4,3,2,3,2,4,2,596536,0,1
DEMO5K-4945,23,2,1,4,3,2,1,2,4,2,2,3,2,1,4,1,3,3,3,1,2,2,3,4,3,4,3,3,4,1,3,4,2,585208,0,1
DEMO5K-4946,21,2,2,5,2,2,1,4,4,2,2,3,2,1,2,3,2,1,5,1,3,2,1,2,3,2,2,2,3,2,2,3,2,493579,0,1
DEMO5K-4947,30,2,1,5,4,2,5,5,3,3,3,3,3,4,2,2,4,5,3,1,1,2,3,2,2,3,5,3,2,3,4,5,4,360278,0,1
DEMO5K-4948,23,2,1,1,4,3,2,4,2,2,1,3,3,5,4,3,4,2,5,1,2,2,3,1,2,2,4,2,4,4,3,2,2,497333,0,1
DEMO5K-4949,21,2,3,1,4,3,2,3,4,3,2,3,5,5,5,3,3,3,2,1,4,5,4,4,3,4,5,3,4,3,4,2,4,449643,0,1
DEMO5K-4950,27,2,1,5,3,1,4,5,4,5,5,5,2,4,3,3,4,3,3,1,3,2,3,4,3,1,1,4,1,2,2,3,3,449522,0,1
DEMO5K-4951,26,2,3,4,3,3,4,3,3,4,2,4,3,3,2,4,2,4,3,1,2,2,2,3,1,2,3,1,3,1,2,3,3,352169,0,1
DEMO5K-4952,20,1,3,4,4,1,3,5,2,3,3,3,4,5,4,5,5,3,4,1,3,2,4,3,2,1,3,1,3,2,2,3,2,78233,1,1
DEMO5K-4953,25,2,3,2,2,3,3,2,3,5,3,3,5,5,4,3,4,4,4,1,4,3,3,4,2,4,4,5,3,3,3,3,4,486516,0,1
DEMO5K-4954,35,1,3,2,3,4,2,2,3,1,2,3,2,2,3,3,3,2,2,1,2,3,1,3,3,2,3,2,2,3,1,1,3,597803,0,1
DEMO5K-4955,26,2,3,3,3,3,2,3,2,2,4,2,2,4,4,4,4,3,4,1,4,4,2,2,4,4,4,5,4,5,5,5,5,407189,0,1
DEMO5K-4956,19,1,3,5,2,4,3,2,1,3,2,3,4,5,3,5,4,4,4,1,3,2,4,3,4,3,4,5,3,5,3,5,4,642347,0,1
DEMO5K-4957,22,2,3,3,2,3,4,4,1,2,3,4,1,2,3,2,2,3,3,1,2,3,3,3,1,3,3,3,3,4,4,5,3,506909,0,1
DEMO5K-4958,23,1,2,5,4,4,3,3,3,4,2,4,3,4,4,4,3,3,3,1,5,3,5,4,4,5,2,1,3,5,3,4,1,584519,0,1
DEMO5K-4959,35,2,2,4,2,2,5,5,3,2,4,3,5,3,3,4,4,3,3,1,3,4,2,5,3,3,4,3,2,2,4,3,3,64332,1,1
DEMO5K-4960,32,2,3,3,3,2,4,5,3,5,4,4,3,1,4,2,3,2,2,1,3,3,3,3,1,3,3,1,2,4,3,4,2,364949,0,1
DEMO5K-4961,21,2,2,5,4,3,3,3,3,4,4,3,4,2,4,3,2,2,3,1,4,3,4,3,2,5,2,4,5,5,5,4,4,638733,0,1
DEMO5K-4962,21,2,3,3,3,4,4,3,3,2,3,2,5,4,3,2,4,5,4,1,4,3,3,2,3,3,4,3,5,5,3,2,5,450903,0,1
DEMO5K-4963,18,1,2,3,2,5,1,1,3,3,2,2,4,2,3,4,2,4,4,1,2,3,2,5,2,2,2,5,4,3,4,5,4,659896,0,1
DEMO5K-4964,23,1,3,3,3,4,1,3,2,4,4,4,3,2,1,1,4,1,1,1,2,2,1,2,2,1,1,4,3,4,3,2,2,440833,0,1
DEMO5K-4965,30,2,2,2,1,3,4,4,3,4,5,4,3,2,3,4,3,4,3,1,3,4,3,4,5,5,4,4,5,5,5,5,4,401677,0,1
DEMO5K-4966,18,2,1,3,3,3,2,3,4,3,3,3,4,4,2,4,4,5,2,1,5,4,4,5,4,3,2,2,2,3,5,3,2,689954,0,1
DEMO5K-4967,34,1,1,4,4,2,2,2,3,2,1,2,4,3,3,4,3,2,2,1,3,4,3,3,3,3,3,3,4,3,3,4,3,611109,0,1
DEMO5K-4968,30,1,3,1,2,3,4,2,2,2,3,2,4,4,1,4,2,3,4,1,4,4,5,4,4,5,2,3,2,1,3,1,2,383215,0,1
DEMO5K-4969,21,2,2,1,4,2,3,3,4,1,3,2,5,4,2,3,4,4,5,1,3,4,2,3,3,3,4,5,3,2,4,5,3,422756,0,1
DEMO5K-4970,29,2,2,2,1,3,4,4,3,5,4,3,3,2,5,5,5,5,2,1,5,5,4,5,5,4,3,4,5,4,3,5,5,552360,0,1
DEMO5K-4971,30,2,1,2,3,2,3,3,2,4,4,2,5,5,5,3,4,5,5,1,3,5,5,5,5,5,4,2,2,2,3,4,4,76987,1,1
DEMO5K-4972,32,1,2,3,3,4,2,2,4,3,2,2,3,4,4,4,3,3,3,1,1,1,3,2,2,2,4,3,3,2,3,1,3,54557,1,1
DEMO5K-4973,18,1,3,1,2,2,2,5,3,5,5,3,3,3,3,4,3,4,5,1,3,3,3,3,3,4,2,5,3,4,4,2,4,391110,0,1
DEMO5K-4974,34,2,2,1,4,3,2,1,4,2,1,2,2,1,2,5,3,3,3,1,2,3,2,2,1,2,3,2,3,3,2,2,2,601337,0,1
DEMO5K-4975,26,2,3,5,1,3,2,5,2,2,2,4,4,4,4,5,5,5,4,1,5,2,3,3,3,3,3,2,4,3,4,4,3,311591,0,1
DEMO5K-4976,28,2,3,1,2,3,2,1,5,2,2,3,3,2,3,1,3,3,1,1,3,3,1,2,2,3,3,2,3,3,2,3,1,550109,0,1
DEMO5K-4977,34,1,3,2,2,2,2,5,2,4,5,4,5,3,3,4,4,3,3,1,1,3,4,3,3,3,5,5,4,4,5,2,4,347589,0,1
DEMO5K-4978,22,2,2,1,3,1,2,4,2,2,3,5,2,4,4,4,5,4,5,1,3,2,5,3,3,3,5,5,3,4,4,3,4,650621,0,1
DEMO5K-4979,22,2,2,1,2,3,2,3,4,2,4,3,2,3,4,4,3,1,3,1,4,1,2,3,3,3,4,3,2,3,2,2,3,415887,0,1
DEMO5K-4980,32,2,2,2,2,3,2,2,5,1,3,2,3,2,5,2,5,4,5,1,5,3,4,5,4,4,3,2,2,2,4,3,2,436143,0,1
DEMO5K-4981,30,2,2,1,3,3,3,1,3,4,3,4,5,4,3,5,5,4,3,1,3,3,3,2,2,1,5,4,4,5,5,4,5,476608,0,1
DEMO5K-4982,25,2,3,1,2,5,2,1,3,1,1,1,2,1,3,2,1,1,2,1,1,1,2,1,1,2,2,2,2,1,2,1,1,582479,0,1
DEMO5K-4983,23,1,2,4,4,3,1,3,2,2,3,1,2,1,4,1,2,2,3,1,3,4,4,3,3,3,4,4,4,3,3,3,4,546854,0,1
DEMO5K-4984,24,2,2,4,3,2,4,2,3,2,3,2,2,3,2,2,4,2,3,1,4,2,3,3,3,1,3,3,3,5,4,2,3,382255,0,1
DEMO5K-4985,28,2,2,3,3,1,4,3,2,3,4,3,3,2,3,3,3,4,4,1,2,2,4,2,3,4,2,4,4,5,3,4,4,646580,0,1
DEMO5K-4986,34,2,3,5,1,3,2,3,4,3,3,4,4,4,3,5,3,3,1,1,3,3,3,4,4,3,5,4,4,4,4,3,5,357747,0,1
DEMO5K-4987,35,1,3,5,2,5,1,2,5,1,1,1,1,2,1,3,3,3,3,1,3,1,3,1,1,2,2,4,1,2,4,1,3,327061,0,1
DEMO5K-4988,35,2,2,4,4,3,1,4,4,1,1,3,1,1,2,2,1,2,1,1,1,3,4,3,2,2,3,4,3,3,4,1,2,567210,0,1
DEMO5K-4989,34,2,3,5,4,5,2,2,3,3,1,2,3,4,3,4,2,4,3,1,3,4,5,5,3,4,3,1,3,3,3,2,3,470697,0,1
DEMO5K-4990,23,2,2,5,1,1,2,2,3,3,2,2,3,4,4,5,3,3,4,1,4,4,5,4,4,4,3,4,4,4,2,3,2,600734,0,1
DEMO5K-4991,23,2,2,2,4,4,1,1,4,1,2,3,2,3,3,3,2,3,3,1,3,2,1,2,3,2,2,2,3,4,3,2,2,341171,0,1
DEMO5K-4992,20,2,2,5,4,4,3,3,2,1,3,4,2,3,3,2,4,2,4,1,3,4,1,2,3,5,2,4,2,3,2,2,4,439446,0,1
DEMO5K-4993,19,2,3,5,3,1,5,5,1,5,5,5,5,2,3,4,4,5,5,1,3,5,4,4,5,5,4,4,3,5,3,5,2,586475,0,1
DEMO5K-4994,30,2,1,5,4,3,2,4,3,3,3,2,2,3,2,3,2,4,2,1,2,2,3,1,2,3,2,4,3,5,3,3,4,363562,0,1
DEMO5K-4995,31,2,2,4,1,3,2,2,2,3,3,4,2,3,5,2,4,5,2,1,3,4,5,5,4,5,3,4,4,3,5,2,4,65931,1,1
DEMO5K-4996,27,2,3,3,1,1,3,2,2,3,5,4,2,2,2,3,2,4,2,1,4,2,2,4,1,3,3,4,3,3,4,4,5,68377,1,1
DEMO5K-4997,18,1,2,2,3,3,4,3,4,1,2,2,3,3,2,5,3,4,3,1,2,1,2,1,2,2,3,4,3,3,3,3,2,696315,0,1
DEMO5K-4998,25,1,2,3,2,3,1,4,2,3,2,3,4,3,3,5,4,2,3,1,3,4,5,5,3,3,3,5,3,4,3,5,4,304248,0,1
DEMO5K-4999,17,2,1,3,2,4,3,2,3,3,3,3,1,1,2,1,1,1,2,1,4,3,5,3,3,3,2,3,3,2,2,3,3,361137,0,1
DEMO5K-5000,28,2,3,5,4,4,4,2,3,4,2,3,4,4,2,2,3,3,3,1,1,2,2,2,2,2,1,1,1,1,2,2,3,310055,0,1
